{"type":"FeatureCollection","features":[{"type":"Feature","properties":{"zipCode":"98563"},"geometry":{"type":"Polygon","coordinates":[[[-123.8284,47.3406],[-123.825,47.3421],[-123.8284,47.3445],[-123.8187,47.3466],[-123.8061,47.3725],[-123.78,47.3839],[-123.783,47.386],[-123.7765,47.3904],[-123.7783,47.3947],[-123.772,47.3962],[-123.7652,47.4137],[-123.7602,47.4139],[-123.7598,47.4269],[-123.7511,47.4307],[-123.7525,47.4364],[-123.7138,47.4532],[-123.7078,47.4614],[-123.7117,47.4619],[-123.7016,47.4648],[-123.6971,47.473],[-123.6959,47.5177],[-123.5059,47.5177],[-123.5055,47.281],[-123.5095,47.2761],[-123.5079,47.2506],[-123.5143,47.2241],[-123.5102,47.2234],[-123.5154,47.2172],[-123.5168,47.196],[-123.5101,47.1677],[-123.5174,47.1666],[-123.5007,47.157],[-123.4899,47.1385],[-123.5109,47.1173],[-123.504,47.1109],[-123.5076,47.1086],[-123.5001,47.0995],[-123.4964,47.1019],[-123.4897,47.0972],[-123.4897,47.0908],[-123.4736,47.097],[-123.4834,47.0825],[-123.4781,47.0691],[-123.4989,47.0609],[-123.5002,47.0554],[-123.5113,47.055],[-123.5119,47.0439],[-123.5267,47.0364],[-123.5185,47.0239],[-123.5104,47.0269],[-123.5094,47.0151],[-123.4991,47.0119],[-123.495,47.0013],[-123.4848,46.9945],[-123.4918,46.9849],[-123.483,46.9779],[-123.5117,46.9657],[-123.5122,46.9521],[-123.5018,46.9521],[-123.5029,46.9437],[-123.5203,46.9399],[-123.5166,46.9328],[-123.5196,46.9302],[-123.4997,46.9088],[-123.4662,46.9034],[-123.4405,46.888],[-123.445,46.8805],[-123.4349,46.8753],[-123.4441,46.8715],[-123.4524,46.8536],[-123.4836,46.8463],[-123.4832,46.8676],[-123.5876,46.8674],[-123.5878,46.9086],[-123.6167,46.9086],[-123.6279,46.9039],[-123.6331,46.9069],[-123.6351,46.9178],[-123.6671,46.9212],[-123.6661,46.9297],[-123.6763,46.9295],[-123.6763,46.9366],[-123.6706,46.9376],[-123.6951,46.9344],[-123.7502,46.9443],[-123.7648,46.9511],[-123.7631,46.9567],[-123.7443,46.9614],[-123.7431,46.9521],[-123.7341,46.9455],[-123.7302,46.9524],[-123.7194,46.9484],[-123.6918,46.958],[-123.6601,46.9587],[-123.6753,46.9695],[-123.6712,46.9752],[-123.6759,46.9809],[-123.6764,46.9949],[-123.7359,46.9946],[-123.7353,47.0803],[-123.7241,47.0802],[-123.7248,47.084],[-123.7116,47.0922],[-123.6955,47.1187],[-123.6924,47.1345],[-123.6762,47.1519],[-123.6572,47.1586],[-123.6625,47.165],[-123.6495,47.1739],[-123.6483,47.1917],[-123.6564,47.1976],[-123.6478,47.2125],[-123.6765,47.2228],[-123.6718,47.2366],[-123.6642,47.2426],[-123.6536,47.2429],[-123.6546,47.2387],[-123.6389,47.2223],[-123.6355,47.2331],[-123.6507,47.2423],[-123.6453,47.2462],[-123.65,47.2572],[-123.6415,47.2604],[-123.6593,47.2662],[-123.653,47.2678],[-123.65,47.2786],[-123.6606,47.2854],[-123.6453,47.2891],[-123.6526,47.2911],[-123.6532,47.2998],[-123.6386,47.313],[-123.6456,47.3258],[-123.6428,47.3288],[-123.6559,47.334],[-123.6403,47.3389],[-123.6452,47.345],[-123.6967,47.3445],[-123.6958,47.2989],[-123.7548,47.3022],[-123.7545,47.327],[-123.8264,47.3299],[-123.828,47.3379],[-123.8284,47.3406]]]}},{"type":"Feature","properties":{"zipCode":"98014"},"geometry":{"type":"Polygon","coordinates":[[[-122.0059,47.709],[-121.9844,47.709],[-121.9729,47.695],[-121.9453,47.6909],[-121.9472,47.6982],[-121.9533,47.7005],[-121.936,47.7116],[-121.9122,47.7046],[-121.9005,47.6942],[-121.8925,47.7144],[-121.865,47.7125],[-121.8712,47.7204],[-121.8565,47.7229],[-121.8478,47.7433],[-121.8541,47.763],[-121.8496,47.7769],[-121.6668,47.7772],[-121.6711,47.7494],[-121.6954,47.7466],[-121.7183,47.7324],[-121.7199,47.726],[-121.7123,47.721],[-121.7087,47.7054],[-121.7154,47.6889],[-121.7465,47.6927],[-121.7546,47.6994],[-121.7853,47.6981],[-121.8124,47.6772],[-121.8076,47.674],[-121.8128,47.6724],[-121.8151,47.6599],[-121.8304,47.6515],[-121.8268,47.6393],[-121.8313,47.6367],[-121.8312,47.6267],[-121.8445,47.6219],[-121.8406,47.6178],[-121.8592,47.6141],[-121.8723,47.6018],[-121.8857,47.605],[-121.8857,47.6007],[-121.9072,47.6009],[-121.9056,47.5914],[-121.9137,47.5886],[-121.9156,47.5952],[-121.9228,47.5913],[-121.9088,47.5835],[-121.923,47.5909],[-121.914,47.5971],[-121.9176,47.6004],[-121.9145,47.6041],[-121.9246,47.5958],[-121.9283,47.6072],[-121.9425,47.6097],[-121.9442,47.6154],[-121.9495,47.6153],[-121.9495,47.6078],[-121.9595,47.6079],[-121.9586,47.6187],[-121.9705,47.6233],[-121.9704,47.6299],[-121.9563,47.6315],[-121.9564,47.6352],[-121.9496,47.6364],[-121.9496,47.6443],[-121.9544,47.6443],[-121.9658,47.6588],[-121.9845,47.6589],[-121.9814,47.6735],[-121.9866,47.6735],[-122.0054,47.7078],[-122.0059,47.709]]]}},{"type":"Feature","properties":{"zipCode":"98237"},"geometry":{"type":"Polygon","coordinates":[[[-121.9527,48.5208],[-121.9252,48.518],[-121.9215,48.5204],[-121.9275,48.5267],[-121.9194,48.5277],[-121.9202,48.6447],[-121.8758,48.6442],[-121.862,48.6547],[-121.8515,48.6681],[-121.8515,48.7166],[-121.7898,48.7166],[-121.7741,48.7023],[-121.7515,48.6912],[-121.7343,48.6891],[-121.7232,48.6807],[-121.7085,48.6844],[-121.6933,48.713],[-121.6952,48.7167],[-121.6823,48.7173],[-121.6603,48.7354],[-121.619,48.7323],[-121.5848,48.7454],[-121.5731,48.7439],[-121.5686,48.7386],[-121.5532,48.7434],[-121.5551,48.7477],[-121.5446,48.757],[-121.5433,48.7644],[-121.5436,48.702],[-121.5643,48.6861],[-121.5737,48.6608],[-121.5645,48.6586],[-121.5628,48.6521],[-121.5527,48.6533],[-121.5324,48.6423],[-121.5666,48.6424],[-121.512,48.6234],[-121.5011,48.6031],[-121.457,48.5967],[-121.4244,48.5698],[-121.472,48.5199],[-121.4844,48.5188],[-121.4844,48.5126],[-121.5049,48.5127],[-121.5051,48.5064],[-121.5327,48.5061],[-121.5328,48.5022],[-121.5925,48.5014],[-121.5932,48.4914],[-121.6311,48.4929],[-121.6288,48.4816],[-121.5932,48.4849],[-121.5856,48.4607],[-121.5917,48.4547],[-121.564,48.4595],[-121.5647,48.4473],[-121.5551,48.4388],[-121.5448,48.4452],[-121.5249,48.4481],[-121.5165,48.4389],[-121.498,48.4303],[-121.4981,48.4157],[-121.5342,48.415],[-121.536,48.405],[-121.5524,48.3974],[-121.5502,48.3927],[-121.5608,48.3839],[-121.5547,48.3785],[-121.5581,48.3715],[-121.5743,48.37],[-121.5776,48.299],[-121.6364,48.2985],[-121.6389,48.307],[-121.6491,48.3074],[-121.6508,48.3205],[-121.6563,48.3258],[-121.6718,48.3285],[-121.6629,48.3242],[-121.6656,48.3167],[-121.695,48.3135],[-121.7074,48.3219],[-121.7075,48.3271],[-121.7168,48.3318],[-121.726,48.3457],[-121.7388,48.3524],[-121.7337,48.3551],[-121.755,48.3684],[-121.8233,48.3726],[-121.8352,48.3864],[-121.8248,48.3942],[-121.8534,48.398],[-121.8599,48.3945],[-121.8763,48.4127],[-121.916,48.4365],[-121.9096,48.4449],[-121.9139,48.4521],[-121.8921,48.4515],[-121.8931,48.4562],[-121.8761,48.4728],[-121.869,48.4917],[-121.878,48.5093],[-121.9544,48.5199],[-121.9527,48.5208]]]}},{"type":"Feature","properties":{"zipCode":"98362"},"geometry":{"type":"Polygon","coordinates":[[[-123.4626,48.1077],[-123.4449,48.1225],[-123.395,48.1142],[-123.3538,48.1178],[-123.3327,48.113],[-123.2883,48.121],[-123.2486,48.1157],[-123.2186,48.1246],[-123.2218,48.1052],[-123.2366,48.0894],[-123.2316,48.0816],[-123.2464,48.0706],[-123.2492,48.0512],[-123.242,48.0409],[-123.2442,48.0372],[-123.2306,48.0255],[-123.2505,47.9975],[-123.2486,47.989],[-123.2404,47.982],[-123.2533,47.9686],[-123.2306,47.9686],[-123.2318,47.9248],[-123.2158,47.9242],[-123.2103,47.92],[-123.2102,47.91],[-123.2022,47.91],[-123.1887,47.8948],[-123.1772,47.8939],[-123.1671,47.8863],[-123.1671,47.8669],[-123.2923,47.8669],[-123.2924,47.9541],[-123.2974,47.9541],[-123.2974,47.9632],[-123.3119,47.9647],[-123.322,47.9743],[-123.3383,47.9751],[-123.3476,47.9854],[-123.3655,47.9922],[-123.4025,47.9795],[-123.4302,47.9811],[-123.4477,47.9772],[-123.4454,48.0525],[-123.4505,48.0538],[-123.4492,48.0624],[-123.4555,48.0669],[-123.4451,48.0859],[-123.4534,48.0965],[-123.4513,48.1079],[-123.4627,48.1068],[-123.4626,48.1077]]]}},{"type":"Feature","properties":{"zipCode":"99149"},"geometry":{"type":"Polygon","coordinates":[[[-117.4906,47.2209],[-117.4783,47.2362],[-117.4652,47.2363],[-117.4516,47.2294],[-117.4513,47.2109],[-117.4615,47.2107],[-117.4621,47.2216],[-117.4674,47.2237],[-117.4731,47.2168],[-117.4817,47.2213],[-117.4926,47.2167],[-117.4906,47.2209]]]}},{"type":"Feature","properties":{"zipCode":"98548"},"geometry":{"type":"Polygon","coordinates":[[[-123.5059,47.5034],[-123.3151,47.5058],[-123.3152,47.5104],[-123.2958,47.5211],[-123.3017,47.5304],[-123.2946,47.5395],[-123.2985,47.5457],[-123.3277,47.5499],[-123.3158,47.5641],[-123.3261,47.5665],[-123.3324,47.574],[-123.3111,47.5878],[-123.2874,47.5936],[-123.2768,47.59],[-123.2632,47.5951],[-123.2439,47.5809],[-123.207,47.5806],[-123.1814,47.5931],[-123.1433,47.6002],[-123.1213,47.5945],[-123.1151,47.5869],[-123.0802,47.5789],[-123.0696,47.5608],[-123.0805,47.5412],[-123.1105,47.5345],[-123.0981,47.5332],[-123.1021,47.5269],[-123.1147,47.5239],[-123.095,47.5199],[-123.1299,47.4812],[-123.1308,47.4676],[-123.1125,47.4579],[-123.1117,47.4505],[-123.1415,47.4036],[-123.1533,47.3755],[-123.1808,47.3769],[-123.1887,47.388],[-123.2131,47.3878],[-123.2044,47.3907],[-123.2015,47.3984],[-123.209,47.4019],[-123.2052,47.4072],[-123.2197,47.422],[-123.2268,47.4161],[-123.2439,47.4161],[-123.2299,47.4361],[-123.2344,47.4579],[-123.265,47.4809],[-123.3068,47.4858],[-123.3111,47.4808],[-123.3537,47.4691],[-123.384,47.4703],[-123.3904,47.464],[-123.3942,47.4721],[-123.3961,47.4627],[-123.3688,47.4536],[-123.3473,47.4543],[-123.31,47.4407],[-123.3212,47.4268],[-123.3198,47.4212],[-123.33,47.4169],[-123.3188,47.4113],[-123.3211,47.4055],[-123.3087,47.409],[-123.3147,47.4059],[-123.3093,47.4008],[-123.3103,47.3938],[-123.3036,47.39],[-123.3144,47.3811],[-123.3123,47.3784],[-123.292,47.3817],[-123.2799,47.3681],[-123.2979,47.3447],[-123.3343,47.3443],[-123.3552,47.3487],[-123.3702,47.3583],[-123.4167,47.3602],[-123.4882,47.3592],[-123.493,47.3484],[-123.5051,47.3441],[-123.506,47.3592],[-123.5059,47.5034]]]}},{"type":"Feature","properties":{"zipCode":"98862"},"geometry":{"type":"Polygon","coordinates":[[[-120.6566,48.5174],[-120.6543,48.5236],[-120.6423,48.5148],[-120.6466,48.52],[-120.631,48.5489],[-120.6363,48.5641],[-120.6307,48.5757],[-120.6004,48.5969],[-120.5321,48.5992],[-120.4853,48.5869],[-120.446,48.596],[-120.4264,48.592],[-120.406,48.5796],[-120.4028,48.5842],[-120.4094,48.5872],[-120.4047,48.5926],[-120.3719,48.5782],[-120.3759,48.5839],[-120.3672,48.5948],[-120.3685,48.6165],[-120.3628,48.6275],[-120.3336,48.6513],[-120.3293,48.6609],[-120.3255,48.6492],[-120.3338,48.64],[-120.2851,48.6212],[-120.2831,48.6245],[-120.2883,48.625],[-120.3004,48.6459],[-120.2737,48.6497],[-120.2738,48.657],[-120.2771,48.657],[-120.2749,48.8714],[-120.253,48.864],[-120.242,48.85],[-120.2034,48.8279],[-120.1661,48.7992],[-120.1629,48.7923],[-120.1662,48.7861],[-120.1475,48.773],[-120.1437,48.7616],[-120.1357,48.7564],[-120.1378,48.7307],[-120.1231,48.7127],[-120.1244,48.7007],[-120.0611,48.7004],[-120.0211,48.7218],[-119.9987,48.7281],[-119.9934,48.7354],[-119.9793,48.738],[-119.9528,48.7306],[-119.9415,48.7212],[-119.9619,48.7173],[-119.953,48.7055],[-119.9565,48.6996],[-119.9536,48.6987],[-119.995,48.6764],[-119.9677,48.6645],[-119.9783,48.6584],[-119.9714,48.6484],[-119.9631,48.6459],[-119.9673,48.6438],[-119.9389,48.6548],[-119.9334,48.6471],[-119.9233,48.6441],[-119.9256,48.6361],[-119.9142,48.6224],[-119.9335,48.6011],[-119.943,48.5989],[-119.9619,48.5833],[-119.9504,48.5406],[-119.9726,48.5014],[-120.0052,48.4859],[-120.0065,48.4729],[-119.9996,48.4504],[-120.0332,48.4302],[-120.049,48.4389],[-120.0658,48.4389],[-120.0606,48.4285],[-120.0631,48.4001],[-120.0925,48.4205],[-120.0957,48.4304],[-120.1132,48.431],[-120.1103,48.4203],[-120.1011,48.4153],[-120.1075,48.4121],[-120.105,48.3945],[-120.1004,48.3912],[-120.1069,48.3837],[-120.1206,48.3916],[-120.1291,48.4143],[-120.1375,48.4173],[-120.135,48.4137],[-120.1413,48.4124],[-120.1438,48.4209],[-120.1606,48.4264],[-120.1555,48.4397],[-120.1639,48.4429],[-120.1593,48.4457],[-120.1687,48.4614],[-120.1717,48.4614],[-120.1641,48.4481],[-120.1646,48.4388],[-120.1695,48.4393],[-120.1714,48.425],[-120.2268,48.4252],[-120.2193,48.4178],[-120.2325,48.4082],[-120.2306,48.4022],[-120.2411,48.4213],[-120.2704,48.4216],[-120.2754,48.4341],[-120.2721,48.438],[-120.2739,48.4781],[-120.3117,48.4834],[-120.5515,48.4844],[-120.5631,48.4542],[-120.5774,48.4614],[-120.6118,48.4664],[-120.6267,48.4759],[-120.6303,48.4847],[-120.6534,48.4848],[-120.6385,48.4963],[-120.6284,48.4969],[-120.6572,48.5073],[-120.6578,48.5156],[-120.6566,48.5174]]]}},{"type":"Feature","properties":{"zipCode":"98294"},"geometry":{"type":"Polygon","coordinates":[[[-121.8635,47.8359],[-121.8546,47.8379],[-121.8477,47.8324],[-121.8532,47.8266],[-121.8505,47.8095],[-121.8243,47.8102],[-121.8228,47.7978],[-121.813,47.7908],[-121.7929,47.7909],[-121.7785,47.7821],[-121.7558,47.7829],[-121.7484,47.7925],[-121.7165,47.7959],[-121.737,47.8069],[-121.7533,47.8083],[-121.7344,47.8123],[-121.7385,47.8195],[-121.7293,47.826],[-121.7389,47.8252],[-121.7457,47.8323],[-121.7647,47.8302],[-121.7702,47.8254],[-121.8054,47.8328],[-121.81,47.8383],[-121.8211,47.8391],[-121.8248,47.8482],[-121.8203,47.8602],[-121.831,47.8577],[-121.8315,47.8672],[-121.8253,47.8744],[-121.8354,47.8866],[-121.8289,47.8999],[-121.8101,47.9142],[-121.8095,47.9247],[-121.8018,47.9248],[-121.7972,47.9336],[-121.7835,47.9353],[-121.7782,47.9322],[-121.7818,47.9264],[-121.7441,47.9236],[-121.7453,47.9147],[-121.739,47.9083],[-121.7173,47.9026],[-121.7148,47.8982],[-121.7334,47.8914],[-121.7353,47.8865],[-121.7253,47.879],[-121.7252,47.8663],[-121.6964,47.8523],[-121.6923,47.8401],[-121.6725,47.8406],[-121.6448,47.8294],[-121.6602,47.8082],[-121.6551,47.7946],[-121.6667,47.7772],[-121.8619,47.7773],[-121.8624,47.8189],[-121.8635,47.8359]]]}},{"type":"Feature","properties":{"zipCode":"99111"},"geometry":{"type":"Polygon","coordinates":[[[-117.6845,46.9365],[-117.6602,46.9605],[-117.6163,46.9756],[-117.5758,46.9499],[-117.5673,46.9389],[-117.5351,46.9297],[-117.5221,46.9211],[-117.5224,46.939],[-117.5116,46.9391],[-117.5117,46.9537],[-117.5058,46.9516],[-117.4952,46.9605],[-117.4608,47.0008],[-117.4655,47.0133],[-117.45,47.0199],[-117.4501,47.0236],[-117.4284,47.0235],[-117.4285,47.0384],[-117.4136,47.0386],[-117.398,47.0315],[-117.3781,47.0459],[-117.3811,47.0581],[-117.3616,47.0504],[-117.3179,47.0495],[-117.3223,47.02],[-117.2846,47.0127],[-117.2762,47.0076],[-117.2775,46.9912],[-117.2631,46.991],[-117.2701,46.9864],[-117.273,46.9765],[-117.2881,46.9764],[-117.288,46.9654],[-117.2994,46.9678],[-117.3002,46.9575],[-117.2924,46.9578],[-117.2826,46.9341],[-117.2862,46.9282],[-117.2807,46.9268],[-117.2584,46.8963],[-117.2397,46.8918],[-117.244,46.8822],[-117.2038,46.8809],[-117.2121,46.8771],[-117.2122,46.8712],[-117.202,46.8701],[-117.2018,46.865],[-117.2198,46.8609],[-117.2207,46.8502],[-117.2545,46.8536],[-117.2716,46.8468],[-117.28,46.8485],[-117.2732,46.8284],[-117.2846,46.8247],[-117.2933,46.8273],[-117.3012,46.8135],[-117.2998,46.8004],[-117.312,46.7934],[-117.2916,46.7792],[-117.3024,46.7789],[-117.3076,46.7643],[-117.3179,46.7648],[-117.3185,46.7501],[-117.3401,46.7587],[-117.3342,46.7428],[-117.3611,46.7429],[-117.3614,46.7353],[-117.3726,46.7355],[-117.3729,46.7286],[-117.3999,46.7217],[-117.4224,46.7218],[-117.4194,46.7279],[-117.4446,46.7045],[-117.484,46.6994],[-117.5231,46.6805],[-117.6156,46.6764],[-117.6435,46.6996],[-117.6852,46.7049],[-117.6868,46.7123],[-117.679,46.718],[-117.6544,46.7187],[-117.5856,46.7459],[-117.5414,46.7478],[-117.5244,46.7403],[-117.502,46.7507],[-117.507,46.7665],[-117.5343,46.7635],[-117.543,46.7673],[-117.5679,46.761],[-117.577,46.769],[-117.5596,46.7898],[-117.5591,46.8036],[-117.5384,46.8084],[-117.5297,46.8226],[-117.5182,46.8293],[-117.5366,46.8279],[-117.5463,46.8332],[-117.5752,46.8302],[-117.5838,46.8354],[-117.5751,46.8436],[-117.5765,46.8491],[-117.5881,46.8561],[-117.5862,46.8771],[-117.556,46.894],[-117.5541,46.8998],[-117.5728,46.8993],[-117.5941,46.8913],[-117.6259,46.8971],[-117.6473,46.8909],[-117.6592,46.9083],[-117.6609,46.9224],[-117.6794,46.924],[-117.6877,46.9339],[-117.6845,46.9365]],[[-117.3572,47.005],[-117.3543,47.0061],[-117.3586,47.0091],[-117.3572,47.005]]]}},{"type":"Feature","properties":{"zipCode":"98283"},"geometry":{"type":"MultiPolygon","coordinates":[[[[-121.5737,48.6608],[-121.5643,48.6861],[-121.5436,48.702],[-121.5422,48.7094],[-121.5432,48.7779],[-121.5509,48.787],[-121.5635,48.7872],[-121.5636,48.8177],[-121.4339,48.8176],[-121.4339,48.9996],[-121.0939,49.001],[-121.105,48.9773],[-121.0986,48.9656],[-121.1034,48.9604],[-121.0852,48.9487],[-121.0762,48.9323],[-121.0681,48.9276],[-121.0758,48.9135],[-121.0752,48.903],[-121.063,48.8949],[-121.034,48.8613],[-121.0328,48.8482],[-121.0554,48.8284],[-121.0602,48.798],[-121.0495,48.7809],[-121.0661,48.7721],[-121.0448,48.7671],[-121.0295,48.7551],[-121.0426,48.7431],[-121.0673,48.7374],[-121.0719,48.7219],[-121.0854,48.711],[-121.1023,48.712],[-121.0954,48.691],[-121.1055,48.6897],[-121.118,48.6784],[-121.1671,48.6863],[-121.2025,48.6762],[-121.235,48.6523],[-121.2556,48.6651],[-121.2561,48.6714],[-121.2661,48.6721],[-121.2869,48.66],[-121.2878,48.6523],[-121.3027,48.6482],[-121.3091,48.6411],[-121.5324,48.6423],[-121.5527,48.6533],[-121.5628,48.6521],[-121.5645,48.6586],[-121.5737,48.6608]]],[[[-121.6311,48.4929],[-121.5932,48.4914],[-121.5925,48.5014],[-121.5051,48.5064],[-121.5049,48.5127],[-121.4844,48.5126],[-121.4823,48.5199],[-121.4708,48.5196],[-121.4523,48.5304],[-121.4506,48.5272],[-121.4631,48.521],[-121.4711,48.504],[-121.4876,48.5047],[-121.4732,48.5027],[-121.4719,48.4945],[-121.5019,48.4812],[-121.4923,48.4695],[-121.4981,48.4621],[-121.4961,48.4549],[-121.5083,48.4537],[-121.5198,48.4435],[-121.5282,48.4483],[-121.5551,48.4388],[-121.5647,48.4473],[-121.564,48.4595],[-121.5917,48.4547],[-121.5856,48.4607],[-121.5932,48.4849],[-121.6288,48.4816],[-121.6314,48.4905],[-121.6311,48.4929]]]]}},{"type":"Feature","properties":{"zipCode":"98557"},"geometry":{"type":"Polygon","coordinates":[[[-123.3305,46.9936],[-123.3107,47.0088],[-123.3114,47.013],[-123.328,47.0073],[-123.3292,47.0838],[-123.2762,47.0848],[-123.2763,47.092],[-123.2603,47.0939],[-123.2444,47.0921],[-123.2445,47.0848],[-123.2019,47.0851],[-123.2,47.0148],[-123.3069,46.9887],[-123.3286,46.9881],[-123.3304,46.9919],[-123.3305,46.9936]]]}},{"type":"Feature","properties":{"zipCode":"98822"},"geometry":{"type":"Polygon","coordinates":[[[-120.8156,48.1517],[-120.8044,48.1621],[-120.7874,48.1566],[-120.7676,48.1631],[-120.7512,48.1588],[-120.7345,48.1672],[-120.7025,48.1587],[-120.6925,48.1423],[-120.6742,48.1403],[-120.6668,48.127],[-120.656,48.1313],[-120.6469,48.122],[-120.6142,48.1055],[-120.6121,48.1],[-120.5897,48.0894],[-120.5755,48.09],[-120.5721,48.0815],[-120.5304,48.0617],[-120.5305,48.055],[-120.5193,48.051],[-120.5268,48.0245],[-120.5241,48.0202],[-120.4983,48.0193],[-120.4839,47.9976],[-120.4671,47.9953],[-120.4184,47.9761],[-120.4105,47.9578],[-120.4189,47.9398],[-120.3995,47.9348],[-120.3996,47.9293],[-120.3854,47.929],[-120.3826,47.9182],[-120.3263,47.879],[-120.3267,47.8622],[-120.3185,47.8597],[-120.3182,47.8492],[-120.2977,47.8492],[-120.2975,47.8343],[-120.2156,47.8362],[-120.2156,47.8211],[-120.2409,47.8101],[-120.2403,47.7957],[-120.2503,47.7859],[-120.1987,47.7618],[-120.216,47.7472],[-120.1849,47.7638],[-120.2077,47.7501],[-120.2226,47.726],[-120.2033,47.6988],[-120.199,47.6823],[-120.2046,47.6716],[-120.2168,47.6637],[-120.2209,47.6503],[-120.2288,47.6457],[-120.2375,47.628],[-120.271,47.6198],[-120.2924,47.6212],[-120.3072,47.6165],[-120.3073,47.6233],[-120.3231,47.6112],[-120.3309,47.6153],[-120.3352,47.6096],[-120.3436,47.6066],[-120.3482,47.6116],[-120.3584,47.6048],[-120.3714,47.6153],[-120.4017,47.6153],[-120.4078,47.6224],[-120.4371,47.6328],[-120.4527,47.6519],[-120.4477,47.6558],[-120.4647,47.6577],[-120.4603,47.6747],[-120.481,47.6734],[-120.4844,47.6775],[-120.4776,47.684],[-120.4898,47.6873],[-120.4999,47.6996],[-120.4922,47.7047],[-120.5131,47.7044],[-120.5176,47.7096],[-120.526,47.7283],[-120.5228,47.7344],[-120.5287,47.7516],[-120.537,47.7647],[-120.5344,47.7688],[-120.5738,47.8009],[-120.5857,47.8214],[-120.6032,47.8366],[-120.6092,47.8592],[-120.624,47.8804],[-120.6262,47.8933],[-120.6322,47.8939],[-120.6289,47.8999],[-120.6366,47.9024],[-120.6448,47.9185],[-120.6574,47.9226],[-120.6578,47.9418],[-120.6463,47.9446],[-120.6382,47.9398],[-120.632,47.9454],[-120.6371,47.9596],[-120.6575,47.9526],[-120.6675,47.9548],[-120.6681,47.9613],[-120.6745,47.9651],[-120.6669,47.9705],[-120.6681,47.9815],[-120.6823,47.9968],[-120.7101,48.0075],[-120.7261,48.0209],[-120.7306,48.0386],[-120.7415,48.0434],[-120.7477,48.0576],[-120.7492,48.0787],[-120.7715,48.0965],[-120.7925,48.1027],[-120.7991,48.1172],[-120.8114,48.1266],[-120.8064,48.1357],[-120.8169,48.1484],[-120.8156,48.1517]],[[-120.3853,47.7307],[-120.3563,47.7313],[-120.3677,47.7383],[-120.3836,47.7406],[-120.3853,47.7307]]]}},{"type":"Feature","properties":{"zipCode":"98290"},"geometry":{"type":"Polygon","coordinates":[[[-122.1719,47.9418],[-122.1597,47.9505],[-122.1358,47.9563],[-122.1307,47.9637],[-122.1362,47.971],[-122.1252,47.9633],[-122.109,47.9688],[-122.109,47.9637],[-122.102,47.9637],[-122.1015,47.9533],[-122.0934,47.9522],[-122.0879,47.953],[-122.0879,47.9625],[-122.0774,47.9635],[-122.077,47.9702],[-122.0686,47.969],[-122.0611,47.9786],[-122.0497,47.9815],[-122.0493,47.9968],[-122.042,47.9903],[-122.0376,48.0154],[-122.0272,48.0199],[-122.0316,48.0251],[-122.0256,48.0361],[-122.0174,48.0362],[-122.0296,48.0479],[-122.0178,48.0575],[-122.0204,48.0617],[-122.0129,48.0628],[-122.0139,48.0678],[-121.9894,48.0796],[-121.9797,48.0722],[-121.9906,48.0719],[-122.0014,48.0629],[-121.9905,48.0612],[-121.989,48.0541],[-121.9601,48.0504],[-121.9573,48.0364],[-121.9471,48.0364],[-121.9505,48.0298],[-121.9367,48.0261],[-121.9302,48.0154],[-121.9207,48.0206],[-121.9206,48.014],[-121.9074,48.0039],[-121.9044,48.008],[-121.797,48.008],[-121.7968,47.9791],[-121.7565,47.9791],[-121.7228,47.9701],[-121.7594,47.9739],[-121.7783,47.9627],[-121.7841,47.9661],[-121.777,47.95],[-121.8355,47.95],[-121.8681,47.9631],[-121.8824,47.9575],[-121.8948,47.9439],[-121.9044,47.957],[-121.9045,47.9499],[-121.9464,47.946],[-121.9477,47.9421],[-121.9388,47.9421],[-121.9388,47.9346],[-121.9281,47.9351],[-121.9274,47.9208],[-121.9385,47.9207],[-121.9382,47.9099],[-121.933,47.9099],[-121.9277,47.9021],[-121.9328,47.9021],[-121.9327,47.8942],[-121.9432,47.8905],[-121.9407,47.8815],[-121.9655,47.8887],[-121.9654,47.8776],[-121.9848,47.8775],[-121.9906,47.873],[-122.0072,47.8825],[-122.007,47.8777],[-122.0125,47.8788],[-122.0122,47.8376],[-121.9906,47.8393],[-121.998,47.8273],[-122.0295,47.8225],[-122.0866,47.8576],[-122.0767,47.8634],[-122.0862,47.8699],[-122.0935,47.9092],[-122.1664,47.9268],[-122.1708,47.9405],[-122.1719,47.9418]],[[-121.875,47.9645],[-121.8744,47.9645],[-121.875,47.9652],[-121.875,47.9645]]]}},{"type":"Feature","properties":{"zipCode":"98586"},"geometry":{"type":"MultiPolygon","coordinates":[[[[-123.9569,46.6372],[-123.9442,46.627],[-123.9361,46.627],[-123.9406,46.6409],[-123.9219,46.6503],[-123.9233,46.6727],[-123.8514,46.7026],[-123.8319,46.6987],[-123.8068,46.6654],[-123.7966,46.6633],[-123.7851,46.6677],[-123.7833,46.6631],[-123.7573,46.6563],[-123.7567,46.5916],[-123.7503,46.5916],[-123.7489,46.5853],[-123.7404,46.5807],[-123.752,46.5703],[-123.7532,46.5601],[-123.7285,46.5489],[-123.7255,46.523],[-123.712,46.5145],[-123.7255,46.513],[-123.7237,46.4846],[-123.7047,46.4707],[-123.7492,46.4714],[-123.7575,46.4634],[-123.7653,46.4665],[-123.7657,46.458],[-123.8739,46.458],[-123.8851,46.4753],[-123.9115,46.4737],[-123.9257,46.4804],[-123.927,46.4968],[-123.9212,46.5077],[-123.9243,46.5112],[-123.9134,46.5144],[-123.9074,46.5077],[-123.8955,46.5141],[-123.8981,46.5349],[-123.8933,46.5396],[-123.8946,46.5473],[-123.9164,46.5621],[-123.86,46.5623],[-123.8597,46.5719],[-123.8691,46.5783],[-123.8675,46.5885],[-123.8733,46.5875],[-123.8784,46.5958],[-123.9069,46.5976],[-123.9152,46.6033],[-123.9131,46.6133],[-123.9264,46.6125],[-123.9426,46.6186],[-123.9576,46.6371],[-123.9569,46.6372]]],[[[-123.9927,46.4886],[-123.9884,46.497],[-123.9791,46.4974],[-123.9708,46.4754],[-123.9425,46.4652],[-123.9398,46.4684],[-123.9351,46.4586],[-123.9385,46.4479],[-123.9306,46.4396],[-123.9341,46.4337],[-123.922,46.422],[-123.9347,46.4161],[-123.9391,46.4035],[-123.952,46.4028],[-123.9499,46.4103],[-123.9653,46.4087],[-123.9701,46.4244],[-123.9653,46.4333],[-123.9917,46.4488],[-123.9942,46.4689],[-123.9927,46.4886]]]]}},{"type":"Feature","properties":{"zipCode":"99171"},"geometry":{"type":"Polygon","coordinates":[[[-117.9145,47.0885],[-117.857,47.09],[-117.8531,47.0915],[-117.8533,47.1099],[-117.8466,47.1161],[-117.8121,47.1193],[-117.8125,47.1339],[-117.8019,47.134],[-117.802,47.156],[-117.7912,47.156],[-117.7911,47.1593],[-117.8148,47.1609],[-117.8293,47.1703],[-117.8331,47.1924],[-117.8265,47.1898],[-117.7896,47.1973],[-117.77,47.2077],[-117.7396,47.2081],[-117.7477,47.2143],[-117.744,47.2227],[-117.6863,47.223],[-117.6865,47.2377],[-117.6652,47.2378],[-117.6656,47.2594],[-117.6353,47.246],[-117.609,47.2415],[-117.5908,47.2444],[-117.5965,47.2401],[-117.5956,47.2351],[-117.5852,47.2361],[-117.5753,47.226],[-117.5605,47.2218],[-117.5579,47.2088],[-117.5154,47.1769],[-117.5028,47.1552],[-117.4825,47.1574],[-117.4611,47.1499],[-117.4609,47.1374],[-117.4504,47.1375],[-117.4502,47.1232],[-117.4687,47.1255],[-117.4764,47.1163],[-117.4628,47.0891],[-117.4779,47.0671],[-117.4627,47.0635],[-117.4859,47.0528],[-117.5043,47.0367],[-117.4899,47.0145],[-117.4664,47.0095],[-117.4608,47.0008],[-117.5058,46.9516],[-117.5078,46.9574],[-117.5451,46.9688],[-117.5362,46.9774],[-117.5438,46.9826],[-117.5335,46.9791],[-117.5336,46.9899],[-117.5651,46.9897],[-117.565,46.9824],[-117.5867,46.9823],[-117.5867,46.9859],[-117.5814,46.9859],[-117.5839,46.998],[-117.5986,46.9935],[-117.6073,47.0029],[-117.6178,46.9946],[-117.6264,47.0034],[-117.6389,46.9899],[-117.6812,47.0165],[-117.7424,47.0037],[-117.7592,46.9918],[-117.7699,46.998],[-117.8089,47.0031],[-117.8114,47.0468],[-117.8474,47.0466],[-117.8422,47.075],[-117.8531,47.0754],[-117.8531,47.0814],[-117.8817,47.0809],[-117.8921,47.089],[-117.9138,47.0867],[-117.9145,47.0885]]]}},{"type":"Feature","properties":{"zipCode":"98416"},"geometry":{"type":"Polygon","coordinates":[[[-122.4856,47.2627],[-122.4794,47.2655],[-122.4794,47.2603],[-122.4856,47.2618],[-122.4856,47.2627]]]}},{"type":"Feature","properties":{"zipCode":"98223"},"geometry":{"type":"Polygon","coordinates":[[[-122.2763,48.152],[-122.2754,48.1583],[-122.2595,48.1616],[-122.2651,48.1699],[-122.2536,48.1791],[-122.2613,48.192],[-122.2464,48.1946],[-122.243,48.1992],[-122.2164,48.1982],[-122.2241,48.2023],[-122.2109,48.1975],[-122.2169,48.2086],[-122.2262,48.2099],[-122.222,48.2208],[-122.2318,48.2207],[-122.2371,48.235],[-122.2687,48.2678],[-122.2534,48.2534],[-122.2315,48.2605],[-122.2288,48.2569],[-122.2104,48.2572],[-122.2104,48.2535],[-122.1868,48.2526],[-122.1718,48.2598],[-122.1756,48.2705],[-122.2039,48.2976],[-121.6364,48.2985],[-121.6331,48.2881],[-121.6444,48.2756],[-121.6613,48.2669],[-121.6563,48.2565],[-121.6349,48.2453],[-121.638,48.2319],[-121.6331,48.2303],[-121.6271,48.2145],[-121.6297,48.2028],[-121.651,48.1824],[-121.6546,48.1733],[-121.6879,48.1699],[-121.6785,48.1462],[-121.6968,48.1379],[-121.7055,48.1358],[-121.7491,48.1497],[-121.7666,48.1477],[-121.8167,48.158],[-121.8482,48.1439],[-121.8618,48.1234],[-121.9554,48.1243],[-121.9723,48.1181],[-121.9679,48.1112],[-121.9744,48.0955],[-121.9856,48.102],[-122.0059,48.1009],[-122.0192,48.1084],[-122.0182,48.1013],[-122.032,48.1024],[-122.0327,48.1087],[-122.054,48.1086],[-122.0544,48.1235],[-122.0748,48.1235],[-122.0719,48.1084],[-122.0757,48.1084],[-122.079,48.1234],[-122.0806,48.1144],[-122.0699,48.1014],[-122.0755,48.1014],[-122.0755,48.0942],[-122.098,48.0937],[-122.098,48.072],[-122.1114,48.072],[-122.112,48.1],[-122.1194,48.1074],[-122.1319,48.1064],[-122.1245,48.0919],[-122.1513,48.0919],[-122.152,48.1181],[-122.1466,48.1265],[-122.141,48.1264],[-122.1411,48.1336],[-122.1513,48.1338],[-122.1511,48.1379],[-122.1431,48.1465],[-122.183,48.1452],[-122.1862,48.1378],[-122.1906,48.1633],[-122.1966,48.1632],[-122.1993,48.1557],[-122.2157,48.1555],[-122.2154,48.1518],[-122.2036,48.1483],[-122.1891,48.1295],[-122.1946,48.1294],[-122.1964,48.123],[-122.2005,48.1266],[-122.2276,48.123],[-122.2274,48.1374],[-122.2448,48.1374],[-122.2492,48.1429],[-122.2687,48.1392],[-122.2768,48.1486],[-122.2763,48.152]]]}},{"type":"Feature","properties":{"zipCode":"98841"},"geometry":{"type":"Polygon","coordinates":[[[-119.5828,48.3977],[-119.5785,48.4066],[-119.5827,48.4154],[-119.5808,48.4237],[-119.5709,48.4285],[-119.5707,48.451],[-119.523,48.4531],[-119.5186,48.4767],[-119.5131,48.4766],[-119.5133,48.4677],[-119.5054,48.4676],[-119.5052,48.4785],[-119.5004,48.4784],[-119.5108,48.4966],[-119.495,48.4961],[-119.4994,48.5032],[-119.4845,48.4938],[-119.4789,48.4809],[-119.0291,48.4825],[-119.0402,48.4617],[-119.0657,48.4515],[-119.0942,48.4468],[-119.1113,48.4301],[-119.111,48.4043],[-119.1061,48.3974],[-119.0905,48.3815],[-119.0601,48.3712],[-119.0542,48.3538],[-119.0764,48.3277],[-119.0743,48.3133],[-119.0939,48.2776],[-119.0811,48.2627],[-119.0978,48.2442],[-119.126,48.2391],[-119.1398,48.2497],[-119.1441,48.2693],[-119.1398,48.2773],[-119.1435,48.2815],[-119.1337,48.2962],[-119.1355,48.3024],[-119.1474,48.3093],[-119.2334,48.3093],[-119.2334,48.2105],[-119.2854,48.2152],[-119.2956,48.2299],[-119.3113,48.232],[-119.3267,48.2446],[-119.3669,48.246],[-119.372,48.2395],[-119.3982,48.2554],[-119.4158,48.2818],[-119.4246,48.2827],[-119.435,48.3036],[-119.4664,48.3275],[-119.4886,48.3586],[-119.4905,48.3677],[-119.5214,48.3677],[-119.5398,48.3601],[-119.5555,48.3727],[-119.5316,48.3859],[-119.5266,48.3968],[-119.5339,48.3934],[-119.568,48.3955],[-119.5734,48.4064],[-119.5756,48.3955],[-119.5837,48.3954],[-119.5828,48.3977]]]}},{"type":"Feature","properties":{"zipCode":"99224"},"geometry":{"type":"Polygon","coordinates":[[[-117.7339,47.7871],[-117.6948,47.772],[-117.6688,47.7549],[-117.685,47.7518],[-117.6773,47.7448],[-117.5609,47.7442],[-117.5467,47.7521],[-117.5439,47.7299],[-117.5107,47.73],[-117.5138,47.7221],[-117.4989,47.7191],[-117.5,47.7071],[-117.4923,47.7008],[-117.4969,47.6943],[-117.4785,47.6968],[-117.467,47.6909],[-117.4764,47.6871],[-117.4749,47.6819],[-117.4491,47.6785],[-117.4492,47.6729],[-117.4598,47.674],[-117.4629,47.6661],[-117.4547,47.6628],[-117.4618,47.6572],[-117.4438,47.6498],[-117.4253,47.6205],[-117.4059,47.6142],[-117.4177,47.6137],[-117.4099,47.6072],[-117.4134,47.6047],[-117.4019,47.6009],[-117.4072,47.5986],[-117.3994,47.5919],[-117.4021,47.5874],[-117.3902,47.5876],[-117.3903,47.5803],[-117.3797,47.5803],[-117.3809,47.5583],[-117.3683,47.5526],[-117.3786,47.5432],[-117.365,47.5372],[-117.3687,47.5219],[-117.371,47.526],[-117.3923,47.5217],[-117.3969,47.5275],[-117.3939,47.5213],[-117.4002,47.5146],[-117.4158,47.5146],[-117.4031,47.5103],[-117.4074,47.5012],[-117.4008,47.4976],[-117.4114,47.4926],[-117.4113,47.4855],[-117.4221,47.4854],[-117.4166,47.4764],[-117.4497,47.4962],[-117.4403,47.4967],[-117.4401,47.5105],[-117.4445,47.5153],[-117.4445,47.5079],[-117.4551,47.5082],[-117.4546,47.5318],[-117.4651,47.5316],[-117.4654,47.5619],[-117.4868,47.5669],[-117.5007,47.5644],[-117.4976,47.5777],[-117.5144,47.5778],[-117.5068,47.5797],[-117.5061,47.5832],[-117.5112,47.5834],[-117.5083,47.5946],[-117.5353,47.5941],[-117.535,47.6017],[-117.5404,47.6015],[-117.5408,47.5932],[-117.5568,47.5939],[-117.5645,47.5875],[-117.5645,47.5801],[-117.5774,47.5802],[-117.5709,47.5874],[-117.578,47.5804],[-117.6058,47.5801],[-117.6076,47.6139],[-117.5612,47.6138],[-117.5611,47.6687],[-117.5931,47.6646],[-117.5931,47.6609],[-117.6254,47.6509],[-117.6165,47.6573],[-117.62,47.6574],[-117.6199,47.6646],[-117.6252,47.6646],[-117.6305,47.6791],[-117.6415,47.6793],[-117.6469,47.6937],[-117.663,47.6938],[-117.6631,47.7012],[-117.7332,47.7014],[-117.7332,47.7159],[-117.7298,47.7159],[-117.7296,47.7231],[-117.7226,47.7231],[-117.7223,47.7333],[-117.7331,47.7344],[-117.7333,47.7698],[-117.7251,47.7688],[-117.7229,47.7757],[-117.7337,47.7811],[-117.7339,47.7871]]]}},{"type":"Feature","properties":{"zipCode":"98541"},"geometry":{"type":"Polygon","coordinates":[[[-123.5242,47.0378],[-123.5119,47.0439],[-123.5113,47.055],[-123.5002,47.0554],[-123.4989,47.0609],[-123.4781,47.0691],[-123.4834,47.0825],[-123.4736,47.097],[-123.4897,47.0908],[-123.4897,47.0972],[-123.4964,47.1019],[-123.5001,47.0995],[-123.5109,47.1173],[-123.4899,47.135],[-123.5007,47.157],[-123.5174,47.1666],[-123.5101,47.1677],[-123.5168,47.196],[-123.5154,47.2172],[-123.5102,47.2234],[-123.5143,47.2241],[-123.5079,47.2506],[-123.5095,47.2761],[-123.5055,47.281],[-123.505,47.2585],[-123.482,47.2564],[-123.4687,47.2679],[-123.468,47.2638],[-123.447,47.2648],[-123.4486,47.2278],[-123.426,47.2277],[-123.4275,47.2205],[-123.422,47.2204],[-123.4218,47.2276],[-123.4086,47.2379],[-123.3882,47.2371],[-123.3904,47.2325],[-123.3858,47.2317],[-123.3919,47.2262],[-123.3922,47.2174],[-123.3836,47.2069],[-123.3855,47.1803],[-123.3888,47.1658],[-123.4031,47.158],[-123.4018,47.1429],[-123.3927,47.1539],[-123.3716,47.1583],[-123.3716,47.1643],[-123.3624,47.158],[-123.3288,47.1694],[-123.3351,47.1793],[-123.3078,47.1945],[-123.3079,47.1568],[-123.2899,47.1634],[-123.2566,47.1576],[-123.2555,47.152],[-123.2635,47.1428],[-123.2893,47.1305],[-123.3177,47.1326],[-123.3278,47.1257],[-123.3286,47.1201],[-123.3281,47.0984],[-123.2444,47.0992],[-123.2444,47.0921],[-123.2763,47.092],[-123.2762,47.0848],[-123.3292,47.0838],[-123.328,47.0073],[-123.3114,47.013],[-123.3107,47.0088],[-123.3292,46.9983],[-123.3286,46.9881],[-123.3069,46.9887],[-123.2225,47.0115],[-123.2234,46.9939],[-123.2373,46.9934],[-123.2513,46.9799],[-123.268,46.9758],[-123.2679,46.9713],[-123.2577,46.9728],[-123.2524,46.9689],[-123.2388,46.9758],[-123.2353,46.9606],[-123.2369,46.951],[-123.2507,46.9454],[-123.261,46.9268],[-123.2734,46.9175],[-123.2915,46.9318],[-123.3043,46.9266],[-123.3116,46.9392],[-123.3578,46.9437],[-123.3844,46.9296],[-123.3808,46.9346],[-123.3903,46.9395],[-123.4147,46.9308],[-123.4266,46.9317],[-123.4489,46.9195],[-123.4451,46.9118],[-123.4587,46.9096],[-123.4546,46.9026],[-123.458,46.8979],[-123.4906,46.9103],[-123.4997,46.9088],[-123.5049,46.9175],[-123.5136,46.9209],[-123.5109,46.9246],[-123.5194,46.9286],[-123.5166,46.9328],[-123.5203,46.9399],[-123.5043,46.9412],[-123.5018,46.9521],[-123.5122,46.9521],[-123.5117,46.9657],[-123.483,46.9779],[-123.4918,46.9849],[-123.484,46.9933],[-123.4933,46.9998],[-123.4816,46.9995],[-123.4816,47.0027],[-123.495,47.0013],[-123.4991,47.0119],[-123.5094,47.0151],[-123.5104,47.0269],[-123.5185,47.0239],[-123.5267,47.0364],[-123.5242,47.0378]],[[-123.3291,46.9595],[-123.3294,46.9602],[-123.3291,46.9595]]]}},{"type":"Feature","properties":{"zipCode":"99371"},"geometry":{"type":"Polygon","coordinates":[[[-118.5049,46.7809],[-118.4836,46.7809],[-118.4831,46.8394],[-118.4631,46.8395],[-118.4629,46.8541],[-118.3996,46.8537],[-118.399,46.8977],[-118.3333,46.8984],[-118.3327,46.9134],[-118.1941,46.9139],[-118.1805,46.8992],[-118.1829,46.8894],[-118.172,46.8844],[-118.1744,46.87],[-118.1681,46.8699],[-118.1388,46.8386],[-118.133,46.8255],[-118.1027,46.8248],[-118.1034,46.81],[-118.0817,46.809],[-118.0827,46.7868],[-118.0875,46.7813],[-118.083,46.7785],[-118.0946,46.78],[-118.1335,46.7678],[-118.1454,46.7702],[-118.1387,46.7816],[-118.1665,46.7823],[-118.1686,46.7907],[-118.1817,46.7877],[-118.1926,46.7747],[-118.2419,46.7458],[-118.228,46.7417],[-118.2023,46.7439],[-118.2055,46.7397],[-118.2491,46.7341],[-118.2175,46.6791],[-118.2307,46.6564],[-118.2146,46.6387],[-118.2154,46.6321],[-118.1983,46.622],[-118.1984,46.6105],[-118.2083,46.6097],[-118.2157,46.5889],[-118.2247,46.5993],[-118.2223,46.6098],[-118.2406,46.6282],[-118.2448,46.6412],[-118.2767,46.6646],[-118.3344,46.6777],[-118.378,46.6776],[-118.3938,46.6984],[-118.4123,46.7012],[-118.4228,46.6969],[-118.4328,46.7098],[-118.4271,46.7368],[-118.5055,46.7366],[-118.5049,46.7809]]]}},{"type":"Feature","properties":{"zipCode":"98811"},"geometry":{"type":"Polygon","coordinates":[[[-120.3836,47.7406],[-120.3677,47.7383],[-120.3563,47.7313],[-120.3853,47.7307],[-120.3836,47.7406]]]}},{"type":"Feature","properties":{"zipCode":"98422"},"geometry":{"type":"Polygon","coordinates":[[[-122.4444,47.3058],[-122.4346,47.3075],[-122.43,47.3197],[-122.4033,47.3225],[-122.4034,47.3191],[-122.4145,47.318],[-122.3404,47.2678],[-122.3349,47.2576],[-122.35,47.2537],[-122.3491,47.257],[-122.3591,47.2575],[-122.3834,47.2743],[-122.411,47.285],[-122.4137,47.2939],[-122.4446,47.3004],[-122.4444,47.3058]]]}},{"type":"Feature","properties":{"zipCode":"98856"},"geometry":{"type":"Polygon","coordinates":[[[-120.6688,48.4497],[-120.6548,48.4532],[-120.6508,48.4607],[-120.6324,48.4688],[-120.6514,48.4777],[-120.6534,48.4848],[-120.6303,48.4847],[-120.6267,48.4759],[-120.6118,48.4664],[-120.5774,48.4614],[-120.5631,48.4542],[-120.5515,48.4844],[-120.3086,48.4833],[-120.2739,48.4781],[-120.2721,48.438],[-120.2754,48.4341],[-120.2704,48.4216],[-120.2411,48.4213],[-120.2306,48.4022],[-120.2325,48.4082],[-120.2193,48.4178],[-120.2268,48.4252],[-120.1714,48.425],[-120.1695,48.4393],[-120.1646,48.4388],[-120.1641,48.4481],[-120.1717,48.4614],[-120.1687,48.4614],[-120.1593,48.4457],[-120.1639,48.4429],[-120.1555,48.4397],[-120.1606,48.4264],[-120.1438,48.4209],[-120.1413,48.4124],[-120.135,48.4137],[-120.1375,48.4173],[-120.1291,48.4143],[-120.1206,48.3916],[-120.1069,48.3837],[-120.1004,48.3912],[-120.105,48.3945],[-120.1075,48.4121],[-120.1011,48.4153],[-120.1103,48.4203],[-120.1132,48.431],[-120.0957,48.4304],[-120.0925,48.4205],[-120.0631,48.4001],[-120.0606,48.4285],[-120.0658,48.4389],[-120.049,48.4389],[-120.0332,48.4302],[-120.0046,48.4448],[-119.9996,48.4504],[-120.0065,48.4729],[-120.0052,48.4859],[-119.9726,48.5014],[-119.9504,48.5406],[-119.9289,48.5182],[-119.9156,48.5153],[-119.8973,48.501],[-119.8725,48.4974],[-119.8629,48.4737],[-119.8628,48.4615],[-119.8674,48.4561],[-119.8536,48.4502],[-119.845,48.4367],[-119.8784,48.4362],[-119.8937,48.4296],[-119.9004,48.4214],[-119.9011,48.3962],[-119.885,48.3894],[-119.8924,48.3867],[-119.8989,48.3748],[-119.8944,48.3683],[-119.8993,48.3668],[-119.8916,48.3603],[-119.8981,48.3601],[-119.8908,48.3465],[-119.8927,48.3363],[-119.9108,48.3226],[-119.8837,48.3129],[-119.889,48.3061],[-119.887,48.2777],[-119.9098,48.2733],[-119.9288,48.279],[-119.9366,48.2747],[-119.9529,48.2807],[-119.962,48.2744],[-119.962,48.2483],[-119.9358,48.2207],[-119.9386,48.2088],[-119.9485,48.198],[-119.9492,48.1795],[-119.956,48.1749],[-119.9535,48.1685],[-119.957,48.1643],[-119.961,48.1752],[-119.9748,48.1826],[-119.9752,48.1789],[-119.9943,48.1967],[-120.0244,48.2101],[-120.02,48.2125],[-120.0386,48.2242],[-120.0662,48.2242],[-120.0705,48.2326],[-120.0809,48.2383],[-120.0736,48.2424],[-120.0777,48.2493],[-120.0728,48.2603],[-120.0931,48.257],[-120.1019,48.2481],[-120.1029,48.2526],[-120.0941,48.2632],[-120.1185,48.2464],[-120.116,48.2537],[-120.1059,48.2579],[-120.1047,48.2646],[-120.0883,48.2676],[-120.0893,48.2775],[-120.0757,48.2816],[-120.0726,48.2917],[-120.0873,48.281],[-120.479,48.2809],[-120.4988,48.2951],[-120.5123,48.312],[-120.5273,48.3066],[-120.5472,48.3067],[-120.5653,48.3176],[-120.5868,48.3203],[-120.5857,48.3392],[-120.5697,48.3489],[-120.5677,48.3565],[-120.5602,48.361],[-120.5632,48.3708],[-120.6211,48.3988],[-120.6499,48.3981],[-120.6417,48.4111],[-120.6503,48.4148],[-120.6552,48.4301],[-120.6528,48.4379],[-120.6666,48.4461],[-120.6688,48.4497]]]}},{"type":"Feature","properties":{"zipCode":"99362"},"geometry":{"type":"Polygon","coordinates":[[[-118.5965,46.2138],[-118.5909,46.2237],[-118.5959,46.2237],[-118.5959,46.2382],[-118.5835,46.2408],[-118.5781,46.2476],[-118.5782,46.2572],[-118.5437,46.2722],[-118.5311,46.2891],[-118.492,46.2874],[-118.491,46.1507],[-118.4308,46.1507],[-118.4229,46.1348],[-118.4099,46.1291],[-118.3987,46.1428],[-118.3848,46.1505],[-118.3814,46.1968],[-118.3888,46.2087],[-118.3031,46.2087],[-118.3044,46.1758],[-118.3104,46.1672],[-118.3007,46.1646],[-118.2599,46.164],[-118.2523,46.1686],[-118.2488,46.1791],[-118.2266,46.1868],[-118.2001,46.1712],[-118.2105,46.1568],[-118.1615,46.1617],[-118.1483,46.1698],[-118.1581,46.1521],[-118.1585,46.1396],[-118.2199,46.1169],[-118.2209,46.0931],[-118.2001,46.0932],[-118.1998,46.0859],[-118.1793,46.0859],[-118.1793,46.0811],[-118.1731,46.0787],[-118.0743,46.0786],[-118.0492,46.064],[-117.9932,46.0627],[-117.9969,46.0008],[-117.9777,46.0007],[-117.9777,45.9523],[-117.98,45.9418],[-117.993,45.9386],[-117.9938,45.9293],[-118.0053,45.9193],[-118.0212,45.9321],[-118.0026,45.9415],[-118.0279,45.9438],[-118.0315,45.9379],[-118.0286,45.9392],[-118.035,45.9497],[-118.0455,45.9397],[-118.0659,45.9395],[-118.0808,45.9499],[-118.0867,45.9406],[-118.1113,45.955],[-118.1113,45.9611],[-118.0905,45.9885],[-118.1063,45.9903],[-118.1148,46.0003],[-118.446,46.0006],[-118.4464,46.0094],[-118.4544,46.0158],[-118.4909,46.0201],[-118.4925,46.0273],[-118.5513,46.0271],[-118.5549,46.0287],[-118.5548,46.048],[-118.5914,46.0522],[-118.5906,46.0562],[-118.5759,46.0546],[-118.5807,46.0558],[-118.5758,46.0625],[-118.5548,46.064],[-118.5543,46.1654],[-118.5811,46.1654],[-118.5749,46.1851],[-118.5835,46.1975],[-118.5808,46.201],[-118.5959,46.2123],[-118.5965,46.2138]],[[-118.4095,46.0384],[-118.3886,46.0353],[-118.3888,46.0284],[-118.394,46.0275],[-118.3887,46.0275],[-118.373,46.0312],[-118.3628,46.0416],[-118.3744,46.0569],[-118.3724,46.0602],[-118.3894,46.0566],[-118.4017,46.0482],[-118.4095,46.0493],[-118.4094,46.0421],[-118.4095,46.0384]]]}},{"type":"Feature","properties":{"zipCode":"98537"},"geometry":{"type":"Polygon","coordinates":[[[-123.8575,46.8262],[-123.8362,46.8219],[-123.8375,46.8285],[-123.824,46.8259],[-123.8216,46.834],[-123.8131,46.8374],[-123.803,46.8312],[-123.8092,46.8276],[-123.8027,46.825],[-123.7808,46.8364],[-123.7957,46.8361],[-123.791,46.8505],[-123.7558,46.8506],[-123.7556,46.8649],[-123.7388,46.8651],[-123.7372,46.8764],[-123.7415,46.8821],[-123.7346,46.8887],[-123.7366,46.9292],[-123.7306,46.9339],[-123.7602,46.9474],[-123.7617,46.9435],[-123.7891,46.9445],[-123.789,46.9552],[-123.7812,46.9558],[-123.7835,46.9623],[-123.7754,46.963],[-123.7631,46.9567],[-123.7648,46.9511],[-123.7502,46.9443],[-123.6951,46.9344],[-123.6706,46.9376],[-123.6763,46.9366],[-123.6763,46.9295],[-123.6661,46.9297],[-123.6671,46.9212],[-123.6351,46.9178],[-123.6307,46.9047],[-123.5878,46.9086],[-123.5876,46.8674],[-123.4832,46.8676],[-123.4829,46.7929],[-123.3709,46.7921],[-123.3727,46.7347],[-123.369,46.7113],[-123.4035,46.7096],[-123.4131,46.7048],[-123.4746,46.7069],[-123.4781,46.7151],[-123.4739,46.7179],[-123.4796,46.7243],[-123.5019,46.7257],[-123.515,46.7324],[-123.5172,46.7432],[-123.5118,46.7588],[-123.5263,46.7473],[-123.5385,46.7443],[-123.5411,46.7389],[-123.5369,46.7338],[-123.5885,46.7363],[-123.5879,46.7646],[-123.6107,46.7578],[-123.611,46.7842],[-123.6311,46.7727],[-123.625,46.7934],[-123.8522,46.7917],[-123.8539,46.805],[-123.8451,46.8191],[-123.8585,46.8256],[-123.8575,46.8262]]]}},{"type":"Feature","properties":{"zipCode":"98336"},"geometry":{"type":"Polygon","coordinates":[[[-122.2221,46.585],[-122.2078,46.5913],[-122.1796,46.5893],[-122.1524,46.6034],[-122.1237,46.6071],[-122.1482,46.609],[-122.1493,46.6187],[-122.1435,46.6305],[-122.1114,46.6583],[-122.1149,46.6689],[-122.1043,46.6634],[-122.0947,46.6456],[-122.0787,46.6309],[-122.0445,46.6192],[-122.028,46.6209],[-122.0047,46.6108],[-121.9933,46.6016],[-121.9927,46.5938],[-122.0082,46.5857],[-122.0152,46.5859],[-122.0127,46.5887],[-122.0319,46.5774],[-122.0394,46.5676],[-122.0472,46.5681],[-122.0564,46.5616],[-122.0575,46.5523],[-122.0445,46.5407],[-122.0529,46.5404],[-122.0531,46.5176],[-122.0927,46.4899],[-122.126,46.4877],[-122.1258,46.4752],[-122.1638,46.4746],[-122.165,46.4645],[-122.1703,46.472],[-122.1676,46.4804],[-122.1841,46.4871],[-122.178,46.4953],[-122.1854,46.5],[-122.174,46.5067],[-122.1741,46.5133],[-122.1949,46.5082],[-122.1812,46.5341],[-122.1883,46.5378],[-122.185,46.5395],[-122.192,46.5397],[-122.184,46.549],[-122.1711,46.548],[-122.1472,46.5566],[-122.175,46.5701],[-122.2045,46.5749],[-122.2193,46.5829],[-122.2221,46.585]]]}},{"type":"Feature","properties":{"zipCode":"99124"},"geometry":{"type":"Polygon","coordinates":[[[-118.9607,47.9988],[-118.952,48.012],[-118.9442,48.012],[-118.951,47.9957],[-118.9611,47.9957],[-118.9607,47.9988]]]}},{"type":"Feature","properties":{"zipCode":"98164"},"geometry":{"type":"Polygon","coordinates":[[[-122.3329,47.6061],[-122.3323,47.6054],[-122.3329,47.6061]]]}},{"type":"Feature","properties":{"zipCode":"99180"},"geometry":{"type":"Polygon","coordinates":[[[-117.5022,48.2038],[-117.5001,48.3268],[-117.4811,48.324],[-117.4467,48.3309],[-117.4332,48.3232],[-117.3917,48.3232],[-117.3605,48.331],[-117.3414,48.3236],[-117.3069,48.3239],[-117.3114,48.3273],[-117.3055,48.333],[-117.3083,48.3389],[-117.2965,48.324],[-117.2881,48.3203],[-117.3003,48.3421],[-117.2893,48.3421],[-117.2864,48.3273],[-117.2747,48.3169],[-117.2716,48.3186],[-117.2741,48.3288],[-117.269,48.3203],[-117.2613,48.3255],[-117.2611,48.3349],[-117.2501,48.335],[-117.2501,48.3386],[-117.2555,48.3386],[-117.2555,48.3458],[-117.2608,48.3458],[-117.261,48.364],[-117.2665,48.364],[-117.2666,48.3678],[-117.2609,48.3714],[-117.2666,48.3714],[-117.2663,48.3785],[-117.2773,48.3895],[-117.2691,48.3895],[-117.2683,48.3968],[-117.2631,48.399],[-117.1877,48.3972],[-117.1756,48.4066],[-117.1755,48.484],[-117.1086,48.4835],[-117.1059,48.4891],[-117.0402,48.4819],[-117.0354,48.4788],[-117.0353,48.4382],[-117.0392,48.4401],[-117.0398,48.4331],[-117.0806,48.4163],[-117.0825,48.4119],[-117.1045,48.4148],[-117.1081,48.402],[-117.1141,48.4093],[-117.1224,48.4104],[-117.1329,48.4072],[-117.1366,48.3958],[-117.1585,48.4011],[-117.1761,48.396],[-117.1755,48.3447],[-117.1615,48.3408],[-117.1542,48.3234],[-117.1607,48.3099],[-117.1771,48.3059],[-117.1766,48.3099],[-117.1984,48.3098],[-117.2065,48.296],[-117.2345,48.2958],[-117.2272,48.2708],[-117.2339,48.2687],[-117.2351,48.2576],[-117.2196,48.2391],[-117.1747,48.2375],[-117.2136,48.2354],[-117.2412,48.2498],[-117.2681,48.2449],[-117.2786,48.2233],[-117.3271,48.2228],[-117.3463,48.2396],[-117.3608,48.2134],[-117.3559,48.2052],[-117.4375,48.2053],[-117.4376,48.1347],[-117.5024,48.1347],[-117.5025,48.1947],[-117.5022,48.2038]]]}},{"type":"Feature","properties":{"zipCode":"98354"},"geometry":{"type":"Polygon","coordinates":[[[-122.3363,47.2448],[-122.3363,47.2574],[-122.3298,47.2574],[-122.3228,47.2645],[-122.298,47.2619],[-122.2937,47.2573],[-122.2939,47.2427],[-122.3265,47.2379],[-122.3363,47.239],[-122.3361,47.2439],[-122.3363,47.2448]],[[-122.3095,47.2612],[-122.3063,47.2613],[-122.3093,47.262],[-122.3095,47.2612]]]}},{"type":"Feature","properties":{"zipCode":"98376"},"geometry":{"type":"Polygon","coordinates":[[[-123.0376,47.8669],[-122.9492,47.8668],[-122.9509,47.954],[-122.9452,47.9512],[-122.8835,47.9576],[-122.8809,47.9443],[-122.8522,47.9402],[-122.7951,47.9178],[-122.7577,47.8944],[-122.7361,47.8905],[-122.7443,47.8794],[-122.7417,47.8623],[-122.7542,47.8606],[-122.7469,47.8518],[-122.7493,47.8359],[-122.7447,47.8178],[-122.7488,47.8017],[-122.7439,47.7939],[-122.7495,47.7889],[-122.7479,47.7754],[-122.7579,47.7577],[-122.7591,47.7461],[-122.7721,47.7399],[-122.7835,47.7224],[-122.7831,47.7037],[-122.7722,47.6917],[-122.8092,47.6822],[-122.8333,47.6925],[-122.825,47.7109],[-122.8136,47.7157],[-122.815,47.726],[-122.8081,47.7325],[-122.8097,47.7474],[-122.8,47.7582],[-122.7898,47.7909],[-122.7881,47.8042],[-122.7967,47.8106],[-122.7976,47.8259],[-122.8097,47.8406],[-122.8207,47.838],[-122.8252,47.8217],[-122.815,47.8075],[-122.8219,47.789],[-122.8276,47.7848],[-122.8418,47.779],[-122.8535,47.7801],[-122.8473,47.801],[-122.8647,47.8047],[-122.8685,47.7911],[-122.8649,47.7806],[-122.8763,47.782],[-122.8896,47.7971],[-122.9,47.7917],[-122.9102,47.7953],[-122.917,47.792],[-122.913,47.775],[-122.918,47.7701],[-122.9427,47.7799],[-122.9709,47.7828],[-122.9598,47.7847],[-122.9783,47.7921],[-122.9684,47.8005],[-122.9757,47.7995],[-122.9748,47.8061],[-122.9641,47.8086],[-122.9684,47.8118],[-122.9646,47.8163],[-122.9796,47.8241],[-122.9848,47.8484],[-122.9895,47.8535],[-123.005,47.8535],[-123.0111,47.8595],[-123.0373,47.8659],[-123.0376,47.8669]]]}},{"type":"Feature","properties":{"zipCode":"98288"},"geometry":{"type":"Polygon","coordinates":[[[-121.7478,47.6753],[-121.733,47.6876],[-121.7036,47.6873],[-121.6829,47.6971],[-121.6788,47.6935],[-121.6285,47.7009],[-121.6105,47.7088],[-121.5493,47.6992],[-121.5036,47.7022],[-121.4796,47.6958],[-121.4224,47.7109],[-121.4079,47.719],[-121.4105,47.7242],[-121.4261,47.7286],[-121.4117,47.7291],[-121.4183,47.7326],[-121.4127,47.7371],[-121.4507,47.7511],[-121.4695,47.7659],[-121.4555,47.7732],[-121.4621,47.7778],[-121.4555,47.7806],[-121.1192,47.7799],[-121.1077,47.7667],[-121.1109,47.7584],[-121.0943,47.7584],[-121.0897,47.7461],[-121.079,47.7392],[-121.0874,47.7285],[-121.0836,47.7227],[-121.066,47.7136],[-121.0671,47.7063],[-121.0903,47.7028],[-121.0941,47.6954],[-121.1216,47.6852],[-121.1288,47.6762],[-121.1232,47.6633],[-121.1256,47.6572],[-121.1319,47.6557],[-121.1337,47.6456],[-121.1266,47.6384],[-121.1246,47.6273],[-121.1188,47.627],[-121.1131,47.6188],[-121.1201,47.6116],[-121.1111,47.6],[-121.1193,47.5919],[-121.1524,47.5956],[-121.1723,47.5901],[-121.1708,47.576],[-121.1801,47.5649],[-121.1883,47.5687],[-121.2246,47.5672],[-121.2331,47.5604],[-121.2356,47.5446],[-121.2458,47.5384],[-121.2577,47.5445],[-121.2878,47.5431],[-121.3145,47.5315],[-121.327,47.5163],[-121.3593,47.5083],[-121.3877,47.4887],[-121.4055,47.4848],[-121.4426,47.4936],[-121.4573,47.5089],[-121.4541,47.5155],[-121.4571,47.518],[-121.469,47.519],[-121.4849,47.5264],[-121.4849,47.5314],[-121.5105,47.5357],[-121.5349,47.5469],[-121.5361,47.5564],[-121.53,47.566],[-121.5394,47.5641],[-121.5505,47.5717],[-121.5774,47.5778],[-121.5652,47.5966],[-121.5798,47.6109],[-121.5828,47.6331],[-121.6175,47.6651],[-121.6471,47.6552],[-121.6462,47.6504],[-121.6555,47.6509],[-121.6571,47.6571],[-121.6625,47.6555],[-121.6583,47.6534],[-121.6612,47.6511],[-121.6987,47.6356],[-121.715,47.6512],[-121.7146,47.6436],[-121.7251,47.6415],[-121.7403,47.6514],[-121.7396,47.6646],[-121.7478,47.6748],[-121.7478,47.6753]]]}},{"type":"Feature","properties":{"zipCode":"98565"},"geometry":{"type":"Polygon","coordinates":[[[-122.9113,46.5836],[-122.9016,46.5802],[-122.905,46.5725],[-122.9109,46.5746],[-122.9085,46.5791],[-122.9139,46.5835],[-122.9113,46.5836]]]}},{"type":"Feature","properties":{"zipCode":"98577"},"geometry":{"type":"Polygon","coordinates":[[[-123.9152,46.7926],[-123.625,46.7934],[-123.6311,46.7727],[-123.611,46.7842],[-123.6107,46.7578],[-123.5879,46.7646],[-123.5885,46.7363],[-123.5369,46.7338],[-123.5411,46.7389],[-123.5385,46.7443],[-123.5263,46.7473],[-123.5118,46.7588],[-123.5172,46.7432],[-123.515,46.7324],[-123.5019,46.7257],[-123.4796,46.7243],[-123.4739,46.7179],[-123.4781,46.7151],[-123.4746,46.7069],[-123.4131,46.7048],[-123.4035,46.7096],[-123.369,46.7113],[-123.365,46.563],[-123.3595,46.5626],[-123.3585,46.5128],[-123.4081,46.4964],[-123.4223,46.4979],[-123.4765,46.481],[-123.4944,46.481],[-123.51,46.47],[-123.5341,46.4661],[-123.5589,46.4877],[-123.6009,46.4945],[-123.6145,46.5099],[-123.6365,46.5072],[-123.7176,46.5304],[-123.7281,46.537],[-123.7304,46.5513],[-123.7532,46.5601],[-123.752,46.5703],[-123.7404,46.5807],[-123.7489,46.5853],[-123.7503,46.5916],[-123.7567,46.5916],[-123.7573,46.6563],[-123.7833,46.6631],[-123.7851,46.6677],[-123.7982,46.6633],[-123.8112,46.6684],[-123.8209,46.6888],[-123.8366,46.702],[-123.8291,46.7048],[-123.8335,46.7183],[-123.8471,46.7186],[-123.8549,46.7254],[-123.8767,46.7307],[-123.8853,46.7486],[-123.8986,46.7502],[-123.9164,46.7413],[-123.9152,46.7926]]]}},{"type":"Feature","properties":{"zipCode":"98801"},"geometry":{"type":"Polygon","coordinates":[[[-120.4588,47.6299],[-120.4556,47.6424],[-120.4511,47.643],[-120.4207,47.6244],[-120.4078,47.6224],[-120.4017,47.6153],[-120.3714,47.6153],[-120.3584,47.6048],[-120.3482,47.6116],[-120.3436,47.6066],[-120.3352,47.6096],[-120.3309,47.6153],[-120.3231,47.6112],[-120.3073,47.6233],[-120.3072,47.6165],[-120.2375,47.628],[-120.2336,47.5976],[-120.2384,47.5863],[-120.2536,47.5726],[-120.2594,47.5585],[-120.2928,47.5382],[-120.3029,47.5201],[-120.3181,47.4577],[-120.2865,47.3931],[-120.2481,47.381],[-120.2495,47.3748],[-120.2666,47.3624],[-120.2601,47.3624],[-120.2596,47.3481],[-120.2389,47.3479],[-120.2389,47.3339],[-120.1985,47.3342],[-120.2656,47.2983],[-120.3018,47.2611],[-120.3892,47.2609],[-120.4062,47.2741],[-120.4268,47.2744],[-120.4472,47.2885],[-120.4561,47.2981],[-120.4435,47.2971],[-120.4345,47.3064],[-120.4242,47.3056],[-120.426,47.3153],[-120.4187,47.315],[-120.4205,47.3194],[-120.4128,47.3239],[-120.4121,47.3297],[-120.3966,47.3297],[-120.4042,47.3378],[-120.4042,47.353],[-120.4333,47.387],[-120.4511,47.3964],[-120.4542,47.4025],[-120.4468,47.4177],[-120.4377,47.4233],[-120.4398,47.4313],[-120.4332,47.4428],[-120.4102,47.4494],[-120.4098,47.4654],[-120.3937,47.4654],[-120.3999,47.4723],[-120.399,47.4822],[-120.4209,47.4944],[-120.3885,47.4944],[-120.3885,47.4897],[-120.3739,47.4863],[-120.3734,47.5125],[-120.3638,47.5256],[-120.3519,47.529],[-120.3589,47.534],[-120.3582,47.5411],[-120.3666,47.5457],[-120.3637,47.5484],[-120.3747,47.5675],[-120.3881,47.578],[-120.4162,47.5966],[-120.4458,47.6005],[-120.4551,47.6059],[-120.4565,47.6174],[-120.4524,47.624],[-120.4578,47.6291],[-120.4588,47.6299]]]}},{"type":"Feature","properties":{"zipCode":"99156"},"geometry":{"type":"Polygon","coordinates":[[[-117.4375,48.1945],[-117.4375,48.2053],[-117.3559,48.2052],[-117.3608,48.2134],[-117.3463,48.2396],[-117.3271,48.2228],[-117.2786,48.2233],[-117.2681,48.2449],[-117.2412,48.2498],[-117.2136,48.2354],[-117.1747,48.2375],[-117.2071,48.2361],[-117.2282,48.2448],[-117.2351,48.2576],[-117.2339,48.2687],[-117.2272,48.2708],[-117.2345,48.2958],[-117.2065,48.296],[-117.1984,48.3098],[-117.1766,48.3099],[-117.1771,48.3059],[-117.1607,48.3099],[-117.1533,48.3259],[-117.1353,48.3278],[-117.1342,48.3379],[-117.1267,48.3339],[-117.1231,48.3394],[-117.0961,48.3391],[-117.0615,48.3483],[-117.0419,48.3454],[-117.0358,48.3394],[-117.0424,47.9584],[-117.1239,47.9588],[-117.1238,47.9733],[-117.1345,47.9733],[-117.1341,48.0024],[-117.1451,48.0022],[-117.1452,48.0163],[-117.1762,48.0164],[-117.1759,48.031],[-117.1555,48.0308],[-117.1557,48.0383],[-117.1758,48.0383],[-117.1758,48.0444],[-117.1631,48.0457],[-117.177,48.0457],[-117.172,48.0558],[-117.1553,48.0563],[-117.1542,48.0498],[-117.1415,48.0457],[-117.1065,48.0455],[-117.1046,48.0711],[-117.0956,48.0748],[-117.1272,48.0763],[-117.1748,48.0614],[-117.1868,48.0458],[-117.1972,48.046],[-117.1973,48.0595],[-117.1757,48.0603],[-117.1753,48.0823],[-117.2081,48.0822],[-117.2082,48.0751],[-117.23,48.0751],[-117.2301,48.0679],[-117.2409,48.0679],[-117.2408,48.0823],[-117.2625,48.0824],[-117.2625,48.0896],[-117.3062,48.0895],[-117.3062,48.0854],[-117.3154,48.0826],[-117.3257,48.0875],[-117.3239,48.0802],[-117.3409,48.0752],[-117.3455,48.0607],[-117.3496,48.0607],[-117.3495,48.0752],[-117.4055,48.0752],[-117.4119,48.0881],[-117.409,48.1095],[-117.4185,48.1181],[-117.4177,48.1299],[-117.4297,48.1391],[-117.4375,48.1383],[-117.4376,48.1662],[-117.4375,48.1945]]]}},{"type":"Feature","properties":{"zipCode":"99344"},"geometry":{"type":"Polygon","coordinates":[[[-119.5619,46.9417],[-119.558,46.9442],[-119.5576,46.963],[-119.5119,46.9608],[-119.4929,46.9667],[-119.4694,46.9646],[-119.4006,46.9817],[-119.267,46.9854],[-119.2605,46.975],[-119.263,46.9642],[-119.2589,46.9535],[-119.2429,46.9412],[-119.2375,46.9243],[-119.242,46.9145],[-119.2374,46.9122],[-118.8341,46.9117],[-118.8351,46.8814],[-118.7673,46.8815],[-118.8062,46.8361],[-118.7725,46.8366],[-118.7726,46.7934],[-118.8178,46.7934],[-118.8246,46.7789],[-118.8224,46.7718],[-118.8293,46.7645],[-118.8566,46.7645],[-118.8565,46.7504],[-118.8988,46.7506],[-118.8986,46.7361],[-118.9199,46.7363],[-118.9201,46.7509],[-118.9413,46.751],[-118.9411,46.7364],[-118.9621,46.7366],[-118.9845,46.7608],[-118.9843,46.7365],[-119.1116,46.7379],[-119.0899,46.7334],[-119.0815,46.718],[-119.1082,46.7154],[-119.1068,46.6963],[-119.0958,46.6814],[-119.1028,46.6649],[-119.1009,46.6484],[-119.1064,46.6435],[-119.1766,46.6719],[-119.1768,46.6475],[-119.2018,46.6408],[-119.1914,46.62],[-119.218,46.6203],[-119.2189,46.6492],[-119.2407,46.6491],[-119.2406,46.6435],[-119.2576,46.6323],[-119.304,46.6274],[-119.3036,46.6534],[-119.3,46.6581],[-119.3037,46.6784],[-119.3692,46.6782],[-119.3694,46.7956],[-119.4542,46.7955],[-119.4534,46.8559],[-119.5052,46.8691],[-119.5052,46.8752],[-119.475,46.8756],[-119.4746,46.8977],[-119.496,46.8974],[-119.4957,46.9131],[-119.5155,46.9132],[-119.5149,46.9489],[-119.5624,46.9405],[-119.5619,46.9417]]]}},{"type":"Feature","properties":{"zipCode":"98331"},"geometry":{"type":"MultiPolygon","coordinates":[[[[-124.5093,47.7989],[-124.5043,47.7974],[-124.5093,47.7983],[-124.5093,47.7989]]],[[[-124.6762,47.967],[-124.6036,47.9684],[-124.5994,47.962],[-124.5875,47.9632],[-124.5789,47.9572],[-124.5818,47.9665],[-124.5677,47.9683],[-124.5631,47.9998],[-124.5444,48.0125],[-124.5322,48.0062],[-124.5026,48.0088],[-124.4991,48.0137],[-124.464,47.9954],[-124.4377,47.9995],[-124.4025,47.9956],[-124.3981,48.0117],[-124.3893,48.0093],[-124.3901,48.0241],[-124.3797,48.0405],[-124.3854,48.0342],[-124.3828,48.0196],[-124.389,48.0139],[-124.369,48.0037],[-124.3791,47.9958],[-124.3624,47.9923],[-124.3737,47.9817],[-124.3998,47.9804],[-124.4033,47.9759],[-124.3745,47.9752],[-124.3621,47.9697],[-124.3331,47.9712],[-124.3354,47.9663],[-124.2596,47.964],[-124.2453,47.952],[-124.2387,47.954],[-124.1988,47.9451],[-124.1922,47.9388],[-124.166,47.936],[-124.1556,47.9294],[-124.1038,47.9395],[-124.0878,47.9315],[-124.062,47.9414],[-124.0178,47.9417],[-123.9904,47.951],[-123.9727,47.946],[-123.9562,47.9533],[-123.9454,47.95],[-123.9451,47.9565],[-123.9354,47.9616],[-123.9242,47.9814],[-123.9262,47.8815],[-123.6986,47.8811],[-123.6982,47.7328],[-123.7127,47.7321],[-123.6981,47.7326],[-123.696,47.6192],[-123.6321,47.6176],[-123.6321,47.5934],[-123.6458,47.5838],[-123.6427,47.5746],[-123.6522,47.5644],[-123.6731,47.5541],[-123.681,47.5337],[-123.751,47.5373],[-123.7709,47.5322],[-123.7912,47.5177],[-123.7994,47.5177],[-123.7883,47.5489],[-123.818,47.5564],[-123.8173,47.5611],[-123.8024,47.5659],[-123.8,47.5806],[-123.7915,47.5919],[-123.7917,47.601],[-123.7997,47.6132],[-123.809,47.6101],[-123.8304,47.6183],[-123.8853,47.6196],[-123.9079,47.6295],[-123.9358,47.6229],[-123.9364,47.6174],[-123.9662,47.6237],[-123.9857,47.6174],[-123.9907,47.6208],[-124.0022,47.6183],[-124.0143,47.6227],[-124.0068,47.6249],[-124.0184,47.6286],[-124.0355,47.6188],[-124.036,47.6121],[-124.0598,47.6121],[-124.0711,47.6047],[-124.0816,47.6071],[-124.0909,47.5985],[-124.0973,47.6014],[-124.11,47.5922],[-124.1075,47.5803],[-124.1209,47.5742],[-124.1422,47.5718],[-124.1494,47.5751],[-124.1713,47.5682],[-124.1969,47.5517],[-124.2195,47.5568],[-124.2154,47.5532],[-124.2231,47.5343],[-124.2188,47.5336],[-124.3515,47.5335],[-124.3822,47.6323],[-124.4121,47.6912],[-124.4202,47.7253],[-124.4305,47.7462],[-124.4474,47.7555],[-124.4539,47.7653],[-124.48,47.7673],[-124.4719,47.7721],[-124.4897,47.817],[-124.498,47.8226],[-124.5128,47.8225],[-124.5226,47.8321],[-124.541,47.8341],[-124.5396,47.8419],[-124.558,47.8537],[-124.559,47.8631],[-124.5734,47.8667],[-124.5799,47.8746],[-124.5966,47.8786],[-124.6032,47.8713],[-124.6105,47.8717],[-124.6095,47.88],[-124.6302,47.8925],[-124.6298,47.8958],[-124.6095,47.8944],[-124.6121,47.9098],[-124.6283,47.9198],[-124.6388,47.9192],[-124.652,47.9432],[-124.6616,47.9466],[-124.6619,47.9544],[-124.6675,47.9581],[-124.6638,47.9634],[-124.6724,47.9644],[-124.6762,47.967]]]]}},{"type":"Feature","properties":{"zipCode":"98356"},"geometry":{"type":"Polygon","coordinates":[[[-122.4691,46.6037],[-122.3727,46.6058],[-122.3675,46.6026],[-122.3807,46.6134],[-122.3675,46.6237],[-122.3478,46.6279],[-122.3463,46.6337],[-122.3264,46.6457],[-122.3267,46.651],[-122.3148,46.6467],[-122.3072,46.6495],[-122.3084,46.6434],[-122.2984,46.6499],[-122.2023,46.6483],[-122.196,46.6797],[-122.1995,46.7],[-122.192,46.7102],[-122.1818,46.7137],[-122.1643,46.7158],[-122.155,46.7096],[-122.16,46.7002],[-122.1423,46.6829],[-122.1161,46.6728],[-122.1114,46.6583],[-122.1435,46.6305],[-122.1493,46.6187],[-122.1482,46.609],[-122.1237,46.6071],[-122.1524,46.6034],[-122.1796,46.5893],[-122.2078,46.5913],[-122.2221,46.585],[-122.2045,46.5749],[-122.1569,46.563],[-122.1469,46.555],[-122.1711,46.548],[-122.184,46.549],[-122.192,46.5397],[-122.185,46.5395],[-122.1883,46.5378],[-122.1812,46.5341],[-122.1949,46.5082],[-122.1741,46.5133],[-122.174,46.5067],[-122.2239,46.4744],[-122.2512,46.4658],[-122.276,46.4694],[-122.3206,46.4878],[-122.3618,46.5177],[-122.3885,46.5257],[-122.3879,46.532],[-122.3981,46.5321],[-122.3976,46.561],[-122.4273,46.5614],[-122.4276,46.5751],[-122.4479,46.5751],[-122.4481,46.5891],[-122.4688,46.5898],[-122.4689,46.5941],[-122.4691,46.6037]]]}},{"type":"Feature","properties":{"zipCode":"98392"},"geometry":{"type":"Polygon","coordinates":[[[-122.5797,47.7445],[-122.5795,47.7515],[-122.5678,47.7514],[-122.5636,47.7441],[-122.5506,47.7428],[-122.5492,47.7368],[-122.5497,47.7309],[-122.5683,47.7135],[-122.569,47.7335],[-122.5638,47.7347],[-122.5689,47.7407],[-122.5797,47.7411],[-122.5797,47.7445]]]}},{"type":"Feature","properties":{"zipCode":"98539"},"geometry":{"type":"Polygon","coordinates":[[[-123.286,46.6362],[-123.2811,46.642],[-123.2709,46.6428],[-123.25,46.6305],[-123.2828,46.6348],[-123.286,46.6362]]]}},{"type":"Feature","properties":{"zipCode":"98558"},"geometry":{"type":"Polygon","coordinates":[[[-122.5642,46.9368],[-122.5556,46.9362],[-122.5637,46.9358],[-122.5642,46.9368]]]}},{"type":"Feature","properties":{"zipCode":"98361"},"geometry":{"type":"Polygon","coordinates":[[[-121.8508,46.7293],[-121.8318,46.7302],[-121.8207,46.7449],[-121.8042,46.7511],[-121.8054,46.7561],[-121.7877,46.7698],[-121.7588,46.7836],[-121.4552,46.7838],[-121.4468,46.7678],[-121.4386,46.7626],[-121.4415,46.7583],[-121.4243,46.7566],[-121.4294,46.7394],[-121.4124,46.7356],[-121.406,46.7274],[-121.3688,46.7262],[-121.3532,46.712],[-121.3798,46.7018],[-121.3745,46.6929],[-121.3767,46.6865],[-121.3989,46.6881],[-121.4132,46.6759],[-121.4115,46.6656],[-121.4165,46.6519],[-121.3952,46.6458],[-121.398,46.6418],[-121.3864,46.636],[-121.3896,46.6287],[-121.3868,46.6208],[-121.4076,46.6015],[-121.4023,46.5943],[-121.4057,46.5823],[-121.4244,46.5706],[-121.4127,46.5587],[-121.4208,46.5513],[-121.4166,46.5482],[-121.4274,46.54],[-121.451,46.5339],[-121.456,46.5167],[-121.4501,46.5035],[-121.4232,46.4927],[-121.4318,46.4867],[-121.4359,46.4759],[-121.4254,46.4641],[-121.4124,46.4598],[-121.4146,46.4514],[-121.4073,46.4299],[-121.3866,46.4106],[-121.3886,46.4019],[-121.3966,46.3882],[-121.4457,46.388],[-121.4472,46.3847],[-121.4565,46.3886],[-121.5508,46.3886],[-121.5453,46.4139],[-121.5476,46.4207],[-121.5397,46.43],[-121.5402,46.4482],[-121.5547,46.4576],[-121.5792,46.4947],[-121.5921,46.4943],[-121.5878,46.5025],[-121.5937,46.5115],[-121.6147,46.5252],[-121.6338,46.5519],[-121.646,46.5594],[-121.6986,46.5719],[-121.6781,46.5867],[-121.687,46.5888],[-121.6761,46.6011],[-121.6937,46.5999],[-121.6978,46.5894],[-121.694,46.5839],[-121.702,46.5823],[-121.7117,46.5697],[-121.7257,46.5666],[-121.7331,46.5805],[-121.7238,46.5905],[-121.7225,46.6003],[-121.7328,46.6148],[-121.7229,46.6244],[-121.7228,46.6321],[-121.712,46.6323],[-121.7113,46.6379],[-121.7246,46.661],[-121.7754,46.6845],[-121.7941,46.6873],[-121.8307,46.7267],[-121.8505,46.7284],[-121.8508,46.7293]]]}},{"type":"Feature","properties":{"zipCode":"98944"},"geometry":{"type":"Polygon","coordinates":[[[-120.1475,46.3209],[-120.0624,46.3042],[-120.0468,46.309],[-120.0412,46.3066],[-120.0517,46.3147],[-120.0464,46.3166],[-120.0517,46.3194],[-120.049,46.3274],[-120.0623,46.3275],[-120.0557,46.3277],[-120.0596,46.3378],[-120.0569,46.3458],[-120.062,46.3458],[-120.062,46.3528],[-120.0726,46.3462],[-120.0724,46.3603],[-120.0619,46.3603],[-120.0617,46.4711],[-120.071,46.4646],[-120.1021,46.4615],[-120.1028,46.4778],[-120.0965,46.4815],[-120.0053,46.476],[-120.0038,46.4815],[-119.9868,46.4892],[-119.9792,46.4903],[-119.9791,46.4862],[-119.969,46.4935],[-119.953,46.4966],[-119.9369,46.4938],[-119.9369,46.5556],[-119.9157,46.5555],[-119.9158,46.5625],[-119.8769,46.5624],[-119.8743,46.6284],[-119.8224,46.6261],[-119.751,46.6357],[-119.7111,46.6488],[-119.6592,46.6403],[-119.6255,46.6447],[-119.5817,46.6699],[-119.5166,46.7276],[-119.4915,46.7196],[-119.4523,46.6892],[-119.4497,46.6847],[-119.457,46.6762],[-119.456,46.671],[-119.413,46.6526],[-119.4074,46.6425],[-119.4053,46.616],[-119.3674,46.5827],[-119.3298,46.5653],[-119.3052,46.5394],[-119.2698,46.5205],[-119.2586,46.4909],[-119.2641,46.4787],[-119.2591,46.4336],[-119.2694,46.3703],[-119.2849,46.3727],[-119.2838,46.3977],[-119.3049,46.3971],[-119.3053,46.3611],[-119.3625,46.3654],[-119.3656,46.3613],[-119.4281,46.3793],[-119.4228,46.3833],[-119.4948,46.4446],[-119.5591,46.4753],[-119.7885,46.4764],[-119.7872,46.4465],[-119.8701,46.4479],[-119.8736,46.3022],[-119.9263,46.3019],[-119.9307,46.2968],[-119.926,46.2954],[-119.9364,46.2959],[-119.9364,46.2874],[-119.946,46.2879],[-119.959,46.2963],[-119.9835,46.2877],[-119.9837,46.273],[-119.9889,46.273],[-119.989,46.2657],[-120.0192,46.2657],[-120.0133,46.2729],[-120.0565,46.2732],[-120.0563,46.2805],[-120.0623,46.2805],[-120.0623,46.2733],[-120.0833,46.2734],[-120.0833,46.2659],[-120.0641,46.2659],[-120.0659,46.2588],[-120.0747,46.2528],[-120.0848,46.2554],[-120.0793,46.2499],[-120.0832,46.2427],[-120.0842,46.2502],[-120.089,46.2525],[-120.1031,46.2486],[-120.1025,46.2551],[-120.1111,46.261],[-120.1068,46.2661],[-120.099,46.2564],[-120.0968,46.2604],[-120.102,46.2653],[-120.0911,46.2664],[-120.0938,46.2717],[-120.0881,46.2776],[-120.0929,46.2815],[-120.0922,46.289],[-120.0981,46.2913],[-120.0945,46.2947],[-120.0986,46.2971],[-120.1047,46.2924],[-120.1133,46.3016],[-120.1138,46.2958],[-120.1235,46.298],[-120.1335,46.3129],[-120.1447,46.313],[-120.1477,46.3193],[-120.1475,46.3209]]]}},{"type":"Feature","properties":{"zipCode":"98830"},"geometry":{"type":"Polygon","coordinates":[[[-119.8563,47.7914],[-119.8564,47.8211],[-119.8351,47.8331],[-119.8349,47.8897],[-119.8251,47.8954],[-119.8244,47.9023],[-119.7814,47.9026],[-119.7819,47.9383],[-119.7712,47.9388],[-119.7714,47.9609],[-119.6639,47.9608],[-119.6639,47.9432],[-119.6588,47.9606],[-119.6516,47.968],[-119.638,47.9523],[-119.5629,47.9428],[-119.5428,47.9446],[-119.5332,47.9511],[-119.5131,47.9504],[-119.5131,47.9563],[-119.4736,47.9612],[-119.4738,48.0785],[-119.4669,48.0803],[-119.4363,48.0767],[-119.4233,48.0626],[-119.4022,48.0504],[-119.3667,48.0528],[-119.3412,48.0498],[-119.3431,48.047],[-119.3287,48.0601],[-119.2779,48.0479],[-119.2149,48.0487],[-119.2129,48.0038],[-119.1959,47.9922],[-119.0847,47.9908],[-119.0827,47.9761],[-119.1828,47.976],[-119.2767,47.948],[-119.2551,47.9462],[-119.2551,47.9317],[-119.1904,47.9317],[-119.1906,47.8878],[-119.2122,47.8877],[-119.2148,47.8347],[-119.2312,47.8448],[-119.3416,47.8444],[-119.3415,47.8736],[-119.3708,47.8745],[-119.3733,47.906],[-119.3893,47.9192],[-119.3955,47.9192],[-119.4008,47.9117],[-119.4004,47.8991],[-119.4211,47.8985],[-119.4223,47.888],[-119.4479,47.888],[-119.4482,47.8736],[-119.4903,47.8733],[-119.4913,47.7504],[-119.5023,47.7503],[-119.5023,47.7431],[-119.5346,47.7395],[-119.5349,47.6996],[-119.5782,47.6983],[-119.6423,47.7168],[-119.7281,47.7139],[-119.7281,47.7419],[-119.7493,47.7481],[-119.7492,47.7721],[-119.7706,47.772],[-119.7708,47.7575],[-119.8136,47.7575],[-119.8135,47.7673],[-119.8563,47.7806],[-119.8565,47.7883],[-119.8563,47.7914]]]}},{"type":"Feature","properties":{"zipCode":"99114"},"geometry":{"type":"Polygon","coordinates":[[[-118.0755,48.4237],[-118.0646,48.4288],[-118.0673,48.4318],[-118.0556,48.4438],[-118.0676,48.4551],[-118.0622,48.4585],[-118.0641,48.4715],[-118.0558,48.4758],[-118.0686,48.4973],[-118.0591,48.5141],[-118.0608,48.5255],[-118.0371,48.5206],[-118.0224,48.5346],[-118.0225,48.5535],[-118.0007,48.5536],[-118.0009,48.5674],[-117.9845,48.5675],[-117.9819,48.5815],[-117.9874,48.5818],[-117.9875,48.5886],[-117.9763,48.5862],[-117.9764,48.6028],[-117.972,48.6034],[-117.972,48.5961],[-117.9591,48.5979],[-117.9593,48.6414],[-117.9548,48.6552],[-117.9499,48.6552],[-117.9556,48.6737],[-117.9391,48.6737],[-117.9335,48.6774],[-117.9335,48.6847],[-117.9282,48.685],[-117.9282,48.6921],[-117.9227,48.692],[-117.9223,48.6994],[-117.9337,48.7034],[-117.9336,48.7221],[-117.944,48.7219],[-117.9441,48.7293],[-117.9018,48.7488],[-117.8951,48.7562],[-117.896,48.7977],[-117.901,48.8023],[-117.8789,48.8022],[-117.879,48.8095],[-117.868,48.8094],[-117.868,48.8165],[-117.8534,48.807],[-117.8463,48.8134],[-117.8489,48.8232],[-117.8244,48.8319],[-117.8261,48.8419],[-117.8533,48.8613],[-117.8284,48.8877],[-117.8292,48.8824],[-117.8109,48.8891],[-117.7943,48.886],[-117.7973,48.8968],[-117.7784,48.9146],[-117.7672,48.9161],[-117.7673,48.922],[-117.7756,48.9174],[-117.7769,48.9231],[-117.7612,48.9345],[-117.7384,48.9403],[-117.7248,48.937],[-117.711,48.9495],[-117.6442,48.973],[-117.639,48.9943],[-117.6309,49.0008],[-117.43,49.0004],[-117.4304,48.9232],[-117.499,48.9232],[-117.4985,48.8369],[-117.5639,48.8367],[-117.5638,48.743],[-117.6294,48.7426],[-117.6292,48.6559],[-117.5,48.6562],[-117.5004,48.443],[-117.5246,48.4477],[-117.5432,48.4628],[-117.5496,48.4585],[-117.5463,48.4628],[-117.5524,48.4666],[-117.5485,48.4627],[-117.5628,48.462],[-117.5774,48.4688],[-117.5743,48.4714],[-117.5861,48.4691],[-117.6142,48.4793],[-117.6319,48.4771],[-117.629,48.4712],[-117.6399,48.4656],[-117.647,48.4534],[-117.659,48.4503],[-117.6669,48.4364],[-117.6982,48.4482],[-117.6976,48.4236],[-117.7715,48.424],[-117.7721,48.3805],[-117.8414,48.3812],[-117.8427,48.3847],[-117.8297,48.3882],[-117.8296,48.3953],[-117.8242,48.3951],[-117.8239,48.4081],[-117.8507,48.4068],[-117.8542,48.4236],[-117.868,48.4421],[-117.8681,48.4263],[-117.8606,48.4217],[-117.8538,48.4031],[-117.8686,48.4056],[-117.8702,48.3811],[-117.8811,48.3808],[-117.8797,48.4092],[-117.9014,48.4091],[-117.9007,48.4165],[-117.9123,48.4163],[-117.9109,48.4234],[-117.9563,48.4233],[-117.9563,48.4286],[-117.961,48.4232],[-117.9613,48.4268],[-117.9634,48.4232],[-117.9771,48.4233],[-117.9771,48.413],[-117.9715,48.412],[-117.9772,48.4095],[-117.9773,48.3943],[-117.9553,48.3942],[-117.9551,48.3508],[-118.0634,48.3509],[-118.0639,48.3867],[-118.0699,48.3916],[-118.0657,48.3897],[-118.0643,48.3946],[-118.0711,48.4062],[-118.0666,48.412],[-118.0732,48.4165],[-118.0706,48.4228],[-118.0746,48.423],[-118.0755,48.4237]]]}},{"type":"Feature","properties":{"zipCode":"98532"},"geometry":{"type":"Polygon","coordinates":[[[-123.3704,46.7347],[-123.2827,46.7365],[-123.2831,46.7067],[-123.2246,46.7062],[-123.2244,46.7207],[-123.0719,46.7208],[-123.0719,46.6918],[-123.0286,46.6917],[-123.0248,46.6699],[-123.0059,46.6694],[-122.9935,46.6877],[-122.9768,46.6894],[-122.9819,46.6914],[-122.9792,46.6961],[-122.9683,46.6906],[-122.955,46.6948],[-122.9293,46.6916],[-122.9293,46.6844],[-122.903,46.6773],[-122.903,46.6701],[-122.8452,46.6762],[-122.8083,46.6678],[-122.8052,46.6779],[-122.7816,46.6776],[-122.7816,46.6919],[-122.7604,46.6915],[-122.7609,46.706],[-122.6998,46.7057],[-122.6991,46.7636],[-122.6476,46.7633],[-122.6477,46.7583],[-122.6384,46.7554],[-122.6457,46.7456],[-122.645,46.7368],[-122.6359,46.733],[-122.6353,46.7275],[-122.6294,46.7277],[-122.6276,46.7188],[-122.6169,46.7199],[-122.6338,46.7045],[-122.631,46.6996],[-122.6367,46.6932],[-122.6671,46.6832],[-122.6691,46.679],[-122.6643,46.6742],[-122.6533,46.6721],[-122.6509,46.6608],[-122.6753,46.6693],[-122.6641,46.6621],[-122.6894,46.6451],[-122.6978,46.6421],[-122.7204,46.6482],[-122.7209,46.627],[-122.714,46.6218],[-122.761,46.619],[-122.7612,46.6047],[-122.7897,46.605],[-122.8076,46.5993],[-122.8192,46.602],[-122.8138,46.5916],[-122.8138,46.5777],[-122.7927,46.5795],[-122.7928,46.5831],[-122.7735,46.5794],[-122.7665,46.5795],[-122.7665,46.5831],[-122.7352,46.583],[-122.7347,46.5789],[-122.7195,46.5756],[-122.7194,46.5709],[-122.7326,46.5684],[-122.7836,46.577],[-122.8081,46.5753],[-122.8171,46.5699],[-122.8174,46.5652],[-122.7929,46.5576],[-122.8033,46.554],[-122.7969,46.5526],[-122.8025,46.5483],[-122.7969,46.5433],[-122.7615,46.5395],[-122.7467,46.5323],[-122.8037,46.5323],[-122.8035,46.5249],[-122.8558,46.5251],[-122.8557,46.5453],[-122.8655,46.5438],[-122.8655,46.5324],[-122.873,46.5324],[-122.8767,46.5617],[-122.9083,46.5653],[-122.9136,46.5618],[-122.9135,46.5727],[-122.9188,46.5763],[-122.9608,46.5764],[-122.9608,46.5838],[-122.9634,46.5727],[-122.9703,46.5732],[-122.9807,46.5615],[-123.0224,46.562],[-123.0218,46.5463],[-123.0323,46.5463],[-123.0323,46.5353],[-123.0376,46.5383],[-123.042,46.5294],[-123.0578,46.5377],[-123.0803,46.5387],[-123.0913,46.5491],[-123.0917,46.5621],[-123.1169,46.5659],[-123.1169,46.5768],[-123.1046,46.5755],[-123.1092,46.5773],[-123.1071,46.5824],[-123.1111,46.5873],[-123.119,46.5875],[-123.1147,46.5821],[-123.1267,46.5822],[-123.1294,46.5769],[-123.1584,46.5773],[-123.1586,46.5845],[-123.1793,46.5845],[-123.1796,46.5772],[-123.2215,46.5777],[-123.2157,46.5501],[-123.2018,46.5476],[-123.2009,46.5393],[-123.181,46.539],[-123.1599,46.5282],[-123.1477,46.5274],[-123.1394,46.5464],[-123.132,46.5462],[-123.1281,46.5441],[-123.1338,46.5344],[-123.1312,46.5281],[-123.1633,46.5184],[-123.1703,46.5318],[-123.204,46.5216],[-123.1969,46.5318],[-123.214,46.5342],[-123.2199,46.5308],[-123.2197,46.5172],[-123.2395,46.5175],[-123.239,46.4993],[-123.2729,46.515],[-123.2809,46.5224],[-123.2767,46.5264],[-123.2924,46.5239],[-123.2875,46.5299],[-123.2943,46.5327],[-123.2901,46.5377],[-123.2994,46.5415],[-123.2969,46.5447],[-123.3049,46.5502],[-123.3056,46.5595],[-123.3014,46.5597],[-123.2994,46.5535],[-123.2816,46.5559],[-123.2814,46.5625],[-123.2929,46.5668],[-123.2899,46.5756],[-123.2997,46.5808],[-123.2882,46.5866],[-123.2908,46.5905],[-123.2773,46.6005],[-123.2876,46.6068],[-123.2751,46.6204],[-123.3205,46.6201],[-123.3207,46.6282],[-123.3367,46.6296],[-123.3416,46.6228],[-123.3654,46.6196],[-123.369,46.7113],[-123.3704,46.7347]],[[-123.2828,46.6348],[-123.25,46.6305],[-123.2709,46.6428],[-123.2811,46.642],[-123.286,46.6362],[-123.2828,46.6348]],[[-122.9139,46.5835],[-122.9085,46.5791],[-122.9109,46.5746],[-122.905,46.5725],[-122.9016,46.5802],[-122.9113,46.5836],[-122.9139,46.5835]]]}},{"type":"Feature","properties":{"zipCode":"98675"},"geometry":{"type":"Polygon","coordinates":[[[-122.5369,45.8759],[-122.5371,45.8811],[-122.5142,45.8855],[-122.5143,45.8956],[-122.505,45.892],[-122.5039,45.8955],[-122.4835,45.8983],[-122.4486,45.8957],[-122.4468,45.9111],[-122.4261,45.9134],[-122.4211,45.9136],[-122.4266,45.8996],[-122.4172,45.9112],[-122.353,45.9314],[-122.3411,45.9427],[-122.3477,45.9454],[-122.3461,45.9512],[-122.3515,45.9568],[-122.3327,45.9651],[-122.3244,45.9761],[-122.3253,45.9827],[-122.3148,45.9913],[-122.325,45.9998],[-122.3283,46.0115],[-122.3175,46.0127],[-122.3117,46.0288],[-122.2947,46.038],[-122.2944,46.0492],[-122.2692,46.0596],[-122.2459,46.0539],[-122.2445,45.8666],[-122.2498,45.8666],[-122.2499,45.6641],[-122.2666,45.6696],[-122.2706,45.6745],[-122.2669,45.6797],[-122.2763,45.6903],[-122.2736,45.6934],[-122.3153,45.7193],[-122.3185,45.724],[-122.3104,45.725],[-122.3138,45.7272],[-122.323,45.7311],[-122.3225,45.7214],[-122.3369,45.7117],[-122.3638,45.7264],[-122.3706,45.7447],[-122.3672,45.75],[-122.373,45.7573],[-122.3731,45.8174],[-122.3862,45.8318],[-122.453,45.8389],[-122.5007,45.8332],[-122.5078,45.8372],[-122.5061,45.8498],[-122.4956,45.8498],[-122.5008,45.8606],[-122.5194,45.8563],[-122.5217,45.8606],[-122.5163,45.8739],[-122.5377,45.8739],[-122.5369,45.8759]]]}},{"type":"Feature","properties":{"zipCode":"98055"},"geometry":{"type":"Polygon","coordinates":[[[-122.2185,47.437],[-122.2179,47.4679],[-122.1856,47.4736],[-122.1889,47.4718],[-122.1836,47.4686],[-122.1865,47.4302],[-122.1971,47.4302],[-122.1971,47.4231],[-122.2179,47.423],[-122.2203,47.4302],[-122.2185,47.437]]]}},{"type":"Feature","properties":{"zipCode":"98244"},"geometry":{"type":"Polygon","coordinates":[[[-122.2844,48.8093],[-122.2632,48.8197],[-122.2644,48.8287],[-122.2702,48.8295],[-122.2646,48.8326],[-122.2536,48.8261],[-122.2066,48.8181],[-122.2373,48.8325],[-122.2338,48.8401],[-122.2287,48.8397],[-122.2285,48.8328],[-122.2139,48.8363],[-122.223,48.8365],[-122.2224,48.9056],[-122.1412,48.9062],[-122.1459,48.9153],[-122.1321,48.9174],[-122.139,48.9245],[-122.1301,48.9234],[-122.1322,48.9317],[-122.1377,48.9317],[-122.1348,48.9426],[-122.1148,48.9425],[-122.0958,48.9325],[-122.0971,48.9203],[-122.0886,48.9234],[-122.0886,48.9132],[-122.0947,48.9096],[-122.0821,48.9084],[-122.0403,48.9278],[-122.0556,48.9211],[-122.0728,48.9215],[-122.0778,48.9286],[-122.0678,48.9324],[-122.0581,48.9448],[-122.0439,48.935],[-122.0015,48.9349],[-121.9941,48.9312],[-121.9942,48.9275],[-121.9998,48.9277],[-122.0001,48.9204],[-121.9793,48.9196],[-121.9938,48.9129],[-121.9895,48.9057],[-121.9383,48.8925],[-121.9084,48.9059],[-121.8965,48.9061],[-121.8901,48.9],[-121.8789,48.9046],[-121.869,48.9008],[-121.7844,48.9131],[-121.7766,48.9067],[-121.7603,48.9109],[-121.7314,48.9027],[-121.6939,48.9079],[-121.6785,48.8959],[-121.6523,48.8939],[-121.6224,48.9073],[-121.5882,48.9101],[-121.5854,48.7876],[-121.6073,48.788],[-121.6071,48.7389],[-121.6196,48.7331],[-121.6603,48.7354],[-121.6823,48.7173],[-121.6952,48.7167],[-121.6933,48.713],[-121.7085,48.6844],[-121.7232,48.6807],[-121.7343,48.6891],[-121.7515,48.6912],[-121.7741,48.7023],[-121.7898,48.7166],[-121.8515,48.7166],[-121.8515,48.6681],[-121.8758,48.6442],[-122.1212,48.6454],[-122.1252,48.6522],[-122.1216,48.6576],[-122.1417,48.6702],[-122.137,48.6738],[-122.1392,48.6762],[-122.1521,48.6829],[-122.1545,48.6783],[-122.1656,48.6779],[-122.1697,48.6836],[-122.1623,48.6874],[-122.1704,48.6976],[-122.1687,48.7016],[-122.1918,48.709],[-122.1897,48.7132],[-122.207,48.7215],[-122.2048,48.73],[-122.2122,48.7295],[-122.2123,48.7339],[-122.2572,48.7308],[-122.2551,48.7382],[-122.2635,48.7494],[-122.2595,48.7553],[-122.2693,48.761],[-122.271,48.7789],[-122.2798,48.7874],[-122.2811,48.798],[-122.2682,48.809],[-122.2827,48.8087],[-122.2844,48.8093]]]}},{"type":"Feature","properties":{"zipCode":"99012"},"geometry":{"type":"Polygon","coordinates":[[[-117.3282,47.4889],[-117.3039,47.4924],[-117.3039,47.4991],[-117.2943,47.4995],[-117.2492,47.4889],[-117.2493,47.4817],[-117.2385,47.4818],[-117.2387,47.4637],[-117.2169,47.4635],[-117.2168,47.4564],[-117.193,47.4564],[-117.1892,47.442],[-117.1628,47.442],[-117.1603,47.4312],[-117.1682,47.4274],[-117.1638,47.4274],[-117.1637,47.4127],[-117.1368,47.4126],[-117.1367,47.4053],[-117.11,47.4054],[-117.11,47.3981],[-117.0885,47.3981],[-117.0885,47.3946],[-117.0671,47.3908],[-117.04,47.393],[-117.0399,47.3325],[-117.0731,47.3325],[-117.0735,47.3183],[-117.0992,47.3221],[-117.0993,47.3294],[-117.1528,47.3261],[-117.1526,47.3332],[-117.1632,47.3326],[-117.1621,47.2883],[-117.1737,47.2827],[-117.1689,47.3014],[-117.1758,47.3098],[-117.1853,47.3028],[-117.2809,47.3036],[-117.2808,47.3157],[-117.3053,47.318],[-117.305,47.3473],[-117.2894,47.3473],[-117.2921,47.3909],[-117.2813,47.391],[-117.2814,47.3619],[-117.2621,47.3526],[-117.2465,47.3512],[-117.2563,47.3536],[-117.2444,47.357],[-117.2457,47.3619],[-117.26,47.3618],[-117.2599,47.3691],[-117.2545,47.3691],[-117.2518,47.3747],[-117.2512,47.3664],[-117.2508,47.383],[-117.2398,47.3887],[-117.2527,47.394],[-117.2517,47.4023],[-117.2671,47.3975],[-117.264,47.4085],[-117.2719,47.4143],[-117.2618,47.4205],[-117.2742,47.4213],[-117.2616,47.4281],[-117.2738,47.431],[-117.2696,47.4397],[-117.2844,47.447],[-117.2917,47.4577],[-117.3134,47.4655],[-117.3118,47.4751],[-117.3251,47.4878],[-117.3282,47.4889]],[[-117.2384,47.3339],[-117.2248,47.3347],[-117.2292,47.3472],[-117.2384,47.3382],[-117.2384,47.3339]]]}},{"type":"Feature","properties":{"zipCode":"98252"},"geometry":{"type":"Polygon","coordinates":[[[-122.0463,48.0941],[-122.0316,48.0942],[-122.032,48.1024],[-122.0169,48.1017],[-122.0192,48.1084],[-122.0059,48.1009],[-121.9856,48.102],[-121.9817,48.0965],[-121.9725,48.096],[-121.9679,48.1112],[-121.9723,48.1181],[-121.9554,48.1243],[-121.8618,48.1234],[-121.8482,48.1439],[-121.8167,48.158],[-121.7666,48.1477],[-121.7491,48.1497],[-121.7055,48.1358],[-121.6785,48.1462],[-121.681,48.1385],[-121.6686,48.1341],[-121.6692,48.1286],[-121.6619,48.1246],[-121.4532,48.1247],[-121.4538,48.0421],[-121.4441,48.0262],[-121.4429,48.0055],[-121.438,47.9974],[-121.4438,47.9863],[-121.475,47.9882],[-121.487,47.9952],[-121.5043,47.9851],[-121.5246,47.9931],[-121.5516,47.9965],[-121.5617,47.9911],[-121.5657,47.9795],[-121.6275,47.9794],[-121.642,47.9723],[-121.6803,47.9761],[-121.726,47.9697],[-121.7565,47.9791],[-121.7968,47.9791],[-121.797,48.008],[-121.9044,48.008],[-121.9074,48.0039],[-121.9206,48.014],[-121.9207,48.0206],[-121.9302,48.0154],[-121.9367,48.0261],[-121.9505,48.0298],[-121.9471,48.0364],[-121.9573,48.0364],[-121.9601,48.0504],[-121.989,48.0541],[-121.9905,48.0612],[-122.0014,48.0629],[-121.9906,48.0719],[-121.9797,48.0722],[-121.9798,48.0759],[-121.9894,48.0796],[-122.0084,48.0708],[-122.0321,48.0724],[-122.045,48.0918],[-122.0463,48.0941]]]}},{"type":"Feature","properties":{"zipCode":"98045"},"geometry":{"type":"Polygon","coordinates":[[[-121.8822,47.5042],[-121.8764,47.5051],[-121.8764,47.5002],[-121.8604,47.5023],[-121.8306,47.4974],[-121.8491,47.5129],[-121.8378,47.5143],[-121.824,47.5041],[-121.8197,47.5097],[-121.8082,47.5052],[-121.8071,47.512],[-121.7893,47.5105],[-121.7861,47.5252],[-121.7766,47.5204],[-121.7652,47.5223],[-121.7595,47.5292],[-121.7498,47.5298],[-121.7235,47.5436],[-121.7172,47.5421],[-121.7107,47.549],[-121.7177,47.5563],[-121.7145,47.5652],[-121.7179,47.5764],[-121.7175,47.5966],[-121.7098,47.6241],[-121.698,47.6369],[-121.6612,47.6511],[-121.6583,47.6534],[-121.6625,47.6555],[-121.6571,47.6571],[-121.6555,47.6509],[-121.6462,47.6504],[-121.6471,47.6552],[-121.6175,47.6651],[-121.5828,47.6331],[-121.5798,47.6109],[-121.5652,47.5966],[-121.5774,47.5778],[-121.5505,47.5717],[-121.5394,47.5641],[-121.53,47.566],[-121.5361,47.5564],[-121.534,47.548],[-121.557,47.5384],[-121.5774,47.5365],[-121.5802,47.5295],[-121.5982,47.525],[-121.6063,47.5125],[-121.6221,47.5077],[-121.6176,47.5044],[-121.6246,47.5044],[-121.625,47.4998],[-121.6309,47.4986],[-121.6289,47.4953],[-121.6456,47.4947],[-121.6461,47.487],[-121.6741,47.47],[-121.6706,47.469],[-121.6737,47.4621],[-121.6803,47.4622],[-121.6799,47.4681],[-121.6861,47.468],[-121.6949,47.4765],[-121.7061,47.4747],[-121.7063,47.4693],[-121.7128,47.4672],[-121.6937,47.4573],[-121.6914,47.4489],[-121.6858,47.4526],[-121.6546,47.4522],[-121.6508,47.4388],[-121.6296,47.4287],[-121.5974,47.4218],[-121.5744,47.4043],[-121.5407,47.3923],[-121.456,47.3923],[-121.4482,47.3886],[-121.4353,47.3935],[-121.4261,47.39],[-121.4405,47.3858],[-121.4378,47.372],[-121.4593,47.3731],[-121.466,47.368],[-121.4615,47.3617],[-121.4629,47.3531],[-121.4368,47.341],[-121.4433,47.3374],[-121.4367,47.3336],[-121.4512,47.3225],[-121.4652,47.325],[-121.5211,47.3133],[-121.5386,47.3269],[-121.5516,47.3457],[-121.5912,47.351],[-121.5953,47.3569],[-121.6178,47.3584],[-121.624,47.3618],[-121.6249,47.3695],[-121.7007,47.3867],[-121.7156,47.3955],[-121.7286,47.4115],[-121.7524,47.4117],[-121.767,47.4192],[-121.7754,47.4155],[-121.7855,47.4202],[-121.7998,47.4123],[-121.8196,47.4106],[-121.825,47.4244],[-121.8214,47.4321],[-121.8059,47.4357],[-121.8109,47.4398],[-121.8092,47.4444],[-121.8228,47.4435],[-121.8285,47.4449],[-121.8227,47.4475],[-121.8384,47.4498],[-121.8434,47.4542],[-121.8474,47.4742],[-121.8619,47.4781],[-121.879,47.5038],[-121.8822,47.5042]]]}},{"type":"Feature","properties":{"zipCode":"98022"},"geometry":{"type":"Polygon","coordinates":[[[-122.1176,47.2266],[-122.1023,47.2356],[-122.1122,47.2429],[-122.0916,47.2445],[-122.091,47.25],[-122.0802,47.2501],[-122.0802,47.2428],[-122.059,47.2481],[-122.057,47.2767],[-122.0167,47.2707],[-122.0143,47.2838],[-122.0061,47.2776],[-121.996,47.2801],[-121.9868,47.273],[-121.9877,47.2789],[-121.975,47.2826],[-121.9733,47.2906],[-121.9674,47.2879],[-121.943,47.3069],[-121.947,47.3215],[-121.9342,47.3193],[-121.9312,47.2856],[-121.9064,47.2906],[-121.9035,47.2994],[-121.8885,47.2986],[-121.8816,47.2924],[-121.8609,47.3047],[-121.8492,47.3004],[-121.8486,47.2833],[-121.8366,47.2951],[-121.8038,47.2881],[-121.786,47.2771],[-121.7675,47.2761],[-121.7622,47.2874],[-121.7764,47.3087],[-121.8066,47.3329],[-121.809,47.359],[-121.8242,47.3668],[-121.827,47.3734],[-121.8378,47.3752],[-121.8418,47.3838],[-121.8533,47.3911],[-121.8235,47.409],[-121.7998,47.4123],[-121.7855,47.4202],[-121.7754,47.4155],[-121.767,47.4192],[-121.7524,47.4117],[-121.7286,47.4115],[-121.7156,47.3955],[-121.7007,47.3867],[-121.6249,47.3695],[-121.624,47.3618],[-121.6178,47.3584],[-121.5953,47.3569],[-121.5912,47.351],[-121.5516,47.3457],[-121.5386,47.3269],[-121.5211,47.3133],[-121.4652,47.325],[-121.4512,47.3225],[-121.4367,47.3336],[-121.4433,47.3374],[-121.4368,47.341],[-121.4306,47.3329],[-121.4453,47.3098],[-121.4327,47.305],[-121.4328,47.2942],[-121.4275,47.2891],[-121.4197,47.2867],[-121.4169,47.2934],[-121.3732,47.285],[-121.3616,47.2919],[-121.3592,47.2853],[-121.3412,47.2813],[-121.332,47.2575],[-121.3398,47.2472],[-121.3607,47.2405],[-121.3584,47.2344],[-121.3651,47.2246],[-121.3352,47.2192],[-121.3113,47.2077],[-121.3063,47.1877],[-121.3178,47.173],[-121.2978,47.1489],[-121.3034,47.1389],[-121.3155,47.1338],[-121.3349,47.1327],[-121.3647,47.1418],[-121.3813,47.1373],[-121.394,47.1328],[-121.4081,47.1181],[-121.399,47.104],[-121.4029,47.0986],[-121.3769,47.0899],[-121.3833,47.0848],[-121.3754,47.0733],[-121.3741,47.057],[-121.3998,47.0335],[-121.3947,47.0233],[-121.4062,47.0122],[-121.4091,46.9952],[-121.4458,46.9802],[-121.4429,46.9723],[-121.4576,46.9642],[-121.4495,46.9344],[-121.4568,46.9231],[-121.4942,46.9088],[-121.5023,46.9102],[-121.5071,46.9187],[-121.499,46.9445],[-121.5043,46.9587],[-121.5187,46.9781],[-121.5417,46.9794],[-121.5345,46.9948],[-121.8545,46.996],[-121.9092,46.9992],[-121.9076,47.011],[-121.9594,47.0112],[-121.9712,47.0243],[-121.9743,47.1341],[-121.9478,47.1428],[-121.9521,47.1545],[-121.97,47.1565],[-121.981,47.1646],[-121.9905,47.1629],[-121.9939,47.1726],[-122.004,47.1701],[-122.0119,47.176],[-122.0481,47.1714],[-122.0634,47.1859],[-122.095,47.1952],[-122.1159,47.2162],[-122.1132,47.2238],[-122.1168,47.2251],[-122.1176,47.2266]]]}},{"type":"Feature","properties":{"zipCode":"98040"},"geometry":{"type":"Polygon","coordinates":[[[-122.2666,47.59],[-122.2637,47.6131],[-122.2331,47.6065],[-122.2003,47.5782],[-122.1993,47.5662],[-122.2082,47.5319],[-122.2357,47.5178],[-122.2512,47.526],[-122.2549,47.5338],[-122.2412,47.552],[-122.2409,47.562],[-122.2649,47.5794],[-122.2668,47.5874],[-122.2666,47.59]]]}},{"type":"Feature","properties":{"zipCode":"98065"},"geometry":{"type":"Polygon","coordinates":[[[-121.9087,47.5295],[-121.8819,47.5289],[-121.8819,47.5364],[-121.8907,47.5364],[-121.8937,47.5436],[-121.8873,47.5437],[-121.8874,47.5473],[-121.8655,47.5471],[-121.8443,47.5391],[-121.8436,47.5483],[-121.8326,47.5393],[-121.8407,47.5515],[-121.8345,47.5535],[-121.8435,47.555],[-121.8435,47.5946],[-121.8685,47.6051],[-121.8592,47.6141],[-121.843,47.6161],[-121.8433,47.623],[-121.8312,47.6267],[-121.8313,47.6367],[-121.8268,47.6393],[-121.8304,47.6515],[-121.8151,47.6599],[-121.8128,47.6724],[-121.8076,47.674],[-121.8124,47.6772],[-121.7853,47.6981],[-121.7546,47.6994],[-121.7465,47.6927],[-121.7154,47.6889],[-121.733,47.6876],[-121.7478,47.6753],[-121.7396,47.6646],[-121.7409,47.6523],[-121.7251,47.6415],[-121.7146,47.6436],[-121.715,47.6512],[-121.698,47.6333],[-121.7098,47.6241],[-121.7151,47.6102],[-121.7179,47.5764],[-121.7145,47.5584],[-121.7177,47.5563],[-121.7107,47.549],[-121.7172,47.5421],[-121.7235,47.5436],[-121.7498,47.5298],[-121.7595,47.5292],[-121.7652,47.5223],[-121.7766,47.5204],[-121.7861,47.5252],[-121.7893,47.5105],[-121.8071,47.512],[-121.8082,47.5052],[-121.8197,47.5097],[-121.824,47.5041],[-121.8378,47.5143],[-121.8491,47.5129],[-121.8306,47.4974],[-121.8604,47.5023],[-121.8764,47.5002],[-121.8764,47.5051],[-121.8845,47.5046],[-121.8872,47.5117],[-121.9007,47.513],[-121.9029,47.5184],[-121.8978,47.5218],[-121.9086,47.5219],[-121.9087,47.5295]]]}},{"type":"Feature","properties":{"zipCode":"98068"},"geometry":{"type":"Polygon","coordinates":[[[-121.7128,47.4693],[-121.6949,47.4765],[-121.6861,47.468],[-121.6799,47.4681],[-121.6803,47.4622],[-121.6737,47.4621],[-121.6706,47.469],[-121.6741,47.47],[-121.6461,47.487],[-121.6456,47.4947],[-121.6289,47.4953],[-121.6309,47.4986],[-121.625,47.4998],[-121.6246,47.5044],[-121.6176,47.5044],[-121.6221,47.5077],[-121.6063,47.5125],[-121.5982,47.525],[-121.5802,47.5295],[-121.5774,47.5365],[-121.5498,47.5404],[-121.5403,47.5472],[-121.528,47.5469],[-121.5105,47.5357],[-121.4849,47.5314],[-121.4825,47.5251],[-121.4571,47.518],[-121.4541,47.5155],[-121.4573,47.5089],[-121.4426,47.4936],[-121.4055,47.4848],[-121.3898,47.4877],[-121.3634,47.5066],[-121.327,47.5163],[-121.3145,47.5315],[-121.2878,47.5431],[-121.2577,47.5445],[-121.2458,47.5384],[-121.2356,47.5446],[-121.2331,47.5604],[-121.2246,47.5672],[-121.1883,47.5687],[-121.1801,47.5649],[-121.1708,47.576],[-121.1723,47.5901],[-121.151,47.5954],[-121.1469,47.5935],[-121.1469,47.369],[-121.1387,47.3612],[-121.1467,47.3577],[-121.1467,47.3047],[-121.2204,47.3049],[-121.2386,47.3335],[-121.2403,47.3578],[-121.2474,47.3598],[-121.2601,47.3813],[-121.275,47.3952],[-121.2871,47.4003],[-121.3144,47.3979],[-121.3271,47.4073],[-121.3384,47.4057],[-121.339,47.3633],[-121.3597,47.3401],[-121.3729,47.361],[-121.3811,47.3884],[-121.3869,47.3918],[-121.3876,47.3761],[-121.3971,47.3718],[-121.4334,47.3934],[-121.4482,47.3886],[-121.456,47.3923],[-121.5407,47.3923],[-121.5744,47.4043],[-121.5974,47.4218],[-121.6296,47.4287],[-121.6508,47.4388],[-121.6546,47.4522],[-121.6858,47.4526],[-121.6914,47.4489],[-121.6937,47.4573],[-121.7128,47.4672],[-121.7128,47.4693]]]}},{"type":"Feature","properties":{"zipCode":"98101"},"geometry":{"type":"Polygon","coordinates":[[[-122.3461,47.6097],[-122.3279,47.6185],[-122.3269,47.613],[-122.3214,47.6119],[-122.3293,47.6066],[-122.3423,47.6043],[-122.345,47.6092],[-122.3461,47.6097]]]}},{"type":"Feature","properties":{"zipCode":"98136"},"geometry":{"type":"Polygon","coordinates":[[[-122.3991,47.5573],[-122.3809,47.5575],[-122.3819,47.5138],[-122.3912,47.5137],[-122.3988,47.5174],[-122.3939,47.5248],[-122.4011,47.5299],[-122.3967,47.5355],[-122.4024,47.5573],[-122.3991,47.5573]]]}},{"type":"Feature","properties":{"zipCode":"98221"},"geometry":{"type":"MultiPolygon","coordinates":[[[[-122.6145,48.6131],[-122.6017,48.614],[-122.5985,48.6077],[-122.6061,48.6059],[-122.6147,48.611],[-122.6145,48.6131]]],[[[-122.6536,48.549],[-122.6452,48.5609],[-122.6516,48.5692],[-122.6524,48.5834],[-122.6494,48.5885],[-122.6426,48.5883],[-122.6293,48.5722],[-122.5789,48.5481],[-122.5744,48.5385],[-122.5772,48.5342],[-122.5728,48.531],[-122.5999,48.5369],[-122.6404,48.5259],[-122.6493,48.5288],[-122.6543,48.538],[-122.6536,48.549]]],[[[-122.6993,48.6211],[-122.6742,48.6299],[-122.657,48.6099],[-122.6661,48.6081],[-122.6983,48.6173],[-122.6993,48.6211]]],[[[-122.7023,48.4944],[-122.6845,48.5091],[-122.6714,48.504],[-122.6152,48.5214],[-122.6,48.5209],[-122.5985,48.5122],[-122.6062,48.5069],[-122.6017,48.5047],[-122.6006,48.4925],[-122.5906,48.4833],[-122.5856,48.4663],[-122.5718,48.4663],[-122.579,48.4924],[-122.5587,48.4998],[-122.5372,48.4663],[-122.5148,48.4555],[-122.5478,48.4549],[-122.5547,48.444],[-122.5774,48.4465],[-122.5782,48.4343],[-122.5858,48.4257],[-122.6094,48.4238],[-122.6186,48.4126],[-122.6264,48.4152],[-122.6561,48.4078],[-122.657,48.4122],[-122.6512,48.4156],[-122.6653,48.4165],[-122.6742,48.4247],[-122.6789,48.4395],[-122.6771,48.4441],[-122.6672,48.4425],[-122.6616,48.4525],[-122.6548,48.4541],[-122.6578,48.4729],[-122.6683,48.4863],[-122.7029,48.492],[-122.7023,48.4944]]],[[[-122.7405,48.585],[-122.7293,48.5897],[-122.7249,48.6033],[-122.7111,48.6093],[-122.6935,48.5956],[-122.6914,48.5903],[-122.6966,48.5881],[-122.6692,48.5694],[-122.6706,48.5645],[-122.6766,48.5663],[-122.6961,48.5543],[-122.682,48.5522],[-122.6859,48.5431],[-122.7224,48.5406],[-122.724,48.5499],[-122.7189,48.5618],[-122.7362,48.569],[-122.7378,48.5816],[-122.7405,48.585]]],[[[-122.839,48.5118],[-122.8287,48.5233],[-122.793,48.5254],[-122.7746,48.5179],[-122.7692,48.5096],[-122.79,48.508],[-122.7993,48.4943],[-122.8162,48.4878],[-122.8183,48.4797],[-122.8337,48.4798],[-122.8406,48.5031],[-122.839,48.5118]]]]}},{"type":"Feature","properties":{"zipCode":"98226"},"geometry":{"type":"Polygon","coordinates":[[[-122.6748,48.7374],[-122.6474,48.774],[-122.6468,48.785],[-122.6643,48.7897],[-122.6513,48.8081],[-122.6496,48.7938],[-122.6341,48.7938],[-122.6251,48.7994],[-122.6046,48.7935],[-122.6021,48.7881],[-122.5898,48.7892],[-122.5922,48.7966],[-122.5819,48.8086],[-122.584,48.8143],[-122.58,48.8189],[-122.5519,48.8149],[-122.5516,48.804],[-122.5358,48.8048],[-122.552,48.8214],[-122.5495,48.8334],[-122.5548,48.8335],[-122.5591,48.8457],[-122.5299,48.848],[-122.5299,48.8552],[-122.5191,48.8552],[-122.519,48.8697],[-122.53,48.8697],[-122.5298,48.8798],[-122.5191,48.8806],[-122.5191,48.8879],[-122.4993,48.8825],[-122.497,48.8697],[-122.4859,48.867],[-122.4814,48.8589],[-122.4537,48.8625],[-122.4646,48.8647],[-122.4647,48.8699],[-122.4426,48.8698],[-122.4481,48.8649],[-122.4427,48.8625],[-122.4151,48.8552],[-122.4038,48.8552],[-122.4038,48.8624],[-122.3981,48.8622],[-122.3983,48.855],[-122.3908,48.8622],[-122.3758,48.8621],[-122.3618,48.8684],[-122.3563,48.8637],[-122.3536,48.8692],[-122.3315,48.869],[-122.3279,48.8763],[-122.3141,48.8665],[-122.3135,48.8607],[-122.3005,48.8579],[-122.3062,48.8547],[-122.2933,48.8398],[-122.2765,48.8397],[-122.2749,48.8329],[-122.2626,48.8244],[-122.2652,48.8175],[-122.2844,48.8093],[-122.2682,48.809],[-122.2811,48.798],[-122.2784,48.7833],[-122.271,48.7789],[-122.2696,48.7617],[-122.2595,48.7553],[-122.2635,48.7494],[-122.2551,48.7382],[-122.2603,48.7197],[-122.2563,48.7158],[-122.261,48.7076],[-122.2724,48.7083],[-122.2724,48.7172],[-122.3058,48.7148],[-122.3616,48.7469],[-122.38,48.7443],[-122.4139,48.7625],[-122.4616,48.763],[-122.4644,48.7726],[-122.4755,48.7811],[-122.5198,48.7888],[-122.5403,48.7798],[-122.5407,48.7851],[-122.549,48.7851],[-122.5517,48.7897],[-122.5515,48.802],[-122.5576,48.7964],[-122.5777,48.792],[-122.5805,48.7882],[-122.5744,48.7833],[-122.5837,48.7901],[-122.5739,48.782],[-122.5748,48.7729],[-122.5832,48.7723],[-122.5843,48.7783],[-122.586,48.7725],[-122.6081,48.7628],[-122.6371,48.7357],[-122.6474,48.7176],[-122.6519,48.7159],[-122.6651,48.7319],[-122.6735,48.7331],[-122.6748,48.7374]]]}},{"type":"Feature","properties":{"zipCode":"98238"},"geometry":{"type":"Polygon","coordinates":[[[-122.3505,48.3413],[-122.3394,48.3416],[-122.3438,48.3228],[-122.3463,48.3248],[-122.3481,48.3392],[-122.3505,48.3413]]]}},{"type":"Feature","properties":{"zipCode":"98241"},"geometry":{"type":"Polygon","coordinates":[[[-121.6879,48.1699],[-121.6546,48.1733],[-121.651,48.1824],[-121.6297,48.2028],[-121.6277,48.219],[-121.6391,48.2379],[-121.6349,48.2453],[-121.6563,48.2565],[-121.6613,48.2669],[-121.6444,48.2756],[-121.6331,48.2881],[-121.6364,48.2985],[-121.5776,48.299],[-121.5743,48.37],[-121.5581,48.3715],[-121.5547,48.3785],[-121.5608,48.3839],[-121.4598,48.3839],[-121.4661,48.38],[-121.4705,48.3604],[-121.4579,48.3473],[-121.4513,48.3466],[-121.4504,48.3347],[-121.4394,48.3231],[-121.4381,48.3126],[-121.4155,48.296],[-121.0017,48.296],[-121.0025,48.2863],[-121.0121,48.2799],[-120.9999,48.2629],[-120.9825,48.2513],[-120.9731,48.2353],[-120.9598,48.2278],[-120.9648,48.2113],[-120.9523,48.2091],[-120.947,48.201],[-120.9193,48.1904],[-120.9074,48.1632],[-120.9319,48.1616],[-120.9332,48.1568],[-120.954,48.1531],[-120.9644,48.143],[-120.9638,48.1356],[-121.1679,48.1356],[-121.1679,48.1255],[-121.324,48.1253],[-121.3241,48.0911],[-121.3648,48.0986],[-121.3868,48.0954],[-121.39,48.0825],[-121.4084,48.0674],[-121.4147,48.056],[-121.4295,48.0556],[-121.4349,48.0342],[-121.4421,48.0261],[-121.4538,48.0421],[-121.4532,48.1247],[-121.6619,48.1246],[-121.6692,48.1286],[-121.6686,48.1341],[-121.681,48.1385],[-121.6802,48.1529],[-121.6882,48.1647],[-121.6879,48.1699]]]}},{"type":"Feature","properties":{"zipCode":"98250"},"geometry":{"type":"MultiPolygon","coordinates":[[[[-123.1383,48.6518],[-123.1235,48.6477],[-123.1383,48.6505],[-123.1383,48.6518]]],[[[-123.1518,48.6411],[-123.1473,48.6385],[-123.1518,48.6388],[-123.1518,48.6411]]],[[[-123.1636,48.6492],[-123.1278,48.6437],[-123.1051,48.6334],[-123.1186,48.6334],[-123.1639,48.6478],[-123.1636,48.6492]]],[[[-123.2033,48.5955],[-123.1797,48.622],[-123.1566,48.6168],[-123.1458,48.625],[-123.1361,48.6201],[-123.1053,48.6226],[-123.097,48.6119],[-123.1005,48.599],[-123.0747,48.5919],[-123.0357,48.5638],[-123.0113,48.5596],[-123.0048,48.5513],[-123.0052,48.5415],[-122.9978,48.5367],[-122.9698,48.5361],[-122.9685,48.5328],[-122.972,48.5203],[-122.9824,48.5145],[-123.0049,48.5208],[-123.0164,48.5186],[-123.0194,48.5109],[-123.0158,48.5038],[-123.0206,48.501],[-123.0073,48.481],[-123.0059,48.4709],[-122.9869,48.4626],[-122.9638,48.4671],[-122.959,48.462],[-122.961,48.4512],[-123.0369,48.4579],[-123.0654,48.4727],[-123.0722,48.4824],[-123.0924,48.4818],[-123.1356,48.5002],[-123.1632,48.5301],[-123.1615,48.5482],[-123.1763,48.5624],[-123.1711,48.5757],[-123.1839,48.5853],[-123.2013,48.5875],[-123.2033,48.5955]]],[[[-123.2361,48.685],[-123.2375,48.6891],[-123.207,48.6888],[-123.1832,48.6836],[-123.1875,48.6819],[-123.1839,48.6775],[-123.1803,48.6833],[-123.1275,48.6568],[-123.158,48.6662],[-123.1794,48.6633],[-123.1828,48.6574],[-123.2197,48.6707],[-123.2378,48.6839],[-123.2361,48.685]]]]}},{"type":"Feature","properties":{"zipCode":"98255"},"geometry":{"type":"Polygon","coordinates":[[[-122.0061,48.5305],[-121.9908,48.5298],[-121.9857,48.5228],[-121.9791,48.5227],[-121.9789,48.5165],[-122.0062,48.5261],[-122.0061,48.5305]]]}},{"type":"Feature","properties":{"zipCode":"98263"},"geometry":{"type":"Polygon","coordinates":[[[-122.072,48.5219],[-122.0719,48.5273],[-122.0552,48.527],[-122.072,48.5157],[-122.072,48.5219]]]}},{"type":"Feature","properties":{"zipCode":"98267"},"geometry":{"type":"Polygon","coordinates":[[[-121.5666,48.6424],[-121.2504,48.6409],[-121.3159,48.6039],[-121.3067,48.595],[-121.3148,48.5841],[-121.3126,48.5799],[-121.318,48.579],[-121.3176,48.5715],[-121.3157,48.5622],[-121.2747,48.5412],[-121.2624,48.5397],[-121.2723,48.5336],[-121.2462,48.5072],[-121.2391,48.4949],[-121.2454,48.4937],[-121.2346,48.4793],[-121.2029,48.4612],[-121.1565,48.4635],[-121.1357,48.4448],[-121.1262,48.4425],[-121.1065,48.4389],[-121.0772,48.4435],[-121.0377,48.4321],[-121.0421,48.4308],[-121.0462,48.4189],[-121.0416,48.4113],[-121.0555,48.4126],[-121.0664,48.3935],[-121.059,48.3857],[-121.0618,48.3796],[-121.0435,48.364],[-121.0406,48.3479],[-121.0607,48.3465],[-121.0692,48.339],[-121.0711,48.3323],[-121.0659,48.3281],[-121.0715,48.318],[-121.0451,48.3089],[-121.0346,48.3115],[-121.0255,48.3023],[-121.0017,48.296],[-121.4155,48.296],[-121.4381,48.3126],[-121.4394,48.3231],[-121.4504,48.3347],[-121.4513,48.3466],[-121.4579,48.3473],[-121.4705,48.3604],[-121.4661,48.38],[-121.4598,48.3839],[-121.56,48.3839],[-121.5502,48.3927],[-121.5524,48.3974],[-121.536,48.405],[-121.5342,48.415],[-121.4981,48.4157],[-121.498,48.4303],[-121.5229,48.4434],[-121.5083,48.4537],[-121.4971,48.4531],[-121.4973,48.4648],[-121.4923,48.4695],[-121.5019,48.4812],[-121.4719,48.4945],[-121.4732,48.5027],[-121.4881,48.5041],[-121.4711,48.504],[-121.4631,48.521],[-121.4506,48.5272],[-121.4523,48.5304],[-121.472,48.5199],[-121.425,48.5733],[-121.4374,48.5772],[-121.457,48.5967],[-121.5011,48.6031],[-121.512,48.6234],[-121.5632,48.6407],[-121.5666,48.6424]]]}},{"type":"Feature","properties":{"zipCode":"98272"},"geometry":{"type":"MultiPolygon","coordinates":[[[[-121.875,47.9652],[-121.8744,47.9645],[-121.875,47.9645],[-121.875,47.9652]]],[[[-122.0469,47.8314],[-122.0295,47.8225],[-121.9952,47.8294],[-121.9916,47.8414],[-122.0122,47.8376],[-122.0125,47.8788],[-122.007,47.8777],[-122.0072,47.8825],[-121.9906,47.873],[-121.9848,47.8775],[-121.9654,47.8776],[-121.9655,47.8887],[-121.9407,47.8815],[-121.9432,47.8905],[-121.9327,47.8942],[-121.9328,47.9021],[-121.9277,47.9021],[-121.933,47.9099],[-121.9382,47.9099],[-121.9385,47.9207],[-121.9274,47.9208],[-121.9281,47.9351],[-121.9388,47.9346],[-121.9388,47.9421],[-121.9477,47.9421],[-121.9464,47.946],[-121.9045,47.9499],[-121.9044,47.957],[-121.8948,47.9439],[-121.875,47.9627],[-121.8594,47.9628],[-121.8355,47.95],[-121.6868,47.9502],[-121.6872,47.9466],[-121.6995,47.9464],[-121.7116,47.9389],[-121.7147,47.9272],[-121.7385,47.9235],[-121.7709,47.923],[-121.7818,47.9264],[-121.7782,47.9322],[-121.7835,47.9353],[-121.7972,47.9336],[-121.8018,47.9248],[-121.8095,47.9247],[-121.8101,47.9142],[-121.8282,47.901],[-121.8352,47.8883],[-121.8253,47.8744],[-121.8315,47.8672],[-121.831,47.8577],[-121.8203,47.8602],[-121.8248,47.8482],[-121.8211,47.8391],[-121.7702,47.8254],[-121.7647,47.8302],[-121.7457,47.8323],[-121.7389,47.8252],[-121.7293,47.826],[-121.7385,47.8195],[-121.7344,47.8123],[-121.7533,47.8083],[-121.737,47.8069],[-121.7165,47.7959],[-121.7484,47.7925],[-121.7558,47.7829],[-121.7785,47.7821],[-121.7929,47.7909],[-121.8162,47.7917],[-121.8228,47.7978],[-121.8243,47.8102],[-121.8505,47.8095],[-121.8532,47.8266],[-121.8477,47.8324],[-121.8546,47.8379],[-121.8635,47.8359],[-121.8619,47.7773],[-122.0183,47.7755],[-122.0195,47.7865],[-122.0129,47.7882],[-122.0181,47.7901],[-122.0181,47.7973],[-122.033,47.7957],[-122.0358,47.819],[-122.0476,47.8313],[-122.0469,47.8314]]]]}},{"type":"Feature","properties":{"zipCode":"98284"},"geometry":{"type":"Polygon","coordinates":[[[-122.3628,48.6875],[-122.3142,48.6878],[-122.3166,48.6991],[-122.304,48.7067],[-122.3058,48.7148],[-122.2724,48.7172],[-122.2724,48.7083],[-122.2441,48.6969],[-122.216,48.6677],[-122.2167,48.6553],[-122.2129,48.6551],[-122.2103,48.6457],[-121.9202,48.6447],[-121.9194,48.5277],[-121.9275,48.5267],[-121.9215,48.5204],[-121.9252,48.518],[-121.9544,48.5199],[-121.8937,48.5088],[-121.8819,48.5122],[-121.869,48.4917],[-121.8761,48.4728],[-121.8931,48.4562],[-121.8921,48.4515],[-121.9139,48.4521],[-121.9101,48.4434],[-121.9165,48.4308],[-121.9217,48.4331],[-121.9218,48.4274],[-121.9959,48.4268],[-122.0091,48.4211],[-122.0135,48.427],[-122.1991,48.4281],[-122.1974,48.4362],[-122.1912,48.4395],[-122.1914,48.4518],[-122.1969,48.4428],[-122.2098,48.4427],[-122.2117,48.4462],[-122.2122,48.4424],[-122.2196,48.4424],[-122.2258,48.452],[-122.2209,48.4541],[-122.2242,48.4546],[-122.2187,48.4649],[-122.2366,48.4679],[-122.2431,48.4838],[-122.2753,48.4735],[-122.2917,48.4738],[-122.2914,48.4885],[-122.286,48.4928],[-122.2859,48.5327],[-122.314,48.5327],[-122.3129,48.5471],[-122.332,48.5485],[-122.3308,48.562],[-122.3228,48.5655],[-122.3204,48.581],[-122.3238,48.5833],[-122.3177,48.5836],[-122.3179,48.591],[-122.3277,48.6023],[-122.3188,48.6024],[-122.3242,48.6127],[-122.3329,48.6164],[-122.3323,48.6312],[-122.3491,48.6312],[-122.353,48.636],[-122.3564,48.6451],[-122.35,48.6451],[-122.3572,48.6486],[-122.3565,48.6594],[-122.3516,48.6595],[-122.3562,48.6653],[-122.3527,48.6737],[-122.3626,48.6861],[-122.3628,48.6875]],[[-122.072,48.5157],[-122.0552,48.527],[-122.0719,48.5273],[-122.072,48.5219],[-122.072,48.5157]],[[-122.0062,48.5261],[-121.9789,48.5165],[-121.9791,48.5227],[-121.9857,48.5228],[-121.9908,48.5298],[-122.0061,48.5305],[-122.0062,48.5261]]]}},{"type":"Feature","properties":{"zipCode":"98297"},"geometry":{"type":"Polygon","coordinates":[[[-123.0679,48.7003],[-123.0457,48.709],[-123.0402,48.7173],[-123.0098,48.7223],[-123.0051,48.6943],[-123.029,48.6783],[-123.0423,48.6757],[-123.0364,48.6901],[-123.0712,48.6993],[-123.0679,48.7003]]]}},{"type":"Feature","properties":{"zipCode":"98304"},"geometry":{"type":"Polygon","coordinates":[[[-122.1387,46.8208],[-122.1286,46.8212],[-122.1286,46.8353],[-122.1143,46.8352],[-122.1114,46.8225],[-122.0941,46.8095],[-122.0683,46.7965],[-122.0453,46.7989],[-122.045,46.764],[-121.9183,46.7652],[-121.9175,46.844],[-121.921,46.8494],[-121.916,46.9963],[-121.9033,47.0008],[-121.8545,46.996],[-121.5345,46.9948],[-121.5417,46.9794],[-121.5187,46.9781],[-121.5043,46.9587],[-121.499,46.9445],[-121.5071,46.9187],[-121.5023,46.9102],[-121.4942,46.9088],[-121.5104,46.8966],[-121.5133,46.8848],[-121.5231,46.8728],[-121.4973,46.8629],[-121.4842,46.8343],[-121.4702,46.8264],[-121.4744,46.8204],[-121.4582,46.812],[-121.455,46.8021],[-121.4425,46.793],[-121.4552,46.7838],[-121.7588,46.7836],[-121.7877,46.7698],[-121.8054,46.7561],[-121.8042,46.7511],[-121.8207,46.7449],[-121.8318,46.7302],[-121.8792,46.7255],[-121.9008,46.7357],[-121.9248,46.7304],[-121.9695,46.7357],[-122.0238,46.7353],[-122.0601,46.7487],[-122.1241,46.7516],[-122.1295,46.7548],[-122.1269,46.7591],[-122.0922,46.7625],[-122.0931,46.7692],[-122.0872,46.7711],[-122.0915,46.776],[-122.0795,46.782],[-122.0791,46.7871],[-122.1157,46.7943],[-122.1393,46.8177],[-122.1387,46.8208]]]}},{"type":"Feature","properties":{"zipCode":"98305"},"geometry":{"type":"Polygon","coordinates":[[[-124.5544,48.0098],[-124.5458,48.0158],[-124.5437,48.029],[-124.5209,48.0387],[-124.5252,48.0439],[-124.521,48.0456],[-124.5195,48.0593],[-124.5101,48.0603],[-124.5042,48.07],[-124.5034,48.0915],[-124.4969,48.0876],[-124.4852,48.0921],[-124.4744,48.0896],[-124.4686,48.0942],[-124.4646,48.1094],[-124.4543,48.1143],[-124.4457,48.1092],[-124.4099,48.1457],[-124.3775,48.1323],[-124.3718,48.1269],[-124.3727,48.1135],[-124.3612,48.1105],[-124.3457,48.1173],[-124.3309,48.1178],[-124.3299,48.1401],[-124.3056,48.15],[-124.3043,48.1432],[-124.2923,48.148],[-124.2531,48.1371],[-124.2292,48.1492],[-124.2182,48.1406],[-124.2162,48.1481],[-124.2203,48.1547],[-124.2079,48.1576],[-124.205,48.1661],[-124.212,48.1735],[-124.2026,48.18],[-124.1936,48.1766],[-124.1896,48.1815],[-124.164,48.169],[-124.1681,48.1568],[-124.1564,48.1335],[-124.2003,48.1342],[-124.2515,48.1117],[-124.2672,48.094],[-124.2632,48.0867],[-124.2659,48.0821],[-124.2844,48.0696],[-124.2811,48.0659],[-124.2715,48.0697],[-124.2643,48.0635],[-124.2486,48.0646],[-124.2435,48.0592],[-124.2438,48.0643],[-124.2349,48.0653],[-124.2296,48.0642],[-124.2362,48.0599],[-124.2313,48.0578],[-124.2218,48.063],[-124.215,48.0566],[-124.1952,48.0611],[-124.1944,48.0561],[-124.1906,48.0587],[-124.1817,48.0547],[-124.1766,48.0603],[-124.1604,48.0544],[-124.1569,48.0595],[-124.1391,48.0579],[-124.0965,48.0664],[-124.0887,48.0625],[-124.0849,48.0683],[-124.0369,48.0704],[-123.9971,48.0589],[-123.9983,48.0553],[-123.9877,48.049],[-123.9651,48.0466],[-123.9545,48.0384],[-123.9447,48.0382],[-123.9246,48.024],[-123.9242,47.9814],[-123.9354,47.9616],[-123.9451,47.9565],[-123.9454,47.95],[-123.9562,47.9533],[-123.9727,47.946],[-123.9904,47.951],[-124.0178,47.9417],[-124.062,47.9414],[-124.0878,47.9315],[-124.1038,47.9395],[-124.1556,47.9294],[-124.166,47.936],[-124.1922,47.9388],[-124.1988,47.9451],[-124.2387,47.954],[-124.2453,47.952],[-124.2596,47.964],[-124.3354,47.9663],[-124.3331,47.9712],[-124.3621,47.9697],[-124.3745,47.9752],[-124.4033,47.9759],[-124.3998,47.9804],[-124.3737,47.9817],[-124.3624,47.9923],[-124.3791,47.9958],[-124.369,48.0037],[-124.389,48.0139],[-124.3828,48.0196],[-124.3854,48.0342],[-124.3797,48.0405],[-124.3901,48.0241],[-124.3893,48.0093],[-124.3981,48.0117],[-124.4055,47.995],[-124.4377,47.9995],[-124.464,47.9954],[-124.4991,48.0137],[-124.5026,48.0088],[-124.5223,48.0069],[-124.5322,48.0062],[-124.5444,48.0125],[-124.5539,48.0092],[-124.5544,48.0098]]]}},{"type":"Feature","properties":{"zipCode":"98312"},"geometry":{"type":"Polygon","coordinates":[[[-122.8699,47.5422],[-122.8477,47.551],[-122.8502,47.5575],[-122.8583,47.5576],[-122.8593,47.5721],[-122.8481,47.5753],[-122.8483,47.5861],[-122.8429,47.5858],[-122.8427,47.5919],[-122.8371,47.593],[-122.8424,47.6003],[-122.8313,47.6002],[-122.8256,47.6176],[-122.815,47.6185],[-122.8152,47.6019],[-122.7993,47.6035],[-122.799,47.6286],[-122.7917,47.6286],[-122.781,47.6566],[-122.7571,47.6598],[-122.7725,47.647],[-122.7672,47.6286],[-122.7353,47.6285],[-122.7353,47.6321],[-122.7247,47.6351],[-122.7246,47.6242],[-122.7142,47.6211],[-122.7133,47.6163],[-122.7121,47.6246],[-122.7194,47.6248],[-122.7194,47.632],[-122.7023,47.6374],[-122.6908,47.6335],[-122.692,47.622],[-122.6846,47.6108],[-122.6825,47.5965],[-122.6732,47.5961],[-122.6731,47.6051],[-122.6656,47.6047],[-122.6438,47.5821],[-122.6463,47.5637],[-122.6532,47.5638],[-122.6552,47.5545],[-122.6982,47.5283],[-122.6789,47.5253],[-122.6834,47.5169],[-122.6789,47.5169],[-122.6791,47.5123],[-122.695,47.5123],[-122.696,47.5247],[-122.7224,47.5233],[-122.7422,47.5115],[-122.7362,47.5068],[-122.741,47.4949],[-122.7463,47.4949],[-122.7547,47.4854],[-122.7551,47.4968],[-122.7659,47.4849],[-122.7515,47.4826],[-122.7514,47.4767],[-122.7777,47.4768],[-122.7812,47.484],[-122.7986,47.4681],[-122.801,47.5204],[-122.8302,47.5233],[-122.8544,47.5178],[-122.8648,47.5213],[-122.8651,47.5338],[-122.8711,47.5414],[-122.8699,47.5422]]]}},{"type":"Feature","properties":{"zipCode":"98314"},"geometry":{"type":"Polygon","coordinates":[[[-122.6462,47.5618],[-122.6271,47.5635],[-122.6459,47.5592],[-122.6462,47.5618]]]}},{"type":"Feature","properties":{"zipCode":"98340"},"geometry":{"type":"Polygon","coordinates":[[[-122.617,47.939],[-122.6039,47.9405],[-122.5922,47.9225],[-122.5491,47.9191],[-122.5253,47.9123],[-122.5261,47.8999],[-122.5159,47.8862],[-122.5468,47.8897],[-122.5468,47.8851],[-122.5776,47.8835],[-122.5882,47.9129],[-122.5962,47.9202],[-122.6179,47.9253],[-122.6162,47.9301],[-122.6203,47.9316],[-122.617,47.939]]]}},{"type":"Feature","properties":{"zipCode":"98360"},"geometry":{"type":"Polygon","coordinates":[[[-122.2471,47.0818],[-122.2354,47.0853],[-122.2423,47.1108],[-122.2428,47.1194],[-122.2386,47.1213],[-122.245,47.1254],[-122.245,47.1371],[-122.2298,47.1386],[-122.2201,47.1464],[-122.2204,47.14],[-122.2251,47.1383],[-122.2203,47.1373],[-122.22,47.1179],[-122.2151,47.1109],[-122.1915,47.0975],[-122.1901,47.0907],[-122.1792,47.0882],[-122.1517,47.1038],[-122.1554,47.107],[-122.1509,47.1074],[-122.1427,47.1218],[-122.1336,47.1204],[-122.1371,47.1248],[-122.1341,47.1349],[-122.1232,47.1377],[-122.1277,47.131],[-122.1018,47.1385],[-122.1333,47.1254],[-122.1151,47.1286],[-122.1134,47.1114],[-122.1026,47.1117],[-122.1025,47.1044],[-122.0804,47.1044],[-122.0796,47.089],[-122.0663,47.0765],[-122.0716,47.0683],[-122.0777,47.0677],[-122.0775,47.0544],[-122.1045,47.0542],[-122.1013,47.0309],[-122.1052,47.0169],[-122.1034,46.9338],[-122.1534,46.9418],[-122.1718,46.9371],[-122.193,46.9459],[-122.2359,46.954],[-122.2278,46.9856],[-122.1948,46.9921],[-122.2169,47.0162],[-122.2108,47.0252],[-122.2087,47.0435],[-122.1933,47.0604],[-122.2002,47.0746],[-122.2157,47.0745],[-122.2144,47.0777],[-122.2235,47.0817],[-122.2264,47.0771],[-122.2444,47.0745],[-122.2497,47.0819],[-122.2471,47.0818]]]}},{"type":"Feature","properties":{"zipCode":"98377"},"geometry":{"type":"Polygon","coordinates":[[[-122.165,46.4645],[-122.1638,46.4746],[-122.1258,46.4752],[-122.126,46.4877],[-122.0927,46.4899],[-122.0531,46.5176],[-122.0529,46.5404],[-122.0445,46.5407],[-122.0575,46.5523],[-122.0556,46.5629],[-122.0394,46.5676],[-122.0319,46.5774],[-122.0127,46.5887],[-122.0152,46.5859],[-122.0082,46.5857],[-121.9927,46.5938],[-121.9933,46.6016],[-122.0005,46.6048],[-121.9974,46.6125],[-121.9852,46.6154],[-121.9811,46.612],[-121.9732,46.6197],[-121.9604,46.618],[-121.961,46.6218],[-121.9509,46.622],[-121.9568,46.6256],[-121.9491,46.6305],[-121.9438,46.6625],[-121.9585,46.6649],[-121.9538,46.6691],[-121.9535,46.6652],[-121.9474,46.6653],[-121.95,46.6669],[-121.9422,46.672],[-121.9031,46.654],[-121.8573,46.6536],[-121.8252,46.6338],[-121.7892,46.64],[-121.7557,46.6307],[-121.7258,46.6075],[-121.7238,46.5905],[-121.7331,46.5805],[-121.7257,46.5666],[-121.7117,46.5697],[-121.702,46.5823],[-121.694,46.5839],[-121.6978,46.5894],[-121.6937,46.5999],[-121.6761,46.6011],[-121.687,46.5888],[-121.6781,46.5867],[-121.6986,46.5719],[-121.6434,46.5586],[-121.6241,46.5434],[-121.6147,46.5252],[-121.5994,46.5184],[-121.5878,46.5025],[-121.5921,46.4943],[-121.5792,46.4947],[-121.5547,46.4576],[-121.5402,46.4482],[-121.5397,46.43],[-121.5476,46.4207],[-121.5453,46.4139],[-121.5508,46.3886],[-121.8924,46.3886],[-121.9076,46.3975],[-121.9052,46.4294],[-121.918,46.4419],[-121.9295,46.4329],[-121.9506,46.4372],[-121.9717,46.4256],[-121.997,46.436],[-122.0133,46.4561],[-122.0379,46.4565],[-122.05,46.4688],[-122.0626,46.4681],[-122.0627,46.4737],[-122.0742,46.4711],[-122.0948,46.4763],[-122.0999,46.4639],[-122.1149,46.467],[-122.1421,46.4584],[-122.1651,46.4637],[-122.165,46.4645]]]}},{"type":"Feature","properties":{"zipCode":"98382"},"geometry":{"type":"Polygon","coordinates":[[[-123.252,47.9692],[-123.2404,47.982],[-123.2486,47.989],[-123.2505,47.9975],[-123.2306,48.0255],[-123.2442,48.0372],[-123.242,48.0409],[-123.2492,48.0512],[-123.2464,48.0706],[-123.2316,48.0816],[-123.2366,48.0894],[-123.2197,48.1096],[-123.2207,48.1257],[-123.1448,48.1759],[-123.1019,48.185],[-123.1324,48.1747],[-123.1421,48.1571],[-123.1118,48.1484],[-123.0852,48.1271],[-123.0589,48.114],[-123.0406,48.0843],[-123.046,48.0828],[-123.0409,48.0623],[-123.0468,48.0576],[-123.0135,48.0266],[-122.9998,48.0227],[-122.9961,48.0275],[-123.0104,48.0544],[-123.0041,48.0637],[-123.0216,48.0787],[-123.0215,48.0841],[-122.9794,48.0959],[-122.9163,48.0954],[-122.9274,48.0645],[-122.9194,48.0579],[-122.8752,48.0464],[-122.8824,48.0287],[-122.8786,48.0225],[-122.8804,48.0108],[-122.903,47.9992],[-122.9058,48.0024],[-122.9044,47.9948],[-122.92,47.9912],[-122.9208,47.9865],[-122.9123,47.9784],[-122.9492,47.9926],[-122.9492,47.8668],[-123.1516,47.8669],[-123.1157,47.8916],[-123.1073,47.9087],[-123.096,47.9177],[-123.089,47.938],[-123.1068,47.9533],[-123.1033,47.9622],[-123.1082,47.9741],[-123.1144,47.9741],[-123.1127,47.9662],[-123.1279,47.9601],[-123.1272,47.9564],[-123.1672,47.9435],[-123.1646,48.0025],[-123.1861,47.9813],[-123.1919,47.9658],[-123.2306,47.9618],[-123.2306,47.9686],[-123.2533,47.9686],[-123.252,47.9692]]]}},{"type":"Feature","properties":{"zipCode":"98520"},"geometry":{"type":"MultiPolygon","coordinates":[[[[-124.0681,46.863],[-124.0551,46.8704],[-124.0463,46.894],[-124.0137,46.9036],[-124.0084,46.9126],[-123.9851,46.9219],[-123.9575,46.9213],[-123.8389,46.954],[-123.8521,46.9644],[-123.8514,46.9843],[-123.8372,46.9935],[-123.842,46.995],[-123.8403,47.0514],[-123.8194,47.0517],[-123.819,47.0573],[-123.7985,47.0676],[-123.7974,47.1092],[-123.786,47.1101],[-123.7913,47.1133],[-123.778,47.1223],[-123.7793,47.1328],[-123.774,47.1418],[-123.7667,47.1436],[-123.7673,47.15],[-123.7755,47.1536],[-123.7761,47.1631],[-123.7365,47.1695],[-123.7397,47.1745],[-123.7321,47.1735],[-123.7226,47.1823],[-123.72,47.1951],[-123.7149,47.1965],[-123.7148,47.2083],[-123.7084,47.2151],[-123.7169,47.2195],[-123.7142,47.2681],[-123.73,47.2802],[-123.7282,47.2924],[-123.7383,47.3017],[-123.6958,47.2989],[-123.6967,47.3445],[-123.6415,47.3424],[-123.6411,47.3381],[-123.6559,47.334],[-123.6428,47.3288],[-123.6456,47.3258],[-123.6386,47.313],[-123.6532,47.2998],[-123.6526,47.2911],[-123.6453,47.2891],[-123.6606,47.2854],[-123.65,47.2786],[-123.653,47.2678],[-123.6593,47.2662],[-123.6415,47.2604],[-123.65,47.2572],[-123.6453,47.2462],[-123.6507,47.2423],[-123.6353,47.2345],[-123.6389,47.2223],[-123.6544,47.2433],[-123.6718,47.2366],[-123.6753,47.2206],[-123.6647,47.2214],[-123.6478,47.2125],[-123.6564,47.1976],[-123.6483,47.1917],[-123.6495,47.1739],[-123.6625,47.165],[-123.6572,47.1586],[-123.6762,47.1519],[-123.6924,47.1345],[-123.6955,47.1187],[-123.7116,47.0922],[-123.7248,47.084],[-123.7241,47.0802],[-123.7353,47.0803],[-123.7359,46.9946],[-123.6764,46.9949],[-123.6759,46.9809],[-123.6712,46.9752],[-123.6753,46.9695],[-123.6601,46.9587],[-123.6918,46.958],[-123.7194,46.9484],[-123.7302,46.9524],[-123.7341,46.9455],[-123.7431,46.9521],[-123.7443,46.9614],[-123.7631,46.9567],[-123.7835,46.9623],[-123.7812,46.9558],[-123.789,46.9552],[-123.7891,46.9445],[-123.7617,46.9435],[-123.7602,46.9474],[-123.7306,46.9339],[-123.7366,46.9292],[-123.7346,46.8887],[-123.7415,46.8821],[-123.7372,46.8764],[-123.7388,46.8651],[-123.7556,46.8649],[-123.7558,46.8506],[-123.791,46.8505],[-123.7957,46.8361],[-123.7808,46.8364],[-123.8027,46.825],[-123.8092,46.8276],[-123.803,46.8312],[-123.8131,46.8374],[-123.8216,46.834],[-123.824,46.8259],[-123.8375,46.8285],[-123.8362,46.8219],[-123.8575,46.8262],[-123.8451,46.8191],[-123.8539,46.805],[-123.8522,46.7917],[-123.9653,46.793],[-123.9632,46.8138],[-123.9735,46.8321],[-123.9842,46.8333],[-123.9917,46.8403],[-124.0088,46.8386],[-124.0408,46.8575],[-124.0636,46.8589],[-124.0682,46.863],[-124.0681,46.863]]],[[[-124.0847,46.8589],[-124.0708,46.8618],[-124.0847,46.8588],[-124.0847,46.8589]]]]}},{"type":"Feature","properties":{"zipCode":"98538"},"geometry":{"type":"Polygon","coordinates":[[[-123.3056,46.5595],[-123.3044,46.5487],[-123.2969,46.5447],[-123.2994,46.5415],[-123.2901,46.5377],[-123.2943,46.5327],[-123.2875,46.5299],[-123.2924,46.5239],[-123.2767,46.5264],[-123.2809,46.5224],[-123.2729,46.515],[-123.239,46.4993],[-123.2395,46.5175],[-123.2197,46.5172],[-123.2199,46.5308],[-123.214,46.5342],[-123.1969,46.5318],[-123.204,46.5216],[-123.1703,46.5318],[-123.1599,46.5187],[-123.1339,46.5246],[-123.1338,46.5344],[-123.1279,46.54],[-123.1281,46.5441],[-123.1394,46.5464],[-123.1477,46.5274],[-123.1599,46.5282],[-123.181,46.539],[-123.2009,46.5393],[-123.2018,46.5476],[-123.2157,46.5501],[-123.2215,46.5777],[-123.1796,46.5772],[-123.1793,46.5845],[-123.1586,46.5845],[-123.1584,46.5773],[-123.1294,46.5769],[-123.1267,46.5822],[-123.1147,46.5821],[-123.119,46.5875],[-123.1084,46.5855],[-123.1092,46.5773],[-123.1046,46.5755],[-123.1169,46.5768],[-123.1169,46.5659],[-123.0917,46.5621],[-123.0889,46.5442],[-123.0716,46.5335],[-123.0558,46.492],[-123.0484,46.4846],[-123.0283,46.4794],[-123.0526,46.4744],[-123.0517,46.4162],[-123.0806,46.4169],[-123.0789,46.4056],[-123.0718,46.4017],[-123.0413,46.3971],[-123.0411,46.3909],[-123.047,46.3876],[-123.2393,46.3848],[-123.2416,46.4462],[-123.2592,46.4493],[-123.285,46.443],[-123.2918,46.4509],[-123.2821,46.455],[-123.2879,46.4581],[-123.2828,46.4648],[-123.3003,46.4754],[-123.2998,46.4789],[-123.2945,46.4772],[-123.2972,46.4827],[-123.2923,46.4825],[-123.2912,46.491],[-123.2962,46.4932],[-123.2901,46.5022],[-123.273,46.5121],[-123.2733,46.5169],[-123.281,46.5224],[-123.2768,46.5235],[-123.2791,46.5271],[-123.2926,46.524],[-123.2877,46.5299],[-123.2936,46.5314],[-123.2905,46.5375],[-123.3047,46.5483],[-123.3058,46.5595],[-123.3056,46.5595]]]}},{"type":"Feature","properties":{"zipCode":"98550"},"geometry":{"type":"MultiPolygon","coordinates":[[[[-123.8845,46.9658],[-123.8648,46.9651],[-123.8534,46.9587],[-123.8605,46.9561],[-123.8858,46.9641],[-123.8845,46.9658]]],[[[-124.1712,47.0294],[-124.1563,47.0294],[-124.1602,47.0459],[-124.1533,47.0459],[-124.1561,47.0529],[-124.1529,47.057],[-124.1382,47.0567],[-124.1402,47.0651],[-124.1347,47.0639],[-124.1232,47.0748],[-124.1032,47.0658],[-124.1077,47.0561],[-124.0685,47.0561],[-124.068,47.0868],[-124.0604,47.0862],[-124.0638,47.0816],[-124.0592,47.0813],[-124.0625,47.0909],[-124.0595,47.0953],[-124.0808,47.1025],[-124.0785,47.1103],[-124.0877,47.1156],[-124.0785,47.1122],[-124.0862,47.1227],[-124.0758,47.1288],[-124.0459,47.1281],[-124.0462,47.2106],[-124.0291,47.2243],[-124.0124,47.2254],[-124.0058,47.2333],[-124.0106,47.2352],[-124.0094,47.2455],[-123.9937,47.2486],[-123.9902,47.251],[-123.9924,47.2563],[-123.9804,47.2469],[-123.9613,47.2464],[-123.9582,47.2412],[-123.9947,47.2317],[-123.9589,47.2323],[-123.9623,47.2294],[-123.9566,47.2308],[-123.9453,47.2242],[-123.9202,47.237],[-123.9065,47.2507],[-123.8895,47.2469],[-123.8974,47.2533],[-123.8951,47.2589],[-123.8864,47.2559],[-123.8825,47.2617],[-123.8788,47.2574],[-123.8775,47.2669],[-123.8634,47.2714],[-123.8672,47.2755],[-123.8611,47.2771],[-123.8643,47.28],[-123.8514,47.2834],[-123.8513,47.2898],[-123.8468,47.2863],[-123.843,47.2889],[-123.8477,47.2951],[-123.8338,47.2969],[-123.8413,47.2975],[-123.8378,47.3018],[-123.8414,47.3027],[-123.8429,47.3184],[-123.8331,47.3299],[-123.7545,47.327],[-123.7548,47.3022],[-123.7309,47.2979],[-123.73,47.2802],[-123.7142,47.2681],[-123.7169,47.2195],[-123.7085,47.214],[-123.7148,47.2083],[-123.7126,47.2015],[-123.72,47.1951],[-123.7226,47.1823],[-123.7321,47.1735],[-123.7397,47.1745],[-123.7365,47.1695],[-123.7761,47.1631],[-123.7755,47.1536],[-123.7673,47.15],[-123.7667,47.1436],[-123.774,47.1418],[-123.7793,47.1328],[-123.778,47.1223],[-123.7913,47.1133],[-123.786,47.1101],[-123.7974,47.1092],[-123.7985,47.0676],[-123.819,47.0573],[-123.8194,47.0517],[-123.8403,47.0514],[-123.842,46.995],[-123.8372,46.9935],[-123.8514,46.9843],[-123.8521,46.9644],[-123.8982,46.9719],[-123.9469,46.9687],[-123.9592,46.9818],[-123.9916,46.9802],[-124.0122,46.9852],[-124.0197,46.9912],[-124.0052,47.0039],[-124.0181,47.0094],[-124.017,47.0148],[-124.0263,47.0302],[-124.0608,47.0434],[-124.1221,47.0416],[-124.1415,47.0351],[-124.149,47.0293],[-124.1479,47.013],[-124.1705,47.0175],[-124.1712,47.0287],[-124.1712,47.0294]]]]}},{"type":"Feature","properties":{"zipCode":"98552"},"geometry":{"type":"Polygon","coordinates":[[[-124.0649,47.2892],[-124.0299,47.3197],[-124.0418,47.3258],[-124.0362,47.3293],[-124.0302,47.354],[-124.0431,47.3644],[-124.0596,47.3657],[-124.0598,47.3719],[-124.0284,47.3742],[-124.0127,47.3663],[-123.9856,47.3624],[-123.9673,47.3692],[-123.9283,47.3682],[-123.8825,47.3807],[-123.8824,47.3953],[-123.8713,47.3954],[-123.8714,47.4195],[-123.8824,47.4222],[-123.8823,47.4173],[-123.8912,47.4173],[-123.9059,47.4227],[-123.877,47.4488],[-123.8768,47.4309],[-123.8356,47.4205],[-123.8387,47.4076],[-123.8594,47.3903],[-123.8578,47.3813],[-123.8523,47.3798],[-123.8879,47.3754],[-123.8972,47.3542],[-123.9123,47.3451],[-123.8829,47.3448],[-123.8838,47.3315],[-123.8331,47.3299],[-123.8429,47.3184],[-123.8414,47.3027],[-123.8378,47.3018],[-123.8413,47.2975],[-123.8338,47.2969],[-123.8477,47.2951],[-123.843,47.2889],[-123.8468,47.2863],[-123.8513,47.2898],[-123.8514,47.2834],[-123.8643,47.28],[-123.8611,47.2771],[-123.8672,47.2755],[-123.8634,47.2714],[-123.8775,47.2669],[-123.8788,47.2574],[-123.8825,47.2617],[-123.8864,47.2559],[-123.8951,47.2589],[-123.8974,47.2533],[-123.8895,47.2469],[-123.9065,47.2507],[-123.9202,47.237],[-123.9453,47.2242],[-123.9566,47.2308],[-123.9623,47.2294],[-123.9589,47.2323],[-123.9947,47.2317],[-123.9582,47.2412],[-123.9613,47.2464],[-123.9848,47.2487],[-123.9924,47.2563],[-123.9902,47.251],[-123.9937,47.2486],[-124.0115,47.2431],[-124.0106,47.2352],[-124.0058,47.2333],[-124.0124,47.2254],[-124.0238,47.2251],[-124.0159,47.2287],[-124.0216,47.2332],[-124.0164,47.2343],[-124.0136,47.2437],[-124.0247,47.2503],[-124.0168,47.2584],[-124.0313,47.2638],[-124.0318,47.2852],[-124.0643,47.2881],[-124.0649,47.2892]]]}},{"type":"Feature","properties":{"zipCode":"98571"},"geometry":{"type":"Polygon","coordinates":[[[-124.2122,47.2361],[-124.1942,47.2368],[-124.1848,47.2214],[-124.1874,47.2091],[-124.1978,47.2064],[-124.1989,47.1974],[-124.1836,47.2002],[-124.1842,47.1613],[-124.193,47.1613],[-124.2093,47.2188],[-124.204,47.2185],[-124.2127,47.2326],[-124.2122,47.2361]]]}},{"type":"Feature","properties":{"zipCode":"98584"},"geometry":{"type":"Polygon","coordinates":[[[-123.4198,47.2522],[-123.4084,47.2659],[-123.3906,47.2769],[-123.3766,47.2795],[-123.3766,47.3448],[-123.2979,47.3447],[-123.2799,47.3681],[-123.292,47.3817],[-123.3123,47.3784],[-123.3144,47.3811],[-123.3036,47.39],[-123.3103,47.3938],[-123.3093,47.4008],[-123.3147,47.4059],[-123.3087,47.409],[-123.3211,47.4055],[-123.3188,47.4113],[-123.33,47.4169],[-123.3198,47.4212],[-123.3212,47.4268],[-123.3104,47.4388],[-123.3117,47.4426],[-123.3473,47.4543],[-123.3889,47.4576],[-123.3961,47.4627],[-123.3942,47.4721],[-123.3904,47.464],[-123.384,47.4703],[-123.3537,47.4691],[-123.3111,47.4808],[-123.3068,47.4858],[-123.265,47.4809],[-123.2338,47.4565],[-123.2299,47.4361],[-123.2439,47.4161],[-123.2268,47.4161],[-123.2197,47.422],[-123.2052,47.4072],[-123.209,47.4019],[-123.2015,47.3984],[-123.2044,47.3907],[-123.2131,47.3878],[-123.1887,47.388],[-123.1808,47.3769],[-123.1702,47.3757],[-123.1533,47.3755],[-123.1472,47.3838],[-123.1475,47.3752],[-123.1579,47.3711],[-123.1554,47.3611],[-123.1596,47.3544],[-123.1404,47.3418],[-123.1143,47.3369],[-123.1213,47.3275],[-123.1323,47.3283],[-123.142,47.3174],[-123.1413,47.31],[-123.163,47.3019],[-123.1306,47.3018],[-123.1289,47.2879],[-123.1222,47.2898],[-123.1222,47.2839],[-123.0829,47.2873],[-123.0792,47.3017],[-123.0993,47.3018],[-123.0934,47.3133],[-123.0579,47.3163],[-123.0578,47.3308],[-122.994,47.3309],[-122.9941,47.3059],[-123.0154,47.2998],[-123.0154,47.2872],[-123.0337,47.2863],[-123.039,47.2782],[-123.0273,47.2764],[-123.0105,47.28],[-122.9941,47.2903],[-122.9573,47.285],[-122.9599,47.2822],[-122.9443,47.287],[-122.9207,47.2775],[-122.9135,47.2846],[-122.8701,47.2962],[-122.8629,47.3067],[-122.8526,47.3068],[-122.8475,47.297],[-122.8715,47.2769],[-122.8632,47.2701],[-122.8703,47.2486],[-122.8596,47.2504],[-122.8648,47.2393],[-122.8565,47.2352],[-122.8525,47.2225],[-122.8392,47.2097],[-122.851,47.1839],[-122.8632,47.1705],[-122.8584,47.1678],[-122.8799,47.1583],[-122.9035,47.1575],[-122.9113,47.176],[-122.9348,47.182],[-122.9399,47.1899],[-122.947,47.1856],[-122.9492,47.1739],[-122.9612,47.1644],[-123.0057,47.1489],[-123.0214,47.1181],[-123.0587,47.1145],[-123.0737,47.1062],[-123.075,47.0894],[-123.0907,47.0953],[-123.0898,47.0853],[-123.2445,47.0848],[-123.2444,47.0992],[-123.3281,47.0984],[-123.3278,47.1257],[-123.3177,47.1326],[-123.309,47.129],[-123.2853,47.1317],[-123.2635,47.1428],[-123.2555,47.152],[-123.2596,47.1593],[-123.2765,47.1581],[-123.2768,47.1627],[-123.2998,47.1622],[-123.3079,47.1568],[-123.3078,47.1945],[-123.3351,47.1793],[-123.3288,47.1694],[-123.3624,47.158],[-123.3716,47.1643],[-123.3716,47.1583],[-123.3927,47.1539],[-123.4018,47.1429],[-123.4031,47.158],[-123.3888,47.1658],[-123.3862,47.1756],[-123.383,47.2025],[-123.3865,47.2139],[-123.3922,47.2174],[-123.3919,47.2262],[-123.3858,47.2317],[-123.3904,47.2325],[-123.3882,47.2371],[-123.4079,47.2381],[-123.4217,47.2499],[-123.4198,47.2522]]]}},{"type":"Feature","properties":{"zipCode":"98597"},"geometry":{"type":"Polygon","coordinates":[[[-122.6597,46.938],[-122.6541,46.9454],[-122.6541,46.967],[-122.6434,46.967],[-122.645,46.978],[-122.6577,46.996],[-122.6305,46.9959],[-122.6386,46.9791],[-122.6274,46.9709],[-122.6117,46.9672],[-122.611,46.9767],[-122.59,46.974],[-122.5801,46.9775],[-122.5754,46.9716],[-122.587,46.9706],[-122.5872,46.9668],[-122.5631,46.9644],[-122.5719,46.9611],[-122.5632,46.9353],[-122.5279,46.925],[-122.5206,46.9156],[-122.5061,46.9134],[-122.4941,46.9048],[-122.4973,46.8972],[-122.4911,46.8881],[-122.4936,46.88],[-122.4879,46.8789],[-122.4907,46.8673],[-122.4738,46.862],[-122.4666,46.866],[-122.4581,46.8636],[-122.4517,46.8526],[-122.446,46.8562],[-122.4078,46.8456],[-122.4083,46.8425],[-122.3907,46.8457],[-122.3785,46.8394],[-122.3712,46.8454],[-122.3468,46.837],[-122.3277,46.8443],[-122.3251,46.8305],[-122.3036,46.8281],[-122.3027,46.8087],[-122.3125,46.796],[-122.2858,46.7741],[-122.2799,46.7764],[-122.2625,46.7652],[-122.2595,46.7721],[-122.2406,46.7759],[-122.2266,46.7688],[-122.2113,46.7702],[-122.2034,46.7638],[-122.4868,46.762],[-122.5096,46.7627],[-122.5055,46.7677],[-122.4694,46.7774],[-122.4674,46.7927],[-122.4756,46.7922],[-122.474,46.7953],[-122.5026,46.8078],[-122.5216,46.812],[-122.5294,46.8214],[-122.5512,46.8215],[-122.5509,46.8336],[-122.5554,46.8314],[-122.5972,46.8456],[-122.6208,46.8454],[-122.6348,46.8505],[-122.6346,46.8578],[-122.6502,46.8615],[-122.6553,46.867],[-122.6555,46.8942],[-122.6446,46.8948],[-122.6444,46.9045],[-122.6542,46.9036],[-122.6432,46.912],[-122.654,46.9126],[-122.6542,46.938],[-122.6597,46.938]]]}},{"type":"Feature","properties":{"zipCode":"98603"},"geometry":{"type":"Polygon","coordinates":[[[-122.6128,45.9631],[-122.5986,45.9742],[-122.6033,45.975],[-122.6016,45.9786],[-122.5892,45.9862],[-122.5986,45.9998],[-122.5933,46.0037],[-122.5979,46.0037],[-122.5979,46.0112],[-122.6084,46.0113],[-122.608,46.0405],[-122.5858,46.0405],[-122.6003,46.0482],[-122.5912,46.0534],[-122.5613,46.0486],[-122.5553,46.053],[-122.5565,46.0577],[-122.5371,46.0557],[-122.5077,46.0738],[-122.4969,46.0684],[-122.4838,46.0683],[-122.4745,46.0737],[-122.4379,46.0716],[-122.4182,46.0896],[-122.4089,46.0898],[-122.3933,46.0997],[-122.3612,46.1054],[-122.3591,46.1211],[-122.3277,46.1287],[-122.323,46.142],[-122.2966,46.1443],[-122.263,46.1379],[-122.2462,46.1428],[-122.2458,46.064],[-122.2619,46.0604],[-122.2758,46.0648],[-122.2936,46.0588],[-122.2946,46.0668],[-122.3071,46.073],[-122.3065,46.0774],[-122.3089,46.0727],[-122.303,46.0616],[-122.3166,46.0579],[-122.3093,46.0357],[-122.3294,46.0157],[-122.3321,46.0088],[-122.3285,46.0058],[-122.3342,46.0033],[-122.3298,45.996],[-122.3356,45.9875],[-122.3276,45.9839],[-122.3345,45.9734],[-122.3419,45.9718],[-122.3357,45.9632],[-122.349,45.9604],[-122.3491,45.9656],[-122.3435,45.9615],[-122.3366,45.9673],[-122.3485,45.967],[-122.349,45.9805],[-122.3694,45.9766],[-122.3748,45.9679],[-122.372,45.9787],[-122.4146,45.9817],[-122.4174,45.9786],[-122.4039,45.9737],[-122.3872,45.9736],[-122.3834,45.9709],[-122.3867,45.9678],[-122.3752,45.9601],[-122.3985,45.9725],[-122.4224,45.9774],[-122.4422,45.9758],[-122.4464,45.9832],[-122.4771,45.9881],[-122.4859,45.9833],[-122.4975,45.987],[-122.497,45.9807],[-122.5012,45.98],[-122.5107,45.9849],[-122.5345,45.9792],[-122.532,45.9736],[-122.5469,45.967],[-122.5595,45.9525],[-122.6121,45.961],[-122.6128,45.9631]]]}},{"type":"Feature","properties":{"zipCode":"98610"},"geometry":{"type":"Polygon","coordinates":[[[-122.2501,45.7658],[-122.2502,45.78],[-122.2097,45.7793],[-122.2057,45.7744],[-122.2084,45.7793],[-122.1677,45.7791],[-122.1483,45.7945],[-122.1306,45.7893],[-122.1039,45.8068],[-122.0806,45.8091],[-122.0752,45.804],[-122.0574,45.8123],[-122.0496,45.8096],[-122.0478,45.8165],[-122.033,45.8289],[-122.0222,45.8259],[-122.0267,45.8356],[-122.0143,45.8558],[-122.0042,45.8555],[-122.0042,45.8662],[-121.9973,45.8662],[-121.9973,45.8837],[-121.9804,45.8793],[-121.9399,45.8412],[-121.9204,45.87],[-121.9223,45.8744],[-121.9168,45.8729],[-121.918,45.8808],[-121.8994,45.8692],[-121.9001,45.8507],[-121.8671,45.8397],[-121.8605,45.8431],[-121.8631,45.8356],[-121.8589,45.8391],[-121.8291,45.8393],[-121.8294,45.8458],[-121.8223,45.8494],[-121.8234,45.8565],[-121.7952,45.8662],[-121.7941,45.7532],[-121.8139,45.7508],[-121.8139,45.7439],[-121.7968,45.7304],[-121.7943,45.7225],[-121.788,45.7212],[-121.7919,45.716],[-121.8148,45.717],[-121.836,45.7113],[-121.8359,45.7186],[-121.8458,45.7186],[-121.8458,45.7258],[-121.8558,45.7258],[-121.8559,45.7417],[-121.8872,45.755],[-121.8939,45.7637],[-121.9304,45.7679],[-121.9624,45.7803],[-122.0041,45.7803],[-122.0029,45.7527],[-122.024,45.7626],[-122.0401,45.7621],[-122.0514,45.7488],[-122.0797,45.7516],[-122.1261,45.7377],[-122.1259,45.7229],[-122.1203,45.7128],[-122.1247,45.7067],[-122.1219,45.6912],[-122.1313,45.6866],[-122.1432,45.6699],[-122.1553,45.6752],[-122.1517,45.6869],[-122.1516,45.6809],[-122.1599,45.6792],[-122.1641,45.6724],[-122.1691,45.6773],[-122.176,45.6747],[-122.1764,45.6795],[-122.1854,45.6758],[-122.2031,45.6774],[-122.2021,45.6814],[-122.2102,45.6821],[-122.2167,45.6893],[-122.2211,45.6813],[-122.2358,45.6801],[-122.2416,45.6715],[-122.2393,45.6633],[-122.2492,45.6729],[-122.2502,45.7509],[-122.2501,45.7658]]]}},{"type":"Feature","properties":{"zipCode":"98616"},"geometry":{"type":"Polygon","coordinates":[[[-122.3419,45.9718],[-122.3345,45.9734],[-122.3276,45.9839],[-122.3356,45.9875],[-122.3298,45.996],[-122.3342,46.0033],[-122.3285,46.0058],[-122.3315,46.0121],[-122.3093,46.0357],[-122.3166,46.0579],[-122.303,46.0616],[-122.3089,46.0727],[-122.3065,46.0774],[-122.3071,46.073],[-122.2946,46.0668],[-122.2936,46.0588],[-122.2758,46.0648],[-122.2619,46.0604],[-122.2458,46.064],[-122.2461,46.1338],[-122.2454,46.1112],[-122.2358,46.1113],[-122.2359,46.104],[-122.2255,46.104],[-122.2254,46.1116],[-122.2192,46.1118],[-122.2234,46.1063],[-122.2147,46.1095],[-122.2146,46.1012],[-122.2084,46.0988],[-122.2051,46.1108],[-122.2071,46.1192],[-122.2146,46.1221],[-122.2102,46.1306],[-122.2153,46.1351],[-122.1941,46.1455],[-122.1944,46.15],[-122.1437,46.153],[-122.138,46.1437],[-122.1256,46.1453],[-122.1198,46.1413],[-122.0976,46.1584],[-122.0806,46.1483],[-122.0787,46.1566],[-122.0647,46.1527],[-122.056,46.1555],[-122.0572,46.1514],[-122.0285,46.1599],[-122.0296,46.1491],[-122.02,46.1392],[-122.0226,46.1307],[-122.0192,46.1249],[-122.0049,46.1135],[-121.9972,46.1214],[-121.9972,46.0402],[-122.0376,46.0404],[-122.0393,46.0455],[-122.0519,46.0465],[-122.0805,46.0405],[-122.0805,46.0571],[-122.0867,46.0613],[-122.1221,46.0612],[-122.1217,46.0219],[-122.1253,46.0183],[-122.1216,46.0125],[-122.1219,45.9608],[-122.1536,45.9602],[-122.1613,45.9524],[-122.1996,45.9432],[-122.2317,45.9514],[-122.2464,45.9626],[-122.2459,46.0539],[-122.2692,46.0596],[-122.2944,46.0492],[-122.2947,46.038],[-122.3117,46.0288],[-122.3175,46.0127],[-122.3283,46.0115],[-122.325,45.9998],[-122.3148,45.9913],[-122.3253,45.9827],[-122.3244,45.9761],[-122.3327,45.9651],[-122.3388,45.9681],[-122.3419,45.9718]]]}},{"type":"Feature","properties":{"zipCode":"98617"},"geometry":{"type":"Polygon","coordinates":[[[-121.1983,45.6474],[-121.1769,45.6511],[-121.1767,45.6704],[-121.1489,45.6635],[-121.0993,45.6883],[-121.084,45.6689],[-121.0929,45.6656],[-121.0932,45.651],[-121.0715,45.6509],[-121.0849,45.6479],[-121.132,45.6098],[-121.1838,45.6064],[-121.1966,45.6167],[-121.1999,45.6479],[-121.1983,45.6474]]]}},{"type":"Feature","properties":{"zipCode":"98625"},"geometry":{"type":"Polygon","coordinates":[[[-122.8813,46.046],[-122.87,46.0576],[-122.8715,46.0651],[-122.8679,46.0652],[-122.8581,46.0415],[-122.854,46.0502],[-122.8475,46.05],[-122.8454,46.0452],[-122.8364,46.0482],[-122.8203,46.0444],[-122.8136,46.0471],[-122.814,46.0543],[-122.7837,46.0542],[-122.7835,46.0684],[-122.7312,46.0683],[-122.7313,46.0611],[-122.7007,46.0611],[-122.6975,46.1417],[-122.535,46.1387],[-122.5325,46.2272],[-122.3669,46.2244],[-122.3383,46.2183],[-122.3141,46.2071],[-122.3113,46.2119],[-122.2455,46.2113],[-122.2462,46.1428],[-122.2659,46.1379],[-122.3127,46.1447],[-122.3249,46.1406],[-122.3315,46.1267],[-122.4093,46.1266],[-122.4128,46.1298],[-122.4931,46.1266],[-122.4924,46.1055],[-122.5018,46.0967],[-122.5188,46.0854],[-122.5306,46.0972],[-122.5288,46.0877],[-122.5383,46.0865],[-122.5269,46.0771],[-122.5291,46.0605],[-122.5433,46.0547],[-122.5565,46.0577],[-122.5553,46.053],[-122.5613,46.0486],[-122.5912,46.0534],[-122.6003,46.0482],[-122.5858,46.0405],[-122.638,46.0408],[-122.6388,46.0222],[-122.6693,46.0251],[-122.6693,46.0109],[-122.6797,46.0111],[-122.6797,46.0035],[-122.6998,46.0035],[-122.704,45.9892],[-122.7163,45.9779],[-122.7301,45.9812],[-122.7364,45.9692],[-122.7472,45.9674],[-122.7474,45.9599],[-122.7629,45.9638],[-122.7631,45.9601],[-122.7903,45.953],[-122.8031,45.9587],[-122.8122,45.9545],[-122.814,45.961],[-122.8376,45.9808],[-122.8562,46.0145],[-122.8781,46.0313],[-122.8813,46.046]]]}},{"type":"Feature","properties":{"zipCode":"98626"},"geometry":{"type":"Polygon","coordinates":[[[-122.9321,46.1853],[-122.9196,46.1852],[-122.9267,46.1984],[-122.9127,46.2005],[-122.915,46.2136],[-122.8971,46.2295],[-122.9067,46.2359],[-122.8882,46.2385],[-122.8837,46.2556],[-122.8848,46.2429],[-122.8788,46.2454],[-122.8813,46.221],[-122.8656,46.2173],[-122.8645,46.2237],[-122.8553,46.2135],[-122.8429,46.2197],[-122.8375,46.2301],[-122.8042,46.2395],[-122.8078,46.2406],[-122.8059,46.2443],[-122.8133,46.2442],[-122.8107,46.2492],[-122.7525,46.242],[-122.7341,46.2243],[-122.7175,46.2318],[-122.6834,46.2201],[-122.6655,46.2201],[-122.6566,46.2063],[-122.6472,46.2019],[-122.6395,46.1862],[-122.6289,46.1789],[-122.6315,46.175],[-122.6161,46.1694],[-122.6112,46.1721],[-122.6112,46.1638],[-122.6304,46.1408],[-122.6975,46.1417],[-122.7007,46.0611],[-122.7313,46.0611],[-122.7312,46.0683],[-122.7835,46.0684],[-122.7837,46.0542],[-122.814,46.0543],[-122.8136,46.0471],[-122.8203,46.0444],[-122.8364,46.0482],[-122.8454,46.0452],[-122.8475,46.05],[-122.854,46.0502],[-122.8581,46.0415],[-122.8679,46.0652],[-122.8619,46.0716],[-122.8791,46.1069],[-122.8917,46.1069],[-122.8969,46.1135],[-122.9204,46.1236],[-122.9148,46.1427],[-122.9241,46.1445],[-122.9161,46.1515],[-122.9153,46.1781],[-122.9321,46.1834],[-122.9321,46.1853]]]}},{"type":"Feature","properties":{"zipCode":"98638"},"geometry":{"type":"Polygon","coordinates":[[[-123.9431,46.4832],[-123.9426,46.4878],[-123.9267,46.4943],[-123.9257,46.4804],[-123.9115,46.4737],[-123.8851,46.4753],[-123.8739,46.458],[-123.7657,46.458],[-123.7653,46.4665],[-123.7575,46.4634],[-123.7492,46.4714],[-123.7047,46.4707],[-123.7237,46.4846],[-123.7255,46.513],[-123.712,46.5145],[-123.7255,46.523],[-123.7254,46.5347],[-123.6413,46.5083],[-123.6145,46.5099],[-123.6009,46.4945],[-123.5589,46.4877],[-123.5388,46.468],[-123.6294,46.4707],[-123.6334,46.4602],[-123.6014,46.4541],[-123.5651,46.4544],[-123.5623,46.4473],[-123.5508,46.441],[-123.5467,46.4328],[-123.5552,46.4209],[-123.5481,46.4098],[-123.5628,46.3967],[-123.5601,46.3925],[-123.5635,46.3882],[-123.5581,46.3841],[-123.6433,46.3845],[-123.6442,46.3487],[-123.6676,46.3477],[-123.6737,46.3434],[-123.6727,46.3379],[-123.6905,46.3272],[-123.6994,46.3347],[-123.6935,46.3175],[-123.7019,46.3137],[-123.7084,46.3179],[-123.7165,46.3115],[-123.7112,46.3082],[-123.7154,46.3025],[-123.7243,46.3012],[-123.7286,46.2887],[-123.7502,46.292],[-123.7536,46.2812],[-123.7667,46.2735],[-123.7956,46.2845],[-123.8061,46.2836],[-123.8188,46.2697],[-123.8338,46.2685],[-123.8389,46.2621],[-123.8497,46.2601],[-123.8488,46.3788],[-123.8698,46.3791],[-123.8698,46.3857],[-123.8823,46.3861],[-123.8931,46.4268],[-123.9249,46.4338],[-123.9263,46.4541],[-123.9351,46.4586],[-123.9437,46.4772],[-123.9431,46.4832]]]}},{"type":"Feature","properties":{"zipCode":"98639"},"geometry":{"type":"Polygon","coordinates":[[[-121.9942,45.6278],[-121.9848,45.6317],[-121.992,45.6441],[-121.9636,45.6521],[-121.9592,45.6573],[-121.9567,45.6541],[-121.9509,45.6604],[-121.9509,45.6519],[-121.9139,45.6551],[-121.9351,45.6442],[-121.9557,45.6436],[-121.967,45.6311],[-121.9937,45.6274],[-121.9942,45.6278]]]}},{"type":"Feature","properties":{"zipCode":"98812"},"geometry":{"type":"Polygon","coordinates":[[[-119.9677,48.1492],[-119.9541,48.1667],[-119.956,48.1749],[-119.9492,48.1795],[-119.9485,48.198],[-119.9386,48.2088],[-119.9358,48.2207],[-119.9639,48.2524],[-119.9597,48.2603],[-119.962,48.2744],[-119.9563,48.2799],[-119.9029,48.2731],[-119.8846,48.279],[-119.8846,48.2502],[-119.774,48.2502],[-119.772,48.2445],[-119.7416,48.2426],[-119.736,48.2639],[-119.7307,48.2622],[-119.7389,48.2561],[-119.7335,48.2366],[-119.7366,48.2312],[-119.7151,48.2081],[-119.6815,48.1914],[-119.6796,48.1794],[-119.6441,48.1793],[-119.644,48.1019],[-119.6327,48.0786],[-119.6353,48.0509],[-119.6441,48.0414],[-119.6441,48.049],[-119.6808,48.0489],[-119.6983,48.0328],[-119.7019,48.0394],[-119.6982,48.0535],[-119.7103,48.0621],[-119.7764,48.062],[-119.7769,48.0187],[-119.7553,48.0186],[-119.7551,47.9753],[-119.77,47.9767],[-119.7768,47.9897],[-119.7985,47.9898],[-119.7985,47.9607],[-119.8706,47.9605],[-119.8839,47.9745],[-119.8804,47.9866],[-119.8688,48.0004],[-119.8692,48.0183],[-119.8953,48.05],[-119.8785,48.0609],[-119.8954,48.0718],[-119.9054,48.0947],[-119.946,48.1325],[-119.9507,48.1381],[-119.9479,48.1408],[-119.9684,48.1445],[-119.9677,48.1492]]]}},{"type":"Feature","properties":{"zipCode":"98814"},"geometry":{"type":"Polygon","coordinates":[[[-120.479,48.2809],[-120.0873,48.281],[-120.0766,48.291],[-120.0707,48.2904],[-120.0757,48.2816],[-120.0893,48.2775],[-120.0883,48.2676],[-120.1047,48.2646],[-120.1059,48.2579],[-120.116,48.2537],[-120.1185,48.2464],[-120.0941,48.2632],[-120.1029,48.2526],[-120.1019,48.2481],[-120.0931,48.257],[-120.0728,48.2603],[-120.0777,48.2493],[-120.0736,48.2424],[-120.0809,48.2383],[-120.0705,48.2326],[-120.0662,48.2242],[-120.0419,48.2258],[-120.02,48.2125],[-120.0244,48.2101],[-119.9943,48.1967],[-119.9888,48.1924],[-119.9929,48.1923],[-119.9929,48.1776],[-120.0884,48.1791],[-120.0905,48.1834],[-120.0923,48.1791],[-120.1205,48.1792],[-120.1675,48.146],[-120.1668,48.13],[-120.1739,48.1223],[-120.1969,48.1116],[-120.2279,48.1189],[-120.2335,48.1135],[-120.2229,48.1064],[-120.2337,48.1035],[-120.2371,48.095],[-120.2919,48.1298],[-120.3203,48.1247],[-120.3338,48.1388],[-120.3486,48.1443],[-120.3543,48.1554],[-120.3613,48.1576],[-120.3622,48.1644],[-120.3463,48.2],[-120.354,48.2169],[-120.3829,48.2199],[-120.3914,48.2288],[-120.385,48.2332],[-120.3923,48.2427],[-120.4656,48.267],[-120.4691,48.269],[-120.4645,48.2749],[-120.4763,48.2784],[-120.479,48.2809]]]}},{"type":"Feature","properties":{"zipCode":"98815"},"geometry":{"type":"Polygon","coordinates":[[[-120.5848,47.5241],[-120.5664,47.5241],[-120.5664,47.5313],[-120.5822,47.5315],[-120.5825,47.546],[-120.5791,47.5459],[-120.5824,47.5571],[-120.5746,47.5574],[-120.573,47.5532],[-120.5785,47.5509],[-120.5739,47.5439],[-120.551,47.5353],[-120.5464,47.5385],[-120.5677,47.5467],[-120.5556,47.5476],[-120.5514,47.5616],[-120.5826,47.5678],[-120.5842,47.5751],[-120.5743,47.6009],[-120.5218,47.6091],[-120.51,47.6191],[-120.4792,47.6307],[-120.4764,47.6265],[-120.4684,47.6296],[-120.4591,47.6242],[-120.4548,47.618],[-120.4565,47.609],[-120.4497,47.6019],[-120.4162,47.5966],[-120.3747,47.5675],[-120.3637,47.5484],[-120.3666,47.5457],[-120.3582,47.5411],[-120.3589,47.534],[-120.3519,47.529],[-120.3638,47.5256],[-120.3734,47.5125],[-120.3739,47.4863],[-120.3885,47.4897],[-120.3885,47.4944],[-120.4209,47.4944],[-120.4264,47.504],[-120.426,47.4972],[-120.4629,47.5166],[-120.4459,47.5011],[-120.4578,47.5008],[-120.4563,47.4878],[-120.4452,47.4708],[-120.4458,47.462],[-120.4371,47.4603],[-120.4379,47.4449],[-120.4251,47.4471],[-120.4332,47.4428],[-120.4354,47.4359],[-120.4969,47.4354],[-120.4999,47.4207],[-120.5231,47.4239],[-120.5238,47.439],[-120.5643,47.4386],[-120.5639,47.4812],[-120.5851,47.4811],[-120.5848,47.5241]]]}},{"type":"Feature","properties":{"zipCode":"98817"},"geometry":{"type":"Polygon","coordinates":[[[-120.0196,47.7816],[-120.0116,47.7828],[-119.9877,47.8068],[-119.9784,47.8007],[-119.997,47.7804],[-120.0205,47.7793],[-120.0196,47.7816]]]}},{"type":"Feature","properties":{"zipCode":"98826"},"geometry":{"type":"Polygon","coordinates":[[[-121.1789,47.9011],[-121.1714,47.9133],[-121.1795,47.9188],[-121.1705,47.9244],[-121.1728,47.9337],[-121.1622,47.9441],[-121.1651,47.9562],[-121.1484,47.9707],[-121.1471,47.9815],[-121.1359,47.9828],[-121.1177,47.9988],[-121.1179,48.0063],[-121.1285,48.0138],[-121.1292,48.0198],[-121.1474,48.0295],[-121.1532,48.0407],[-121.1305,48.0452],[-121.116,48.058],[-121.1052,48.0578],[-121.097,48.0644],[-121.0814,48.0618],[-121.0301,48.0781],[-121.0159,48.0748],[-120.9994,48.0897],[-120.9813,48.0944],[-120.9725,48.1085],[-120.9562,48.1081],[-120.9471,48.1133],[-120.9652,48.134],[-120.9644,48.143],[-120.954,48.1531],[-120.9332,48.1568],[-120.9319,48.1616],[-120.9152,48.1597],[-120.8894,48.1654],[-120.8817,48.1696],[-120.8802,48.1771],[-120.8598,48.1792],[-120.8583,48.171],[-120.8462,48.1572],[-120.8169,48.1484],[-120.8064,48.1357],[-120.8114,48.1266],[-120.7991,48.1172],[-120.7925,48.1027],[-120.779,48.1005],[-120.7512,48.0813],[-120.7477,48.0576],[-120.7415,48.0434],[-120.7306,48.0386],[-120.7261,48.0209],[-120.7101,48.0075],[-120.6823,47.9968],[-120.6681,47.9815],[-120.6669,47.9705],[-120.6745,47.9651],[-120.6681,47.9613],[-120.6675,47.9548],[-120.6575,47.9526],[-120.6371,47.9596],[-120.632,47.9454],[-120.6382,47.9398],[-120.6463,47.9446],[-120.6578,47.9418],[-120.6574,47.9226],[-120.6448,47.9185],[-120.6366,47.9024],[-120.6289,47.8999],[-120.6322,47.8939],[-120.6262,47.8933],[-120.624,47.8804],[-120.6092,47.8592],[-120.6032,47.8366],[-120.5857,47.8214],[-120.5738,47.8009],[-120.5344,47.7688],[-120.537,47.7647],[-120.5287,47.7516],[-120.5228,47.7344],[-120.526,47.7283],[-120.5176,47.7096],[-120.5131,47.7044],[-120.4922,47.7047],[-120.4999,47.6996],[-120.4898,47.6873],[-120.4776,47.684],[-120.4844,47.6775],[-120.481,47.6734],[-120.4603,47.6747],[-120.4647,47.6577],[-120.4477,47.6558],[-120.4527,47.6519],[-120.442,47.6376],[-120.4556,47.6424],[-120.4588,47.6299],[-120.4523,47.6213],[-120.4684,47.6296],[-120.4764,47.6265],[-120.4792,47.6307],[-120.51,47.6191],[-120.5176,47.6108],[-120.625,47.6131],[-120.6251,47.6043],[-120.6115,47.6008],[-120.6115,47.5971],[-120.625,47.597],[-120.6251,47.5913],[-120.6115,47.5804],[-120.6119,47.573],[-120.6055,47.5678],[-120.6198,47.5678],[-120.6201,47.5534],[-120.6475,47.5533],[-120.648,47.5241],[-120.6709,47.5243],[-120.6725,47.4691],[-120.7008,47.4742],[-120.7347,47.4672],[-120.7768,47.4676],[-120.7768,47.4617],[-120.9506,47.4615],[-120.9465,47.4725],[-120.9592,47.4845],[-120.9832,47.4929],[-120.9949,47.5047],[-120.9915,47.5116],[-120.9966,47.5185],[-121.0235,47.5238],[-121.0308,47.5316],[-121.0471,47.5341],[-121.0752,47.5511],[-121.0901,47.5698],[-121.0859,47.574],[-121.0921,47.5852],[-121.1136,47.5973],[-121.1122,47.6028],[-121.1202,47.6132],[-121.1137,47.6215],[-121.1246,47.6273],[-121.1266,47.6384],[-121.1337,47.6456],[-121.1319,47.6557],[-121.1256,47.6572],[-121.1232,47.6633],[-121.1288,47.6762],[-121.1216,47.6852],[-121.0941,47.6954],[-121.0903,47.7028],[-121.0671,47.7063],[-121.066,47.7136],[-121.0836,47.7227],[-121.0874,47.7285],[-121.079,47.7392],[-121.0897,47.7461],[-121.0943,47.7584],[-121.1109,47.7584],[-121.1077,47.7667],[-121.1195,47.7758],[-121.1207,47.7826],[-121.0847,47.8077],[-121.0709,47.8302],[-121.0802,47.8341],[-121.1119,47.8295],[-121.1343,47.843],[-121.1535,47.8453],[-121.1472,47.8575],[-121.1583,47.8766],[-121.1573,47.8823],[-121.1668,47.8796],[-121.1754,47.8859],[-121.1808,47.8988],[-121.1789,47.9011]]]}},{"type":"Feature","properties":{"zipCode":"98833"},"geometry":{"type":"Polygon","coordinates":[[[-120.7883,48.6251],[-120.7717,48.6426],[-120.7543,48.6475],[-120.7498,48.6593],[-120.7331,48.6662],[-120.7173,48.6645],[-120.7187,48.6745],[-120.7034,48.6969],[-120.68,48.6943],[-120.6782,48.7178],[-120.6598,48.7196],[-120.6559,48.7243],[-120.6679,48.7336],[-120.6782,48.7351],[-120.6797,48.7406],[-120.6739,48.7486],[-120.6776,48.7703],[-120.6963,48.7834],[-120.708,48.799],[-120.7074,48.8306],[-120.6819,48.8516],[-120.68,48.8661],[-120.658,48.8732],[-120.6414,48.8855],[-120.634,48.9043],[-120.6301,48.9036],[-120.6295,48.9141],[-120.5998,48.8997],[-120.5713,48.9117],[-120.5757,48.9131],[-120.5748,48.9195],[-120.5908,48.9303],[-120.59,48.9347],[-120.5643,48.9579],[-120.5667,48.9708],[-120.563,48.9737],[-120.5708,48.9732],[-120.5636,48.976],[-120.555,49.0004],[-120.327,49.0005],[-120.3245,48.9956],[-120.3306,48.988],[-120.3237,48.9651],[-120.3111,48.9486],[-120.3109,48.9267],[-120.2867,48.9101],[-120.2778,48.9111],[-120.2771,48.657],[-120.2738,48.657],[-120.2737,48.6497],[-120.3004,48.6459],[-120.2883,48.625],[-120.2831,48.6245],[-120.2851,48.6212],[-120.3338,48.64],[-120.3255,48.6492],[-120.3293,48.6609],[-120.3336,48.6513],[-120.3628,48.6275],[-120.3685,48.6165],[-120.3672,48.5948],[-120.3759,48.5839],[-120.3719,48.5782],[-120.4047,48.5926],[-120.4094,48.5872],[-120.4028,48.5842],[-120.406,48.5796],[-120.4264,48.592],[-120.446,48.596],[-120.4853,48.5869],[-120.5321,48.5992],[-120.6004,48.5969],[-120.6307,48.5757],[-120.6363,48.5641],[-120.631,48.5489],[-120.6454,48.5247],[-120.6434,48.5142],[-120.6543,48.5236],[-120.649,48.5269],[-120.6523,48.5369],[-120.6834,48.5305],[-120.7021,48.5316],[-120.7075,48.5368],[-120.7005,48.559],[-120.6861,48.5665],[-120.6885,48.5757],[-120.704,48.5891],[-120.7226,48.5961],[-120.7244,48.5889],[-120.7352,48.5807],[-120.7605,48.5828],[-120.7837,48.6019],[-120.7821,48.6127],[-120.7875,48.6225],[-120.7883,48.6251]]]}},{"type":"Feature","properties":{"zipCode":"98847"},"geometry":{"type":"Polygon","coordinates":[[[-120.9506,47.4615],[-120.7768,47.4617],[-120.7768,47.4676],[-120.7347,47.4672],[-120.7008,47.4742],[-120.6725,47.4691],[-120.6709,47.5243],[-120.648,47.5241],[-120.6475,47.5533],[-120.6201,47.5534],[-120.6198,47.5678],[-120.6055,47.5678],[-120.6119,47.573],[-120.6115,47.5804],[-120.6251,47.5913],[-120.625,47.597],[-120.6115,47.5971],[-120.6115,47.6008],[-120.6251,47.6043],[-120.625,47.6131],[-120.5176,47.6123],[-120.5717,47.6022],[-120.5791,47.5956],[-120.5763,47.5914],[-120.5842,47.5751],[-120.5826,47.5678],[-120.5719,47.5677],[-120.5707,47.5484],[-120.5728,47.5459],[-120.5785,47.5509],[-120.573,47.5532],[-120.5746,47.5574],[-120.5824,47.5571],[-120.5791,47.5459],[-120.5825,47.546],[-120.5822,47.5315],[-120.5664,47.5313],[-120.5664,47.5241],[-120.5848,47.5241],[-120.5851,47.4811],[-120.5639,47.4812],[-120.5643,47.4386],[-120.5238,47.439],[-120.5231,47.4239],[-120.4999,47.4207],[-120.4969,47.4354],[-120.4354,47.4359],[-120.4398,47.4313],[-120.4377,47.4233],[-120.4543,47.4049],[-120.4533,47.3985],[-120.4333,47.387],[-120.4042,47.353],[-120.4042,47.3378],[-120.3966,47.3297],[-120.4121,47.3297],[-120.4128,47.3239],[-120.4205,47.3194],[-120.4187,47.315],[-120.426,47.3153],[-120.4242,47.3056],[-120.4345,47.3064],[-120.4435,47.2971],[-120.4874,47.3072],[-120.4976,47.3176],[-120.5153,47.3201],[-120.5215,47.3319],[-120.5305,47.3343],[-120.5282,47.3167],[-120.5476,47.3119],[-120.5473,47.3075],[-120.5619,47.3075],[-120.5703,47.3108],[-120.5687,47.3186],[-120.5769,47.3263],[-120.579,47.3374],[-120.6066,47.3394],[-120.6168,47.3453],[-120.6644,47.3433],[-120.6819,47.3504],[-120.7005,47.3653],[-120.7214,47.3704],[-120.7264,47.3874],[-120.7347,47.3938],[-120.7838,47.3999],[-120.8039,47.423],[-120.8136,47.4197],[-120.8289,47.4238],[-120.8436,47.4117],[-120.8619,47.4206],[-120.8719,47.4153],[-120.8916,47.4277],[-120.9085,47.4254],[-120.9242,47.4336],[-120.9226,47.4483],[-120.9305,47.4576],[-120.9426,47.4604],[-120.9506,47.4615]]]}},{"type":"Feature","properties":{"zipCode":"98855"},"geometry":{"type":"Polygon","coordinates":[[[-119.7096,48.6169],[-119.6983,48.6399],[-119.6957,48.661],[-119.6835,48.6784],[-119.6879,48.684],[-119.6879,48.7036],[-119.667,48.7294],[-119.6656,48.7358],[-119.6734,48.736],[-119.6518,48.7637],[-119.6491,48.7848],[-119.6484,48.7715],[-119.6392,48.7651],[-119.6303,48.7664],[-119.6292,48.7616],[-119.6209,48.7747],[-119.6104,48.7787],[-119.616,48.7975],[-119.6268,48.7995],[-119.6256,48.8084],[-119.6057,48.8044],[-119.5903,48.7955],[-119.5843,48.797],[-119.5815,48.8124],[-119.6158,48.8131],[-119.6289,48.8171],[-119.6249,48.8208],[-119.638,48.829],[-119.6236,48.826],[-119.6213,48.8349],[-119.5923,48.8307],[-119.5883,48.8425],[-119.5718,48.8409],[-119.5557,48.8283],[-119.4323,48.8287],[-119.4293,48.8225],[-119.4198,48.8195],[-119.4134,48.7998],[-119.406,48.7987],[-119.4062,48.7938],[-119.3995,48.794],[-119.3998,48.7983],[-119.393,48.7965],[-119.3969,48.7853],[-119.3193,48.7854],[-119.3187,48.8008],[-119.336,48.8069],[-119.3421,48.8289],[-119.3365,48.8289],[-119.3365,48.8336],[-119.3397,48.8304],[-119.3454,48.841],[-119.3359,48.8499],[-119.3258,48.8545],[-119.3178,48.8515],[-119.3173,48.8561],[-119.3073,48.858],[-119.1688,48.8566],[-119.1654,48.8553],[-119.1653,48.8422],[-119.0547,48.8422],[-119.0546,48.8275],[-118.996,48.8274],[-119.0141,48.8172],[-119.0119,48.7549],[-119.0243,48.755],[-119.0283,48.7254],[-119.0119,48.7249],[-119.0121,48.7118],[-118.9902,48.7115],[-118.9903,48.697],[-118.9794,48.697],[-118.9793,48.6898],[-118.9684,48.6898],[-118.9685,48.697],[-118.9574,48.6971],[-118.9573,48.6899],[-118.9466,48.6899],[-118.9461,48.6827],[-118.9243,48.6825],[-118.9244,48.6754],[-118.9025,48.6755],[-118.9024,48.6682],[-118.8811,48.6682],[-118.8815,48.6537],[-118.8696,48.6536],[-118.8695,48.4819],[-119.1964,48.4822],[-119.196,48.5687],[-119.2416,48.5687],[-119.2503,48.5809],[-119.2616,48.5829],[-119.2596,48.5971],[-119.2783,48.5975],[-119.2758,48.6117],[-119.316,48.6119],[-119.3162,48.6189],[-119.3292,48.6191],[-119.3321,48.6321],[-119.3271,48.634],[-119.3271,48.6408],[-119.3596,48.6406],[-119.3599,48.6486],[-119.3772,48.6578],[-119.3994,48.636],[-119.3963,48.6549],[-119.3761,48.6723],[-119.384,48.6711],[-119.388,48.6785],[-119.4021,48.6781],[-119.4009,48.6833],[-119.4402,48.6834],[-119.4481,48.6791],[-119.4528,48.6678],[-119.4506,48.6582],[-119.4382,48.6525],[-119.4366,48.6412],[-119.4182,48.6315],[-119.4183,48.6256],[-119.4357,48.6202],[-119.4563,48.6241],[-119.4623,48.6298],[-119.4681,48.6268],[-119.4696,48.6125],[-119.477,48.6118],[-119.4836,48.5922],[-119.495,48.5832],[-119.4946,48.5689],[-119.5392,48.569],[-119.5337,48.5754],[-119.5367,48.5768],[-119.545,48.569],[-119.5667,48.5689],[-119.5659,48.5834],[-119.577,48.5834],[-119.5768,48.5909],[-119.5712,48.5934],[-119.5827,48.5945],[-119.5878,48.5945],[-119.5878,48.5873],[-119.5937,48.5837],[-119.5822,48.5838],[-119.5823,48.5689],[-119.6474,48.5691],[-119.6472,48.5835],[-119.6687,48.5835],[-119.6689,48.5979],[-119.6781,48.5979],[-119.6854,48.6097],[-119.7087,48.6155],[-119.7096,48.6169]]]}},{"type":"Feature","properties":{"zipCode":"98902"},"geometry":{"type":"Polygon","coordinates":[[[-120.57,46.6287],[-120.5428,46.6243],[-120.5202,46.6281],[-120.4965,46.5778],[-120.5095,46.5743],[-120.5095,46.5707],[-120.562,46.5761],[-120.5608,46.6212],[-120.5701,46.6271],[-120.57,46.6287]]]}},{"type":"Feature","properties":{"zipCode":"98921"},"geometry":{"type":"Polygon","coordinates":[[[-120.3248,46.4356],[-120.3095,46.4306],[-120.3138,46.4269],[-120.3244,46.4328],[-120.3248,46.4356]]]}},{"type":"Feature","properties":{"zipCode":"98922"},"geometry":{"type":"Polygon","coordinates":[[[-121.3949,47.1287],[-121.394,47.1328],[-121.3647,47.1418],[-121.3349,47.1327],[-121.3034,47.1389],[-121.2978,47.1489],[-121.3178,47.173],[-121.3062,47.191],[-121.1214,47.1934],[-121.161,47.2203],[-121.1522,47.2225],[-121.1119,47.2143],[-121.1116,47.2455],[-121.0897,47.2369],[-121.0586,47.2341],[-121.0495,47.2229],[-121.0239,47.2252],[-121.006,47.2175],[-120.9944,47.2189],[-120.9783,47.2087],[-120.9874,47.224],[-120.9845,47.2606],[-120.9772,47.2605],[-120.9781,47.4326],[-120.9898,47.4325],[-120.9902,47.4998],[-120.9789,47.4902],[-120.9592,47.4845],[-120.9465,47.4725],[-120.9528,47.4629],[-120.9305,47.4576],[-120.9226,47.4483],[-120.9242,47.4336],[-120.9085,47.4254],[-120.8916,47.4277],[-120.8719,47.4153],[-120.8619,47.4206],[-120.8436,47.4117],[-120.8289,47.4238],[-120.8136,47.4197],[-120.8025,47.4226],[-120.7838,47.3999],[-120.7347,47.3938],[-120.7264,47.3874],[-120.7214,47.3704],[-120.7005,47.3653],[-120.6819,47.3504],[-120.6644,47.3433],[-120.6168,47.3453],[-120.6066,47.3394],[-120.579,47.3374],[-120.5769,47.3263],[-120.5687,47.3186],[-120.5703,47.3108],[-120.5619,47.3075],[-120.5473,47.3075],[-120.5476,47.3119],[-120.5315,47.3154],[-120.5342,47.3089],[-120.5484,47.3004],[-120.5649,47.3004],[-120.5656,47.3077],[-120.5734,47.3042],[-120.5745,47.2985],[-120.5915,47.2874],[-120.5801,47.2614],[-120.5643,47.2456],[-120.563,47.2378],[-120.5703,47.2289],[-120.5722,47.2335],[-120.5884,47.2269],[-120.6229,47.2292],[-120.6507,47.2208],[-120.6633,47.225],[-120.6686,47.2216],[-120.6881,47.23],[-120.6876,47.1464],[-120.73,47.1465],[-120.7302,47.1609],[-120.7386,47.1589],[-120.7398,47.1433],[-120.7723,47.1501],[-120.7721,47.1289],[-120.7401,47.1237],[-120.7624,47.1192],[-120.7552,47.0994],[-120.7592,47.0948],[-120.7503,47.0867],[-120.8177,47.0891],[-120.8478,47.1014],[-120.8607,47.1142],[-120.8936,47.1117],[-120.9161,47.1153],[-120.9396,47.111],[-120.9464,47.1138],[-120.9534,47.1306],[-121.1805,47.1269],[-121.1931,47.1429],[-121.1894,47.1502],[-121.1965,47.1615],[-121.2075,47.1548],[-121.2169,47.14],[-121.2058,47.127],[-121.3982,47.1271],[-121.3949,47.1287]],[[-120.9795,47.1789],[-120.9423,47.1853],[-120.9482,47.1853],[-120.9494,47.1928],[-120.9796,47.1825],[-120.9795,47.1789]]]}},{"type":"Feature","properties":{"zipCode":"98948"},"geometry":{"type":"Polygon","coordinates":[[[-120.6147,46.1141],[-120.5845,46.114],[-120.5775,46.1279],[-120.5569,46.1391],[-120.5299,46.1451],[-120.515,46.1705],[-120.4983,46.1807],[-120.487,46.1977],[-120.4189,46.2409],[-120.4013,46.2717],[-120.4305,46.2653],[-120.4541,46.2783],[-120.4761,46.2832],[-120.501,46.2772],[-120.5008,46.3025],[-120.5228,46.3025],[-120.5229,46.3118],[-120.5557,46.3099],[-120.5546,46.3334],[-120.5438,46.3357],[-120.5439,46.3461],[-120.5649,46.3461],[-120.5653,46.3604],[-120.5644,46.3533],[-120.5547,46.3534],[-120.5546,46.3606],[-120.544,46.3609],[-120.544,46.3681],[-120.5545,46.3698],[-120.5547,46.3751],[-120.5441,46.3752],[-120.544,46.3684],[-120.5021,46.3684],[-120.466,46.3686],[-120.4702,46.3754],[-120.3998,46.3753],[-120.4138,46.3899],[-120.3965,46.3899],[-120.3965,46.3973],[-120.4174,46.3973],[-120.4174,46.4188],[-120.3986,46.4188],[-120.4031,46.4221],[-120.3923,46.4262],[-120.3905,46.4188],[-120.3753,46.4188],[-120.3752,46.4332],[-120.35,46.4333],[-120.3514,46.4272],[-120.343,46.4286],[-120.3411,46.4221],[-120.3203,46.4144],[-120.3099,46.4038],[-120.2935,46.4069],[-120.2674,46.3934],[-120.263,46.3975],[-120.2521,46.3947],[-120.2417,46.382],[-120.2317,46.3843],[-120.2222,46.3705],[-120.2214,46.3585],[-120.2273,46.3551],[-120.2024,46.3446],[-120.1976,46.3377],[-120.1998,46.3311],[-120.225,46.3208],[-120.1261,46.255],[-120.126,46.2484],[-120.126,46.2446],[-120.1456,46.2446],[-120.1407,46.2263],[-120.1493,46.2234],[-120.1682,46.2338],[-120.1683,46.2297],[-120.1827,46.2251],[-120.1961,46.1993],[-120.2127,46.185],[-120.2264,46.1602],[-120.248,46.1363],[-120.2454,46.1287],[-120.2532,46.1195],[-120.2476,46.0955],[-120.2605,46.0882],[-120.2827,46.0877],[-120.298,46.0831],[-120.3014,46.0778],[-120.3368,46.0714],[-120.3525,46.0597],[-120.3666,46.0582],[-120.3672,46.171],[-120.3746,46.1672],[-120.3867,46.1334],[-120.4301,46.1074],[-120.4397,46.0843],[-120.4384,46.0771],[-120.4486,46.0703],[-120.4533,46.0553],[-120.4662,46.0497],[-120.4715,46.0415],[-120.6143,46.041],[-120.6143,46.0558],[-120.6147,46.1141]]]}},{"type":"Feature","properties":{"zipCode":"99006"},"geometry":{"type":"Polygon","coordinates":[[[-117.7354,47.9191],[-117.7147,47.9182],[-117.7146,47.9342],[-117.7023,47.9332],[-117.7011,47.9452],[-117.6495,47.9467],[-117.6492,47.9613],[-117.6071,47.9611],[-117.607,47.9572],[-117.5965,47.9573],[-117.5963,47.9536],[-117.5925,47.9537],[-117.5944,47.958],[-117.5857,47.9575],[-117.5869,47.9609],[-117.5426,47.9607],[-117.542,47.9463],[-117.536,47.9464],[-117.5366,47.9873],[-117.5235,47.9785],[-117.5233,47.9895],[-117.5368,47.9966],[-117.5369,48.0042],[-117.5117,48.0041],[-117.5167,48.0094],[-117.5157,48.0182],[-117.5231,48.0186],[-117.5234,48.0477],[-117.5018,48.0475],[-117.5018,48.053],[-117.5071,48.053],[-117.5071,48.0619],[-117.5124,48.0623],[-117.5137,48.0882],[-117.4622,48.0908],[-117.4567,48.0985],[-117.4373,48.1018],[-117.4375,48.1383],[-117.4297,48.1391],[-117.4177,48.1299],[-117.4185,48.1181],[-117.4097,48.112],[-117.4119,48.0881],[-117.4055,48.0776],[-117.4089,48.0644],[-117.397,48.0581],[-117.3943,48.0455],[-117.3975,48.043],[-117.3744,48.0142],[-117.3628,48.0071],[-117.3506,48.0067],[-117.3496,47.998],[-117.3551,47.9995],[-117.3496,47.9815],[-117.3604,47.9815],[-117.3576,47.9706],[-117.3658,47.9676],[-117.3626,47.9597],[-117.3496,47.9596],[-117.3508,47.9396],[-117.3638,47.9399],[-117.3664,47.9327],[-117.3905,47.933],[-117.3903,47.9185],[-117.4121,47.9182],[-117.4118,47.911],[-117.3902,47.9074],[-117.3902,47.9038],[-117.3956,47.9038],[-117.3955,47.8965],[-117.3901,47.8964],[-117.3875,47.8896],[-117.3967,47.8943],[-117.4185,47.8938],[-117.4207,47.8884],[-117.4328,47.8872],[-117.4327,47.8819],[-117.4498,47.8818],[-117.4428,47.8746],[-117.4543,47.8746],[-117.4545,47.8601],[-117.5085,47.8601],[-117.5081,47.8383],[-117.5189,47.8383],[-117.5186,47.831],[-117.5347,47.8306],[-117.5342,47.8179],[-117.5417,47.817],[-117.5429,47.8218],[-117.5564,47.8269],[-117.5567,47.8379],[-117.5616,47.838],[-117.5616,47.8308],[-117.567,47.8311],[-117.5672,47.8415],[-117.5724,47.8416],[-117.5726,47.8362],[-117.5935,47.8385],[-117.5942,47.8454],[-117.6145,47.8406],[-117.6213,47.8447],[-117.6104,47.8455],[-117.6103,47.8501],[-117.6207,47.8502],[-117.6207,47.8601],[-117.6456,47.8602],[-117.6593,47.8861],[-117.6494,47.8937],[-117.6343,47.8887],[-117.6416,47.8881],[-117.6339,47.8839],[-117.6217,47.8867],[-117.6267,47.8887],[-117.6271,47.9136],[-117.6384,47.8995],[-117.6594,47.9031],[-117.6591,47.8979],[-117.6675,47.8979],[-117.673,47.8923],[-117.6758,47.8989],[-117.6863,47.9037],[-117.6852,47.8865],[-117.6975,47.8748],[-117.735,47.875],[-117.7354,47.9191]]]}},{"type":"Feature","properties":{"zipCode":"99102"},"geometry":{"type":"Polygon","coordinates":[[[-117.2613,46.7894],[-117.2549,46.797],[-117.2441,46.797],[-117.2461,46.7862],[-117.2607,46.7892],[-117.2613,46.7894]]]}},{"type":"Feature","properties":{"zipCode":"99110"},"geometry":{"type":"Polygon","coordinates":[[[-117.6713,48.0043],[-117.6302,48.0046],[-117.6251,48.0177],[-117.6085,48.019],[-117.6041,48.0298],[-117.5946,48.0297],[-117.6084,48.0551],[-117.5884,48.0553],[-117.5882,48.0629],[-117.5652,48.0624],[-117.5652,48.0691],[-117.5452,48.0696],[-117.545,48.0769],[-117.5125,48.0767],[-117.5124,48.0623],[-117.5071,48.0619],[-117.5071,48.053],[-117.5018,48.053],[-117.5018,48.0475],[-117.5234,48.0477],[-117.5231,48.0186],[-117.5157,48.0182],[-117.5167,48.0094],[-117.5117,48.0041],[-117.5369,48.0042],[-117.5368,47.9966],[-117.5233,47.9895],[-117.5235,47.9785],[-117.5366,47.9873],[-117.536,47.9464],[-117.542,47.9463],[-117.5426,47.9607],[-117.5869,47.9609],[-117.5857,47.9575],[-117.5944,47.958],[-117.5925,47.9537],[-117.5963,47.9536],[-117.5965,47.9573],[-117.607,47.9572],[-117.6071,47.9611],[-117.672,47.9615],[-117.6713,48.0043]]]}},{"type":"Feature","properties":{"zipCode":"99115"},"geometry":{"type":"Polygon","coordinates":[[[-119.6636,47.6413],[-119.6419,47.6415],[-119.6422,47.6581],[-119.602,47.6654],[-119.5995,47.6849],[-119.5781,47.685],[-119.5782,47.6994],[-119.5349,47.6996],[-119.5346,47.7395],[-119.5023,47.7431],[-119.5023,47.7503],[-119.4913,47.7504],[-119.4903,47.8733],[-119.4482,47.8736],[-119.4479,47.888],[-119.4223,47.888],[-119.4211,47.8985],[-119.4004,47.8991],[-119.4008,47.9117],[-119.3955,47.9192],[-119.3893,47.9192],[-119.3733,47.906],[-119.3708,47.8745],[-119.3415,47.8736],[-119.3416,47.8444],[-119.2312,47.8448],[-119.2184,47.835],[-119.2122,47.8358],[-119.2123,47.8092],[-119.1948,47.8043],[-119.1807,47.8223],[-119.1677,47.8735],[-119.1266,47.8873],[-119.0801,47.8678],[-119.0619,47.8733],[-119.0642,47.8668],[-119.0788,47.8658],[-119.1043,47.8524],[-119.1096,47.8444],[-119.1029,47.8408],[-119.1061,47.8387],[-119.1165,47.8437],[-119.1333,47.8253],[-119.1571,47.814],[-119.1559,47.8087],[-119.1826,47.7985],[-119.2032,47.7676],[-119.2315,47.7419],[-119.229,47.7317],[-119.2131,47.7313],[-119.2198,47.7266],[-119.2191,47.7137],[-119.235,47.7104],[-119.234,47.6992],[-119.1916,47.6992],[-119.1903,47.6833],[-119.1532,47.6848],[-119.192,47.6295],[-119.192,47.6123],[-119.1705,47.6123],[-119.1709,47.5535],[-119.2342,47.5541],[-119.2345,47.5396],[-119.2546,47.5399],[-119.2768,47.5079],[-119.2762,47.4998],[-119.2829,47.4992],[-119.2993,47.4755],[-119.3199,47.4758],[-119.3225,47.503],[-119.3193,47.5059],[-119.3472,47.5014],[-119.3592,47.5043],[-119.3946,47.4791],[-119.3947,47.5345],[-119.4532,47.5374],[-119.4639,47.5343],[-119.4627,47.5417],[-119.4756,47.5395],[-119.4949,47.5271],[-119.5329,47.5278],[-119.5334,47.47],[-119.6408,47.4695],[-119.6408,47.5595],[-119.6195,47.5597],[-119.6195,47.6018],[-119.6622,47.607],[-119.6631,47.6125],[-119.6636,47.6413]]]}},{"type":"Feature","properties":{"zipCode":"99117"},"geometry":{"type":"Polygon","coordinates":[[[-118.6575,47.7],[-118.656,47.7291],[-118.6347,47.7291],[-118.6347,47.7381],[-118.6198,47.7395],[-118.6135,47.7433],[-118.6136,47.7507],[-118.5923,47.7506],[-118.592,47.7934],[-118.57,47.7945],[-118.5701,47.8163],[-118.5813,47.8163],[-118.5811,47.8598],[-118.5589,47.8599],[-118.5593,47.8741],[-118.4842,47.8763],[-118.4837,47.8313],[-118.4626,47.8313],[-118.4629,47.8241],[-118.4416,47.824],[-118.4406,47.8161],[-118.4257,47.8123],[-118.4226,47.8024],[-118.383,47.8123],[-118.3832,47.8167],[-118.3724,47.8112],[-118.3669,47.8161],[-118.3695,47.8027],[-118.366,47.8027],[-118.3634,47.8194],[-118.3364,47.8136],[-118.3161,47.8153],[-118.3001,47.8031],[-118.3201,47.7956],[-118.3225,47.7829],[-118.3311,47.7773],[-118.3295,47.761],[-118.3547,47.7558],[-118.3504,47.7446],[-118.3633,47.7342],[-118.377,47.7329],[-118.3773,47.7155],[-118.3339,47.7153],[-118.3343,47.6487],[-118.3915,47.6917],[-118.4179,47.6946],[-118.4251,47.7017],[-118.4582,47.7107],[-118.4666,47.7259],[-118.4762,47.7313],[-118.48,47.7484],[-118.5006,47.752],[-118.5011,47.745],[-118.5165,47.7287],[-118.5164,47.7147],[-118.5488,47.7144],[-118.5484,47.6871],[-118.5434,47.6791],[-118.5481,47.6728],[-118.5478,47.6415],[-118.4694,47.6456],[-118.4601,47.6425],[-118.4633,47.6415],[-118.4596,47.6355],[-118.4629,47.632],[-118.4642,47.5807],[-118.6355,47.5809],[-118.6349,47.6414],[-118.6132,47.6413],[-118.6114,47.653],[-118.6037,47.663],[-118.6072,47.67],[-118.6133,47.6703],[-118.614,47.6849],[-118.6572,47.6871],[-118.6575,47.7]]]}},{"type":"Feature","properties":{"zipCode":"99122"},"geometry":{"type":"Polygon","coordinates":[[[-118.5705,47.5803],[-118.4642,47.5807],[-118.4629,47.632],[-118.4596,47.6355],[-118.4633,47.6415],[-118.4601,47.6425],[-118.4694,47.6456],[-118.5478,47.6415],[-118.5481,47.6728],[-118.5434,47.6791],[-118.5484,47.6871],[-118.5488,47.7144],[-118.5164,47.7147],[-118.5165,47.7287],[-118.5011,47.745],[-118.5006,47.752],[-118.48,47.7484],[-118.4762,47.7313],[-118.4666,47.7259],[-118.4582,47.7107],[-118.4251,47.7017],[-118.4179,47.6946],[-118.3915,47.6917],[-118.3343,47.6487],[-118.3339,47.7153],[-118.3773,47.7155],[-118.377,47.7329],[-118.3633,47.7342],[-118.3504,47.7446],[-118.3547,47.7558],[-118.3295,47.761],[-118.3311,47.7773],[-118.3225,47.7829],[-118.3201,47.7956],[-118.3001,47.8031],[-118.3161,47.8153],[-118.3556,47.8163],[-118.3804,47.8311],[-118.3681,47.833],[-118.3571,47.8416],[-118.3557,47.8598],[-118.3482,47.8749],[-118.3499,47.8826],[-118.34,47.9002],[-118.3561,47.9293],[-118.3487,47.9718],[-118.3706,47.9856],[-118.3785,48.0035],[-118.3559,48.0033],[-118.3548,47.999],[-118.3413,47.9945],[-118.3467,47.9881],[-118.3419,47.9808],[-118.3446,47.9779],[-118.3293,47.9745],[-118.3145,47.9857],[-118.3151,47.963],[-118.3195,47.9663],[-118.3275,47.9616],[-118.3362,47.9642],[-118.3326,47.956],[-118.3392,47.9468],[-118.3179,47.9413],[-118.3182,47.93],[-118.2948,47.9413],[-118.2878,47.9361],[-118.3224,47.9077],[-118.27,47.9337],[-118.2609,47.9342],[-118.2511,47.9429],[-118.2328,47.94],[-118.2106,47.9452],[-118.2,47.9284],[-118.1902,47.9263],[-118.1773,47.9118],[-118.1785,47.902],[-118.1668,47.9028],[-118.1602,47.8972],[-118.1606,47.8851],[-118.1438,47.8847],[-118.1229,47.8573],[-118.1195,47.8342],[-118.0971,47.8284],[-118.0993,47.8236],[-118.0787,47.8005],[-118.0546,47.7991],[-118.0468,47.7923],[-118.036,47.8027],[-118.0134,47.8056],[-118.0042,47.8232],[-117.9919,47.8335],[-117.9927,47.8174],[-117.9707,47.8173],[-117.9703,47.81],[-117.9493,47.8099],[-117.9494,47.8028],[-117.9389,47.8031],[-117.9388,47.7958],[-117.9283,47.796],[-117.928,47.7886],[-117.9172,47.7887],[-117.9102,47.7954],[-117.8931,47.7808],[-117.8963,47.7725],[-117.8879,47.7508],[-117.9067,47.7423],[-117.9065,47.7307],[-117.9279,47.7305],[-117.9278,47.6716],[-117.9326,47.6619],[-117.969,47.6578],[-117.969,47.6146],[-117.9934,47.6141],[-117.9893,47.5936],[-117.9727,47.573],[-117.9722,47.5291],[-117.9933,47.5292],[-117.9996,47.5235],[-118.0148,47.522],[-118.0342,47.5014],[-118.0567,47.4934],[-118.0626,47.4798],[-118.0679,47.4798],[-118.0676,47.4652],[-118.0949,47.4653],[-118.0898,47.4507],[-118.0793,47.4506],[-118.0796,47.4288],[-118.0901,47.4288],[-118.09,47.4069],[-118.1216,47.4068],[-118.122,47.3778],[-118.1482,47.3932],[-118.1327,47.4145],[-118.1326,47.4355],[-118.1219,47.436],[-118.1219,47.4654],[-118.1646,47.4641],[-118.1642,47.4951],[-118.1719,47.4941],[-118.1752,47.5083],[-118.1858,47.5077],[-118.1857,47.5146],[-118.2208,47.512],[-118.1755,47.5614],[-118.2295,47.5579],[-118.2395,47.5363],[-118.2498,47.5363],[-118.2499,47.4902],[-118.2607,47.4843],[-118.2862,47.4868],[-118.2895,47.4931],[-118.3358,47.4933],[-118.3354,47.5369],[-118.3583,47.5374],[-118.358,47.5518],[-118.3742,47.5516],[-118.3724,47.5359],[-118.3798,47.5246],[-118.3778,47.4941],[-118.5163,47.4945],[-118.5403,47.5082],[-118.5352,47.5166],[-118.5474,47.5365],[-118.5707,47.5366],[-118.5705,47.5803]]]}},{"type":"Feature","properties":{"zipCode":"99133"},"geometry":{"type":"Polygon","coordinates":[[[-119.3431,48.0486],[-119.3304,48.0624],[-119.3275,48.0967],[-119.2986,48.1155],[-119.2544,48.1022],[-119.233,48.1133],[-119.2117,48.1162],[-119.1916,48.1288],[-119.176,48.1287],[-119.1525,48.1456],[-119.1353,48.1507],[-119.0983,48.1377],[-119.0701,48.1404],[-119.0558,48.1365],[-119.0295,48.1142],[-119.0183,48.0685],[-119.0047,48.0443],[-118.9789,48.0369],[-118.9508,48.0189],[-118.9659,47.983],[-118.9889,47.9642],[-118.9955,47.9648],[-118.9873,47.9603],[-119.001,47.9547],[-118.9953,47.951],[-119.0005,47.9458],[-118.9942,47.9447],[-118.9986,47.9418],[-118.9968,47.938],[-118.9735,47.936],[-118.9735,47.9434],[-118.9507,47.9413],[-118.8467,47.9577],[-118.8349,47.9532],[-118.8294,47.9331],[-118.8198,47.9242],[-118.7454,47.9032],[-118.8506,47.9034],[-118.8505,47.9253],[-118.8937,47.9253],[-118.8938,47.918],[-118.9157,47.9181],[-118.9156,47.9108],[-118.9741,47.9108],[-118.9742,47.9036],[-118.9902,47.9034],[-118.9959,47.9118],[-118.9923,47.9193],[-119.0028,47.9294],[-119.0223,47.9289],[-119.0233,47.936],[-119.0448,47.9361],[-119.0587,47.9275],[-119.0796,47.9264],[-119.0917,47.9183],[-119.09,47.9151],[-119.0979,47.9104],[-119.0915,47.906],[-119.1033,47.9035],[-119.0982,47.8993],[-119.1049,47.8755],[-119.1266,47.8873],[-119.1677,47.8735],[-119.1807,47.8223],[-119.1948,47.8043],[-119.2123,47.8092],[-119.2122,47.8877],[-119.1906,47.8878],[-119.1904,47.9317],[-119.2551,47.9317],[-119.2551,47.9462],[-119.2767,47.948],[-119.1828,47.976],[-119.0827,47.9761],[-119.0828,47.9896],[-119.1959,47.9922],[-119.2129,48.0038],[-119.2149,48.0487],[-119.2779,48.0479],[-119.3287,48.0601],[-119.3431,48.047],[-119.3431,48.0486]]]}},{"type":"Feature","properties":{"zipCode":"99139"},"geometry":{"type":"Polygon","coordinates":[[[-117.6294,48.7426],[-117.5638,48.743],[-117.5639,48.8367],[-117.4988,48.8369],[-117.4783,48.8223],[-117.4583,48.7979],[-117.4476,48.8007],[-117.4218,48.7806],[-117.4219,48.8011],[-117.4329,48.801],[-117.4329,48.8175],[-117.4191,48.8193],[-117.412,48.8075],[-117.4071,48.8076],[-117.3913,48.8337],[-117.3917,48.8462],[-117.3885,48.8457],[-117.389,48.8172],[-117.3816,48.827],[-117.3856,48.8302],[-117.0706,48.8301],[-117.0681,48.8211],[-117.053,48.813],[-117.0327,48.8109],[-117.0335,48.6966],[-117.0565,48.6861],[-117.0683,48.6887],[-117.0711,48.6767],[-117.0946,48.6689],[-117.0937,48.6647],[-117.1088,48.6558],[-117.1792,48.6563],[-117.1763,48.6476],[-117.1889,48.6148],[-117.2072,48.615],[-117.2347,48.6051],[-117.2499,48.5911],[-117.2607,48.5875],[-117.2686,48.5898],[-117.2707,48.6057],[-117.283,48.6062],[-117.2913,48.6165],[-117.2978,48.5927],[-117.3213,48.595],[-117.3324,48.6107],[-117.349,48.6109],[-117.3489,48.6036],[-117.3434,48.6035],[-117.3496,48.598],[-117.3442,48.5887],[-117.3489,48.5709],[-117.3464,48.5891],[-117.358,48.6032],[-117.3583,48.6192],[-117.378,48.6714],[-117.3989,48.6898],[-117.3927,48.6892],[-117.3944,48.6995],[-117.4107,48.6996],[-117.4106,48.693],[-117.4213,48.6854],[-117.4277,48.6891],[-117.4342,48.6797],[-117.4536,48.6844],[-117.4561,48.6725],[-117.4705,48.6728],[-117.4766,48.6587],[-117.4885,48.6518],[-117.5,48.6528],[-117.5,48.6562],[-117.6292,48.6559],[-117.6294,48.7426]]]}},{"type":"Feature","properties":{"zipCode":"99141"},"geometry":{"type":"Polygon","coordinates":[[[-118.4784,48.4863],[-118.4775,48.6071],[-118.4582,48.6048],[-118.4669,48.6093],[-118.4646,48.6131],[-118.4441,48.6115],[-118.4466,48.6321],[-118.4368,48.6407],[-118.4407,48.6506],[-118.4371,48.6685],[-118.4441,48.6838],[-118.4368,48.6996],[-118.4452,48.7036],[-118.4429,48.7165],[-118.4343,48.7232],[-118.4394,48.7345],[-118.429,48.7556],[-118.419,48.7591],[-118.4233,48.7604],[-118.3783,48.7616],[-118.3989,48.7914],[-118.4097,48.797],[-118.3981,48.7999],[-118.3972,48.8072],[-118.3945,48.8019],[-118.3895,48.8085],[-118.3882,48.8141],[-118.3937,48.8169],[-118.3954,48.8137],[-118.3982,48.8192],[-118.3859,48.82],[-118.3795,48.8143],[-118.3822,48.8209],[-118.4044,48.8228],[-118.4083,48.8286],[-118.3703,48.8284],[-118.3704,48.8351],[-118.3425,48.8477],[-118.3088,48.8408],[-118.2577,48.8137],[-118.2339,48.82],[-118.2141,48.8193],[-118.1972,48.8252],[-118.188,48.8345],[-118.1992,48.8409],[-118.2044,48.8576],[-118.1985,48.8673],[-118.2143,48.8744],[-118.224,48.8954],[-118.2225,48.902],[-118.273,48.9177],[-118.2215,48.9038],[-118.206,48.9123],[-118.2169,48.9256],[-118.2016,48.915],[-118.2217,48.9371],[-118.2072,48.9631],[-118.2217,48.9705],[-118.2162,48.9842],[-118.2059,48.9874],[-118.22,48.9974],[-118.1997,48.9936],[-118.1948,48.9969],[-118.1974,49.0004],[-117.9431,48.9999],[-117.9375,48.9941],[-117.9366,48.9807],[-117.9228,48.9704],[-117.9287,48.9687],[-117.9252,48.9635],[-117.9102,48.9544],[-117.8902,48.9512],[-117.8659,48.9537],[-117.8563,48.9605],[-117.8137,48.9605],[-117.8046,48.9374],[-117.7892,48.9286],[-117.7764,48.9284],[-117.7967,48.9199],[-117.8177,48.901],[-117.8413,48.8893],[-117.8475,48.8786],[-117.877,48.8724],[-117.8871,48.8632],[-117.921,48.8482],[-117.9319,48.8273],[-117.9444,48.8156],[-117.9724,48.8185],[-117.978,48.8229],[-118.0029,48.8137],[-117.9896,48.8155],[-118.0097,48.8041],[-118.0009,48.7886],[-118.008,48.7764],[-118.0522,48.7548],[-118.0524,48.7358],[-118.036,48.714],[-118.0156,48.6976],[-118.0144,48.6874],[-118.0262,48.677],[-118.0771,48.6622],[-118.0506,48.6657],[-118.0511,48.6625],[-117.998,48.6625],[-117.998,48.6552],[-117.9548,48.6552],[-117.9593,48.6414],[-117.9591,48.5979],[-117.972,48.5961],[-117.972,48.6034],[-117.9764,48.6028],[-117.9763,48.5862],[-117.9875,48.5886],[-117.9874,48.5818],[-117.9819,48.5815],[-117.9845,48.5675],[-118.0009,48.5674],[-118.0007,48.5536],[-118.0225,48.5535],[-118.0254,48.5297],[-118.039,48.5194],[-118.0608,48.5255],[-118.0585,48.5173],[-118.0632,48.5102],[-118.1077,48.5214],[-118.1096,48.5281],[-118.1229,48.5373],[-118.1257,48.5193],[-118.1403,48.5104],[-118.1441,48.4925],[-118.1496,48.4927],[-118.1551,48.478],[-118.1608,48.4782],[-118.161,48.4727],[-118.1664,48.4727],[-118.1665,48.4638],[-118.1719,48.4639],[-118.1663,48.4566],[-118.1736,48.4565],[-118.1748,48.45],[-118.1955,48.4518],[-118.2017,48.4426],[-118.1982,48.4318],[-118.1872,48.4303],[-118.1805,48.4183],[-118.2024,48.4187],[-118.2029,48.4422],[-118.2126,48.4529],[-118.2065,48.4703],[-118.1892,48.4816],[-118.4766,48.4816],[-118.4785,48.4859],[-118.4784,48.4863]]]}},{"type":"Feature","properties":{"zipCode":"99157"},"geometry":{"type":"Polygon","coordinates":[[[-118.0029,48.8137],[-117.978,48.8229],[-117.9724,48.8185],[-117.9444,48.8156],[-117.9319,48.8273],[-117.921,48.8482],[-117.8871,48.8632],[-117.877,48.8724],[-117.8475,48.8786],[-117.8413,48.8893],[-117.8177,48.901],[-117.7967,48.9199],[-117.7764,48.9284],[-117.7892,48.9286],[-117.8046,48.9374],[-117.8137,48.9605],[-117.8563,48.9605],[-117.8659,48.9537],[-117.8902,48.9512],[-117.9102,48.9544],[-117.9252,48.9635],[-117.9287,48.9687],[-117.9228,48.9704],[-117.9366,48.9807],[-117.9375,48.9941],[-117.9431,48.9999],[-117.6309,49.0008],[-117.639,48.9943],[-117.6442,48.973],[-117.711,48.9495],[-117.7248,48.937],[-117.7384,48.9403],[-117.7612,48.9345],[-117.7769,48.9231],[-117.7756,48.9174],[-117.7673,48.922],[-117.7672,48.9161],[-117.7784,48.9146],[-117.7973,48.8968],[-117.7943,48.886],[-117.8109,48.8891],[-117.8292,48.8824],[-117.8284,48.8877],[-117.8533,48.8613],[-117.8261,48.8419],[-117.8244,48.8319],[-117.8489,48.8232],[-117.8463,48.8134],[-117.8534,48.807],[-117.868,48.8165],[-117.868,48.8094],[-117.879,48.8095],[-117.8789,48.8022],[-117.9893,48.8019],[-117.9896,48.817],[-117.9982,48.8137],[-118.0029,48.8137]]]}},{"type":"Feature","properties":{"zipCode":"99163"},"geometry":{"type":"Polygon","coordinates":[[[-117.4673,46.703],[-117.4425,46.7055],[-117.4194,46.7279],[-117.4224,46.7218],[-117.3999,46.7217],[-117.3729,46.7286],[-117.3726,46.7355],[-117.3614,46.7353],[-117.3611,46.7429],[-117.3342,46.7428],[-117.3401,46.7587],[-117.3185,46.7501],[-117.3179,46.7648],[-117.3076,46.7643],[-117.3024,46.7789],[-117.2916,46.7792],[-117.312,46.7934],[-117.2998,46.8004],[-117.3012,46.8135],[-117.2933,46.8273],[-117.2846,46.8247],[-117.2732,46.8284],[-117.28,46.8485],[-117.2716,46.8468],[-117.2545,46.8536],[-117.2207,46.8502],[-117.2198,46.8609],[-117.2018,46.865],[-117.1864,46.8625],[-117.1864,46.8589],[-117.2018,46.859],[-117.2018,46.8517],[-117.1812,46.8516],[-117.1811,46.8346],[-117.1407,46.8296],[-117.1507,46.8225],[-117.1165,46.8224],[-117.1194,46.8382],[-117.1136,46.8292],[-117.0937,46.8223],[-117.0397,46.8259],[-117.0394,46.6789],[-117.0828,46.664],[-117.0936,46.6681],[-117.1189,46.6635],[-117.1195,46.6475],[-117.1382,46.6389],[-117.1873,46.6455],[-117.1662,46.6221],[-117.2075,46.6111],[-117.2322,46.6243],[-117.2408,46.6243],[-117.2413,46.617],[-117.3176,46.617],[-117.3165,46.6319],[-117.3384,46.6321],[-117.337,46.647],[-117.3589,46.6468],[-117.358,46.6541],[-117.3686,46.6543],[-117.3681,46.6616],[-117.4356,46.6619],[-117.4483,46.6749],[-117.4544,46.6915],[-117.4681,46.7],[-117.4673,46.703]],[[-117.2607,46.7892],[-117.2461,46.7862],[-117.2441,46.797],[-117.2549,46.797],[-117.2613,46.7894],[-117.2607,46.7892]]]}},{"type":"Feature","properties":{"zipCode":"99169"},"geometry":{"type":"Polygon","coordinates":[[[-118.9812,47.0842],[-118.9812,47.1304],[-118.8743,47.13],[-118.8744,47.1589],[-118.8531,47.1589],[-118.8535,47.1298],[-118.7683,47.1302],[-118.768,47.1518],[-118.5798,47.1551],[-118.579,47.2058],[-118.5683,47.2059],[-118.5678,47.235],[-118.5566,47.2351],[-118.5562,47.2492],[-118.5794,47.2486],[-118.5791,47.2611],[-118.5521,47.2611],[-118.5519,47.2755],[-118.5307,47.2755],[-118.5303,47.3174],[-118.5086,47.3087],[-118.4442,47.3171],[-118.4224,47.3134],[-118.4007,47.3241],[-118.4015,47.3479],[-118.3369,47.3479],[-118.3373,47.3041],[-118.3155,47.3042],[-118.316,47.2895],[-118.2968,47.2988],[-118.2767,47.2952],[-118.2533,47.3007],[-118.2483,47.2859],[-118.252,47.2612],[-118.1419,47.2611],[-118.1508,47.2544],[-118.1514,47.2338],[-118.2265,47.2111],[-118.2236,47.206],[-118.2392,47.2024],[-118.2497,47.1911],[-118.2905,47.1913],[-118.2907,47.1769],[-118.3049,47.1749],[-118.3159,47.1624],[-118.2889,47.1624],[-118.2904,47.1683],[-118.2784,47.1768],[-118.1942,47.1769],[-118.1944,47.1335],[-118.1527,47.1571],[-118.141,47.2195],[-118.0842,47.2335],[-118.0769,47.2379],[-118.0777,47.2464],[-118.0663,47.2478],[-118.0549,47.2601],[-117.9609,47.2606],[-117.9596,47.061],[-117.96,47.0171],[-118.0215,47.0171],[-118.0328,46.9915],[-118.0443,46.9878],[-118.088,46.9875],[-118.0877,47.0154],[-118.1018,47.0184],[-118.1093,47.0286],[-118.1097,47.0406],[-118.1224,47.0501],[-118.1548,47.0305],[-118.1756,47.03],[-118.1941,47.0225],[-118.2088,47.009],[-118.2209,46.9535],[-118.2143,46.9137],[-118.3327,46.9134],[-118.3333,46.8984],[-118.399,46.8977],[-118.3968,46.9423],[-118.4073,46.9423],[-118.4074,46.9496],[-118.3968,46.9496],[-118.3955,46.9685],[-118.431,46.9512],[-118.45,46.9493],[-118.4506,46.9424],[-118.4684,46.9422],[-118.4606,46.9461],[-118.4612,46.9716],[-118.5143,46.9702],[-118.5144,46.9622],[-118.5373,46.9703],[-118.5226,46.9835],[-118.5191,46.9983],[-118.5235,47.0058],[-118.4808,47.019],[-118.4889,47.0229],[-118.5305,47.0085],[-118.5342,47.0232],[-118.5565,47.022],[-118.5554,47.0753],[-118.601,47.0741],[-118.6003,47.0155],[-118.6213,47.0149],[-118.6211,47.0294],[-118.6633,47.0289],[-118.6631,47.0581],[-118.7475,47.0579],[-118.7477,47.0776],[-118.758,47.0766],[-118.7581,47.0578],[-118.7682,47.0573],[-118.7685,47.0281],[-118.9399,47.028],[-118.939,47.0425],[-118.8756,47.0427],[-118.8752,47.0717],[-118.9603,47.0717],[-118.9602,47.0776],[-118.9812,47.081],[-118.9812,47.0842]]]}},{"type":"Feature","properties":{"zipCode":"99301"},"geometry":{"type":"Polygon","coordinates":[[[-119.2695,46.3742],[-119.2591,46.4336],[-119.2634,46.4763],[-119.2411,46.4778],[-119.248,46.4949],[-119.2376,46.4947],[-119.2376,46.4984],[-119.2206,46.5012],[-119.2059,46.4915],[-119.1954,46.4907],[-119.1953,46.4776],[-119.1848,46.4823],[-119.1836,46.4762],[-119.1742,46.4754],[-119.1742,46.4597],[-119.1323,46.4598],[-119.1326,46.4529],[-119.1389,46.4496],[-119.1122,46.4453],[-119.1125,46.4381],[-119.0715,46.4377],[-119.058,46.4346],[-119.058,46.431],[-119.0296,46.4311],[-119.0349,46.4288],[-119.0331,46.4232],[-119.0248,46.4311],[-119.0329,46.423],[-119.0318,46.4117],[-119.0188,46.4043],[-119.0212,46.3947],[-119.0089,46.3947],[-119.0086,46.431],[-118.9591,46.4307],[-118.9747,46.4488],[-118.9314,46.4382],[-118.9266,46.4498],[-118.931,46.4595],[-118.9793,46.4608],[-118.987,46.4664],[-118.9871,46.4722],[-118.9748,46.4808],[-118.9318,46.4939],[-118.9188,46.5059],[-118.8936,46.5173],[-118.8661,46.5617],[-118.8161,46.5621],[-118.817,46.5381],[-118.8111,46.5379],[-118.8125,46.5295],[-118.8055,46.5227],[-118.8085,46.5126],[-118.8048,46.5016],[-118.7902,46.5015],[-118.767,46.5279],[-118.7463,46.5385],[-118.7409,46.5505],[-118.7271,46.5576],[-118.6594,46.5616],[-118.6599,46.5695],[-118.6497,46.5849],[-118.652,46.5995],[-118.631,46.6046],[-118.6055,46.6007],[-118.5949,46.605],[-118.5656,46.6379],[-118.5569,46.6354],[-118.5592,46.6224],[-118.5347,46.5728],[-118.5422,46.5665],[-118.5372,46.5616],[-118.548,46.5559],[-118.5603,46.5392],[-118.5882,46.5287],[-118.6179,46.5012],[-118.619,46.4744],[-118.632,46.4543],[-118.638,46.4334],[-118.6344,46.4126],[-118.6581,46.4044],[-118.6745,46.3852],[-118.6912,46.3811],[-118.7009,46.36],[-118.7462,46.3595],[-118.7574,46.3433],[-118.7619,46.3255],[-118.7737,46.318],[-118.7666,46.3036],[-118.7706,46.2932],[-118.8271,46.2834],[-118.8635,46.2514],[-118.9765,46.2376],[-119.0235,46.2166],[-119.0415,46.1927],[-119.1179,46.2228],[-119.2034,46.2353],[-119.2382,46.2621],[-119.2616,46.2704],[-119.2674,46.2766],[-119.2672,46.2846],[-119.2502,46.3148],[-119.2569,46.3454],[-119.2694,46.3703],[-119.2695,46.3742]]]}},{"type":"Feature","properties":{"zipCode":"99328"},"geometry":{"type":"Polygon","coordinates":[[[-118.1641,46.4793],[-118.1527,46.4932],[-118.1513,46.5072],[-118.1399,46.5146],[-118.1161,46.516],[-118.0778,46.5081],[-118.0756,46.5159],[-118.0567,46.5302],[-118.0534,46.5441],[-118.0426,46.5568],[-118.0375,46.5568],[-118.0411,46.5828],[-117.9535,46.5921],[-117.8919,46.5854],[-117.8831,46.5898],[-117.874,46.6156],[-117.8518,46.6247],[-117.8532,46.5602],[-117.8616,46.5602],[-117.8633,46.4707],[-117.8221,46.4711],[-117.8222,46.4638],[-117.8007,46.4641],[-117.8009,46.4553],[-117.7489,46.4406],[-117.7577,46.4201],[-117.7541,46.4135],[-117.7962,46.3997],[-117.7794,46.3971],[-117.7763,46.3927],[-117.7762,46.3632],[-117.7224,46.3644],[-117.7223,46.3573],[-117.7067,46.3533],[-117.7021,46.3169],[-117.6911,46.2973],[-117.6925,46.2767],[-117.7175,46.2582],[-117.7631,46.2728],[-117.7623,46.2659],[-117.7743,46.2541],[-117.7634,46.2471],[-117.7566,46.2509],[-117.749,46.2486],[-117.7416,46.2427],[-117.7445,46.2339],[-117.7235,46.2288],[-117.7045,46.2035],[-117.6126,46.1856],[-117.6126,46.1213],[-117.6033,46.1213],[-117.6034,45.9989],[-117.9969,46.0008],[-117.9921,46.0383],[-117.9915,46.2077],[-118.0621,46.2079],[-118.0658,46.2176],[-118.0756,46.2249],[-118.0827,46.2665],[-118.0539,46.2661],[-118.0539,46.2806],[-118.1112,46.2772],[-118.1112,46.2808],[-118.1164,46.2793],[-118.1161,46.2955],[-118.1322,46.2954],[-118.1251,46.3172],[-118.1075,46.3318],[-118.1053,46.3391],[-118.1167,46.3398],[-118.1115,46.3713],[-118.1229,46.3728],[-118.1093,46.3898],[-118.0541,46.3941],[-118.0538,46.4119],[-118.0744,46.4121],[-118.0718,46.4412],[-118.0859,46.4525],[-118.0956,46.4413],[-118.1163,46.4411],[-118.1167,46.4705],[-118.1675,46.4702],[-118.1641,46.4793]]]}},{"type":"Feature","properties":{"zipCode":"99347"},"geometry":{"type":"Polygon","coordinates":[[[-117.8616,46.5602],[-117.8532,46.5602],[-117.8518,46.6247],[-117.8199,46.6222],[-117.8001,46.6281],[-117.8134,46.6323],[-117.7983,46.6662],[-117.8155,46.6746],[-117.7937,46.6897],[-117.7838,46.7094],[-117.7515,46.737],[-117.7346,46.7367],[-117.7526,46.7156],[-117.7275,46.7006],[-117.7586,46.6844],[-117.7242,46.701],[-117.6705,46.7046],[-117.6435,46.6996],[-117.6193,46.6777],[-117.591,46.6755],[-117.5488,46.6821],[-117.5207,46.6809],[-117.484,46.6994],[-117.4648,46.6996],[-117.4544,46.6915],[-117.4483,46.6749],[-117.4356,46.6619],[-117.4181,46.6617],[-117.3845,46.6511],[-117.381,46.645],[-117.3851,46.6445],[-117.3885,46.6305],[-117.3862,46.6189],[-117.3591,46.6023],[-117.349,46.5877],[-117.3375,46.582],[-117.3014,46.5775],[-117.283,46.5613],[-117.2499,46.5431],[-117.2291,46.5031],[-117.2342,46.4716],[-117.2054,46.4494],[-117.207,46.4253],[-117.186,46.4209],[-117.2107,46.4248],[-117.2145,46.4322],[-117.2065,46.4489],[-117.2379,46.4701],[-117.3576,46.4715],[-117.356,46.4158],[-117.3634,46.4122],[-117.4196,46.412],[-117.4195,46.122],[-117.48,46.122],[-117.4799,45.9979],[-117.6034,45.9989],[-117.6033,46.1213],[-117.6126,46.1213],[-117.6126,46.1856],[-117.7045,46.2035],[-117.7235,46.2288],[-117.7445,46.2339],[-117.7416,46.2427],[-117.749,46.2486],[-117.7566,46.2509],[-117.7634,46.2471],[-117.7743,46.2541],[-117.7623,46.2659],[-117.7631,46.2728],[-117.7175,46.2582],[-117.6925,46.2767],[-117.6911,46.2973],[-117.7021,46.3169],[-117.7067,46.3533],[-117.7223,46.3573],[-117.7224,46.3644],[-117.7762,46.3632],[-117.7763,46.3927],[-117.7794,46.3971],[-117.7962,46.3997],[-117.7541,46.4135],[-117.7577,46.4201],[-117.7489,46.4406],[-117.8009,46.4553],[-117.8007,46.4641],[-117.8222,46.4638],[-117.8221,46.4711],[-117.8633,46.4707],[-117.8616,46.5602]]]}},{"type":"Feature","properties":{"zipCode":"99361"},"geometry":{"type":"Polygon","coordinates":[[[-118.3102,46.1704],[-118.3044,46.1758],[-118.3068,46.1882],[-118.3019,46.2074],[-118.3081,46.2166],[-118.3017,46.252],[-118.2837,46.2519],[-118.2834,46.2809],[-118.2418,46.2807],[-118.2418,46.3312],[-118.2211,46.3315],[-118.221,46.3461],[-118.2314,46.3459],[-118.2314,46.3386],[-118.2418,46.3385],[-118.2417,46.3675],[-118.2103,46.3679],[-118.2102,46.382],[-118.1999,46.3839],[-118.1998,46.3968],[-118.1893,46.3969],[-118.1894,46.426],[-118.1691,46.4264],[-118.1739,46.4416],[-118.1841,46.4481],[-118.1675,46.4702],[-118.1167,46.4705],[-118.1163,46.4411],[-118.0956,46.4413],[-118.0859,46.4525],[-118.0718,46.4412],[-118.0744,46.4121],[-118.0538,46.4119],[-118.0541,46.3941],[-118.0823,46.3892],[-118.0891,46.3938],[-118.104,46.3913],[-118.1168,46.3814],[-118.1229,46.3728],[-118.1112,46.368],[-118.1184,46.3449],[-118.1167,46.3398],[-118.1053,46.3391],[-118.1075,46.3318],[-118.1251,46.3172],[-118.1322,46.2954],[-118.1161,46.2955],[-118.1164,46.2793],[-118.1112,46.2808],[-118.1112,46.2772],[-118.0539,46.2806],[-118.0539,46.2661],[-118.0827,46.2665],[-118.0756,46.2249],[-118.0658,46.2176],[-118.0621,46.2079],[-117.9915,46.2077],[-117.9927,46.0706],[-117.9932,46.0627],[-118.0492,46.064],[-118.0743,46.0786],[-118.1731,46.0787],[-118.1793,46.0811],[-118.1793,46.0859],[-118.1998,46.0859],[-118.2001,46.0932],[-118.2209,46.0931],[-118.2199,46.1169],[-118.1578,46.1392],[-118.1582,46.1355],[-118.1484,46.1378],[-118.1411,46.1309],[-118.1436,46.1448],[-118.1308,46.1394],[-118.139,46.1461],[-118.1568,46.142],[-118.1581,46.1521],[-118.1483,46.1698],[-118.1615,46.1617],[-118.2105,46.1568],[-118.2001,46.1712],[-118.2266,46.1868],[-118.2488,46.1791],[-118.2523,46.1686],[-118.2694,46.1617],[-118.3104,46.1672],[-118.3102,46.1704]]]}},{"type":"Feature","properties":{"zipCode":"99402"},"geometry":{"type":"Polygon","coordinates":[[[-117.4195,46.122],[-117.4194,46.2776],[-117.4025,46.2837],[-117.3672,46.2831],[-117.3671,46.2906],[-117.3565,46.2906],[-117.3565,46.2944],[-117.3146,46.2942],[-117.3148,46.3091],[-117.2721,46.3088],[-117.2721,46.3237],[-117.256,46.3236],[-117.256,46.338],[-117.1335,46.3378],[-117.1335,46.3452],[-117.1123,46.3451],[-117.1123,46.3524],[-117.0752,46.3425],[-117.0672,46.3478],[-117.0596,46.3443],[-117.0595,46.3481],[-117.0307,46.3403],[-117.0231,46.3348],[-117.0207,46.3148],[-116.9867,46.2967],[-116.9849,46.2897],[-116.9911,46.2763],[-116.9667,46.2569],[-116.9553,46.2309],[-116.9658,46.2034],[-116.9213,46.1648],[-116.9344,46.1542],[-116.9339,46.1389],[-116.9503,46.1235],[-116.9553,46.1022],[-116.9788,46.0957],[-116.982,46.0849],[-116.9789,46.08],[-116.9574,46.0754],[-116.9427,46.061],[-116.9435,46.0544],[-116.9317,46.0397],[-116.9298,46.0236],[-116.923,46.0183],[-116.916,45.9954],[-117.1876,45.9982],[-117.1817,46.0186],[-117.1686,46.0219],[-117.1774,46.0283],[-117.1779,46.035],[-117.1898,46.0293],[-117.2128,46.0361],[-117.2272,46.0313],[-117.2274,46.0394],[-117.2405,46.0416],[-117.2442,46.0354],[-117.254,46.0346],[-117.2528,46.0415],[-117.2505,46.0344],[-117.2389,46.0418],[-117.2275,46.0402],[-117.2272,46.0319],[-117.2128,46.0369],[-117.1902,46.0297],[-117.1777,46.0355],[-117.1764,46.028],[-117.1669,46.0213],[-117.1667,46.0264],[-117.16,46.0288],[-117.1439,46.0246],[-117.1373,46.0394],[-117.1238,46.0406],[-117.1121,46.0634],[-117.1132,46.0712],[-117.1278,46.0886],[-117.124,46.0917],[-117.1242,46.1042],[-117.0986,46.1048],[-117.0706,46.1255],[-117.0707,46.1359],[-117.0748,46.1338],[-117.0779,46.1392],[-117.123,46.1165],[-117.1359,46.1148],[-117.1332,46.1328],[-117.113,46.1553],[-117.1132,46.1773],[-117.1453,46.1779],[-117.1448,46.1863],[-117.1404,46.1877],[-117.1488,46.1967],[-117.1439,46.212],[-117.1547,46.2321],[-117.1454,46.2553],[-117.1111,46.2829],[-117.1094,46.2958],[-117.114,46.3015],[-117.1733,46.269],[-117.177,46.2426],[-117.1881,46.2319],[-117.1866,46.2141],[-117.1977,46.1987],[-117.1979,46.1803],[-117.2036,46.1722],[-117.283,46.1667],[-117.3016,46.1517],[-117.3077,46.1367],[-117.3253,46.135],[-117.344,46.1238],[-117.3462,46.1028],[-117.3532,46.098],[-117.3682,46.0992],[-117.387,46.0911],[-117.3991,46.1032],[-117.4157,46.1099],[-117.4221,46.122],[-117.4195,46.122]]]}},{"type":"Feature","properties":{"zipCode":"98092"},"geometry":{"type":"Polygon","coordinates":[[[-122.23,47.2659],[-122.1922,47.2838],[-122.1922,47.2997],[-122.2085,47.3034],[-122.1975,47.3028],[-122.2084,47.3175],[-122.2032,47.3256],[-122.2126,47.333],[-122.2024,47.3446],[-122.2024,47.3508],[-122.1458,47.3435],[-122.1582,47.3304],[-122.155,47.3296],[-122.1603,47.3182],[-122.132,47.3198],[-122.1269,47.3229],[-122.1276,47.3294],[-122.0982,47.3292],[-122.0955,47.3217],[-122.0917,47.3223],[-122.0925,47.3148],[-122.0871,47.3143],[-122.0868,47.3057],[-122.0679,47.317],[-122.0636,47.3267],[-122.0603,47.3258],[-122.06,47.3012],[-122.0524,47.3012],[-122.0471,47.3079],[-122.0388,47.3061],[-122.0382,47.2867],[-122.0223,47.2859],[-122.0197,47.2902],[-121.9953,47.2867],[-121.996,47.2801],[-122.0021,47.2776],[-122.0168,47.2828],[-122.0167,47.2707],[-122.057,47.2767],[-122.059,47.2481],[-122.0802,47.2428],[-122.0802,47.2501],[-122.091,47.25],[-122.0916,47.2445],[-122.1122,47.2429],[-122.1023,47.2356],[-122.1137,47.2283],[-122.1256,47.2325],[-122.123,47.2391],[-122.1376,47.2468],[-122.1368,47.2545],[-122.144,47.2575],[-122.2083,47.2574],[-122.2083,47.2537],[-122.1869,47.2541],[-122.1954,47.2432],[-122.2056,47.2466],[-122.2083,47.2417],[-122.2261,47.2433],[-122.2295,47.2576],[-122.23,47.2659]]]}},{"type":"Feature","properties":{"zipCode":"99129"},"geometry":{"type":"Polygon","coordinates":[[[-118.4024,48.0264],[-118.3589,48.0494],[-118.3395,48.0498],[-118.3161,48.0416],[-118.2755,48.0406],[-118.2672,48.0471],[-118.2645,48.0583],[-118.2452,48.0547],[-118.2382,48.0582],[-118.2335,48.0635],[-118.2313,48.0895],[-118.2375,48.1048],[-118.2533,48.1125],[-118.2539,48.1248],[-118.233,48.1252],[-118.2362,48.1123],[-118.2267,48.1126],[-118.2363,48.1093],[-118.2264,48.0919],[-118.2285,48.0837],[-118.2146,48.083],[-118.2065,48.0674],[-118.197,48.0731],[-118.2047,48.0883],[-118.1987,48.0926],[-118.1982,48.1072],[-118.0714,48.1061],[-118.0655,48.1023],[-118.0651,48.0921],[-118.0507,48.084],[-118.0295,48.0839],[-118.0214,48.0907],[-118.0149,48.0876],[-118.0197,48.0694],[-118.026,48.0649],[-118.0204,48.0601],[-118.0641,48.0473],[-118.0684,48.0382],[-118.0856,48.0275],[-118.1088,48.028],[-118.1053,48.0021],[-118.0889,48.0021],[-118.0805,47.9968],[-118.0808,47.9746],[-118.0459,47.9847],[-118.0391,47.9777],[-118.0423,47.9677],[-118.027,47.9557],[-118.0134,47.9517],[-118.0122,47.947],[-118.0342,47.9362],[-118.0284,47.9329],[-118.0476,47.9075],[-118.0924,47.907],[-118.1347,47.8975],[-118.1408,47.8897],[-118.1584,47.8839],[-118.1625,47.8898],[-118.1602,47.8972],[-118.1668,47.9028],[-118.1785,47.902],[-118.1773,47.9118],[-118.1902,47.9263],[-118.2,47.9284],[-118.2106,47.9452],[-118.2328,47.94],[-118.2511,47.9429],[-118.2609,47.9342],[-118.27,47.9337],[-118.3224,47.9077],[-118.2878,47.9361],[-118.2948,47.9413],[-118.3182,47.93],[-118.3179,47.9413],[-118.3392,47.9468],[-118.3326,47.956],[-118.3362,47.9642],[-118.3275,47.9616],[-118.3195,47.9663],[-118.3151,47.963],[-118.3145,47.9857],[-118.3293,47.9745],[-118.3446,47.9779],[-118.3419,47.9808],[-118.3467,47.9881],[-118.3413,47.9945],[-118.3548,47.999],[-118.3559,48.0033],[-118.3785,48.0035],[-118.4024,48.025],[-118.4024,48.0264]]]}},{"type":"Feature","properties":{"zipCode":"98925"},"geometry":{"type":"Polygon","coordinates":[[[-121.466,47.368],[-121.4593,47.3731],[-121.4378,47.372],[-121.4405,47.3858],[-121.4261,47.39],[-121.3932,47.3725],[-121.3876,47.3761],[-121.3869,47.3918],[-121.3811,47.3884],[-121.3729,47.361],[-121.3597,47.3401],[-121.339,47.3633],[-121.3384,47.4057],[-121.3271,47.4073],[-121.3144,47.3979],[-121.2871,47.4003],[-121.275,47.3952],[-121.2601,47.3813],[-121.2474,47.3598],[-121.2403,47.3578],[-121.2386,47.3335],[-121.2204,47.3049],[-121.1467,47.3047],[-121.1467,47.2759],[-121.1116,47.2587],[-121.1119,47.2143],[-121.1522,47.2225],[-121.161,47.2203],[-121.1214,47.1934],[-121.3062,47.191],[-121.3113,47.2077],[-121.3176,47.2121],[-121.3651,47.2246],[-121.3584,47.2344],[-121.3607,47.2405],[-121.3398,47.2472],[-121.332,47.2575],[-121.3412,47.2813],[-121.3592,47.2853],[-121.3616,47.2919],[-121.3732,47.285],[-121.4169,47.2934],[-121.4197,47.2867],[-121.4275,47.2891],[-121.4328,47.2942],[-121.4327,47.305],[-121.4453,47.3098],[-121.4306,47.3346],[-121.4387,47.3438],[-121.4629,47.3531],[-121.4615,47.3617],[-121.4659,47.3666],[-121.466,47.368]]]}},{"type":"Feature","properties":{"zipCode":"99119"},"geometry":{"type":"Polygon","coordinates":[[[-117.5013,48.4986],[-117.5,48.6528],[-117.4885,48.6518],[-117.4779,48.6574],[-117.4705,48.6728],[-117.4561,48.6725],[-117.4536,48.6844],[-117.4342,48.6797],[-117.4277,48.6891],[-117.4213,48.6854],[-117.4106,48.693],[-117.4107,48.6996],[-117.3944,48.6995],[-117.3927,48.6892],[-117.3989,48.6898],[-117.378,48.6714],[-117.3583,48.6192],[-117.358,48.6032],[-117.3464,48.5891],[-117.3468,48.5709],[-117.3442,48.5887],[-117.3496,48.598],[-117.3434,48.6035],[-117.3489,48.6036],[-117.349,48.6109],[-117.3324,48.6107],[-117.3213,48.595],[-117.2978,48.5927],[-117.2913,48.6165],[-117.283,48.6062],[-117.2707,48.6057],[-117.2686,48.5898],[-117.2607,48.5875],[-117.2499,48.5911],[-117.2347,48.6051],[-117.2072,48.615],[-117.1889,48.6148],[-117.1763,48.6476],[-117.1792,48.6563],[-117.1088,48.6558],[-117.0937,48.6647],[-117.0946,48.6689],[-117.0711,48.6767],[-117.0683,48.6887],[-117.0565,48.6861],[-117.0335,48.6966],[-117.0354,48.4788],[-117.0508,48.4851],[-117.0702,48.4824],[-117.1059,48.4891],[-117.1086,48.4835],[-117.1755,48.484],[-117.1756,48.4066],[-117.1877,48.3972],[-117.2631,48.399],[-117.2683,48.3968],[-117.2691,48.3895],[-117.2773,48.3895],[-117.2663,48.3785],[-117.2666,48.3714],[-117.2609,48.3714],[-117.2666,48.3678],[-117.2665,48.364],[-117.261,48.364],[-117.2608,48.3458],[-117.2555,48.3458],[-117.2555,48.3386],[-117.2501,48.3386],[-117.2501,48.335],[-117.2611,48.3349],[-117.2613,48.3255],[-117.269,48.3203],[-117.2741,48.3288],[-117.2716,48.3186],[-117.2747,48.3169],[-117.2864,48.3273],[-117.2893,48.3421],[-117.3003,48.3421],[-117.2881,48.3203],[-117.2965,48.324],[-117.3083,48.3389],[-117.3055,48.333],[-117.3114,48.3273],[-117.3069,48.3239],[-117.3414,48.3236],[-117.3605,48.331],[-117.3917,48.3232],[-117.4332,48.3232],[-117.4467,48.3309],[-117.4694,48.3293],[-117.4779,48.3242],[-117.499,48.3254],[-117.5012,48.484],[-117.5013,48.4986]]]}},{"type":"Feature","properties":{"zipCode":"98355"},"geometry":{"type":"Polygon","coordinates":[[[-122.3168,46.763],[-122.2031,46.7631],[-122.1779,46.7552],[-122.129,46.7547],[-122.1153,46.7488],[-122.0838,46.752],[-122.0601,46.7487],[-122.0238,46.7353],[-121.9695,46.7357],[-121.9248,46.7304],[-121.9008,46.7357],[-121.8843,46.7261],[-121.8544,46.7304],[-121.8318,46.7274],[-121.8014,46.6914],[-121.7674,46.6814],[-121.7246,46.661],[-121.712,46.6323],[-121.7228,46.6321],[-121.7229,46.6244],[-121.7328,46.6148],[-121.7557,46.6307],[-121.7799,46.6391],[-121.8252,46.6338],[-121.8573,46.6536],[-121.9031,46.654],[-121.945,46.6721],[-121.9474,46.6653],[-121.9535,46.6652],[-121.9538,46.6691],[-121.9585,46.6649],[-121.9438,46.6625],[-121.9491,46.6305],[-121.9568,46.6256],[-121.9509,46.622],[-121.961,46.6218],[-121.9604,46.618],[-121.9732,46.6197],[-121.9811,46.612],[-121.9852,46.6154],[-121.9974,46.6125],[-121.9992,46.6061],[-122.028,46.6209],[-122.0445,46.6192],[-122.0787,46.6309],[-122.0947,46.6456],[-122.1043,46.6634],[-122.1423,46.6829],[-122.16,46.7002],[-122.155,46.7096],[-122.1643,46.7158],[-122.192,46.7102],[-122.1995,46.7],[-122.196,46.6797],[-122.2023,46.6483],[-122.2954,46.6483],[-122.2956,46.7037],[-122.2977,46.7093],[-122.3096,46.7152],[-122.3161,46.7313],[-122.3153,46.745],[-122.3091,46.7519],[-122.3142,46.7617],[-122.3168,46.763]]]}},{"type":"Feature","properties":{"zipCode":"98528"},"geometry":{"type":"Polygon","coordinates":[[[-123.0522,47.369],[-123.0067,47.397],[-123.0016,47.4137],[-122.9779,47.4179],[-122.9526,47.4293],[-122.9507,47.4381],[-122.9143,47.4399],[-122.9079,47.4621],[-122.9145,47.4689],[-122.9134,47.4808],[-122.9396,47.4688],[-122.9462,47.4775],[-122.9728,47.4764],[-122.9707,47.4837],[-122.9864,47.4781],[-122.994,47.4826],[-123.0195,47.4731],[-122.994,47.4834],[-122.9919,47.4893],[-123.0036,47.4921],[-122.9827,47.4998],[-122.9801,47.5122],[-122.9722,47.5214],[-122.8568,47.5213],[-122.8544,47.5178],[-122.8302,47.5233],[-122.801,47.5204],[-122.8011,47.3586],[-122.8067,47.3578],[-122.8152,47.3718],[-122.8126,47.3915],[-122.8193,47.4068],[-122.8291,47.4126],[-122.8415,47.4109],[-122.8468,47.418],[-122.8543,47.399],[-122.8501,47.385],[-122.9941,47.347],[-122.9939,47.3699],[-122.9734,47.3805],[-122.9114,47.3891],[-122.8677,47.4221],[-122.8884,47.424],[-122.9012,47.4216],[-122.9043,47.4144],[-122.9775,47.3962],[-122.9849,47.3881],[-123.0132,47.3786],[-123.0296,47.3588],[-123.0422,47.3587],[-123.0532,47.3653],[-123.0522,47.369]]]}},{"type":"Feature","properties":{"zipCode":"98533"},"geometry":{"type":"Polygon","coordinates":[[[-122.5941,46.5727],[-122.5645,46.5803],[-122.537,46.6046],[-122.5427,46.6403],[-122.5891,46.6422],[-122.5725,46.6561],[-122.5453,46.668],[-122.5364,46.6781],[-122.5184,46.6813],[-122.526,46.6894],[-122.5263,46.697],[-122.5218,46.6984],[-122.5251,46.7011],[-122.4994,46.7092],[-122.4905,46.7151],[-122.4926,46.7199],[-122.4876,46.7251],[-122.482,46.726],[-122.4854,46.7298],[-122.4792,46.734],[-122.4932,46.7387],[-122.4935,46.7437],[-122.4799,46.7481],[-122.4813,46.753],[-122.4874,46.7491],[-122.4901,46.7548],[-122.4812,46.763],[-122.3142,46.7617],[-122.3091,46.7519],[-122.3153,46.745],[-122.3161,46.7313],[-122.3096,46.7152],[-122.2977,46.7093],[-122.2956,46.7037],[-122.2954,46.6499],[-122.3084,46.6434],[-122.3072,46.6495],[-122.3148,46.6467],[-122.3279,46.6507],[-122.3264,46.6457],[-122.3463,46.6337],[-122.3478,46.6279],[-122.3675,46.6237],[-122.3807,46.6134],[-122.3675,46.6026],[-122.3727,46.6058],[-122.4691,46.6037],[-122.4689,46.5941],[-122.478,46.5983],[-122.4792,46.5936],[-122.4932,46.594],[-122.4952,46.5869],[-122.5095,46.586],[-122.5327,46.5684],[-122.539,46.5613],[-122.5364,46.5559],[-122.554,46.5541],[-122.5682,46.5408],[-122.5745,46.5442],[-122.5723,46.56],[-122.553,46.5683],[-122.573,46.5681],[-122.573,46.5609],[-122.5943,46.561],[-122.5941,46.5727]]]}},{"type":"Feature","properties":{"zipCode":"98544"},"geometry":{"type":"Polygon","coordinates":[[[-123.0302,46.7416],[-123.0222,46.7356],[-123.0301,46.7365],[-123.0302,46.7416]]]}},{"type":"Feature","properties":{"zipCode":"98570"},"geometry":{"type":"Polygon","coordinates":[[[-122.8192,46.602],[-122.8076,46.5993],[-122.7897,46.605],[-122.7612,46.6047],[-122.761,46.619],[-122.714,46.6218],[-122.7209,46.627],[-122.7204,46.6482],[-122.6978,46.6421],[-122.6894,46.6451],[-122.6641,46.6621],[-122.6753,46.6693],[-122.6509,46.6608],[-122.6533,46.6721],[-122.6643,46.6742],[-122.6691,46.679],[-122.6671,46.6832],[-122.6367,46.6932],[-122.631,46.6996],[-122.6338,46.7045],[-122.6169,46.7199],[-122.6276,46.7188],[-122.6294,46.7277],[-122.6353,46.7275],[-122.6359,46.733],[-122.645,46.7368],[-122.6457,46.7456],[-122.6384,46.7554],[-122.6477,46.7583],[-122.6476,46.7633],[-122.4812,46.763],[-122.4901,46.7548],[-122.4874,46.7491],[-122.4813,46.753],[-122.4799,46.7481],[-122.4921,46.745],[-122.4932,46.7387],[-122.4792,46.734],[-122.4854,46.7298],[-122.482,46.726],[-122.4926,46.7199],[-122.493,46.713],[-122.5251,46.7011],[-122.5218,46.6984],[-122.5263,46.697],[-122.526,46.6894],[-122.5184,46.6813],[-122.5364,46.6781],[-122.5453,46.668],[-122.5639,46.6611],[-122.5886,46.6435],[-122.5427,46.6403],[-122.537,46.6046],[-122.5523,46.5872],[-122.5941,46.5727],[-122.5943,46.561],[-122.6051,46.561],[-122.6055,46.5545],[-122.6158,46.5466],[-122.6257,46.5466],[-122.6185,46.5349],[-122.6467,46.5411],[-122.6573,46.5319],[-122.7162,46.532],[-122.7176,46.5284],[-122.7098,46.5285],[-122.7096,46.5231],[-122.6991,46.5177],[-122.6783,46.5178],[-122.6783,46.5104],[-122.6961,46.4923],[-122.7062,46.4893],[-122.7097,46.5072],[-122.737,46.5031],[-122.7356,46.5177],[-122.7405,46.5177],[-122.7405,46.5322],[-122.7233,46.5321],[-122.7235,46.5392],[-122.7353,46.5394],[-122.7356,46.5467],[-122.7772,46.5467],[-122.7772,46.5576],[-122.7999,46.5576],[-122.8174,46.5652],[-122.8151,46.5722],[-122.8081,46.5753],[-122.7836,46.577],[-122.7326,46.5684],[-122.7194,46.5709],[-122.7195,46.5756],[-122.7347,46.5789],[-122.7352,46.583],[-122.7665,46.5831],[-122.7665,46.5795],[-122.7735,46.5794],[-122.7928,46.5831],[-122.7927,46.5795],[-122.8138,46.5777],[-122.8138,46.5916],[-122.8192,46.5998],[-122.8192,46.602]]]}},{"type":"Feature","properties":{"zipCode":"98620"},"geometry":{"type":"Polygon","coordinates":[[[-121.1309,45.9393],[-121.1236,45.9411],[-121.1142,45.9356],[-121.1003,45.9665],[-121.1037,45.9746],[-121.1112,45.9777],[-121.124,45.9763],[-121.1259,45.987],[-121.0707,45.9898],[-121.0393,45.9968],[-121.0249,45.9922],[-120.979,46.0033],[-120.9305,46.0034],[-120.9155,46.008],[-120.9031,46.0043],[-120.8805,46.019],[-120.8544,46.0141],[-120.8403,45.9976],[-120.8234,45.9941],[-120.8181,46.0088],[-120.8106,46.0109],[-120.765,46.0017],[-120.7391,46.0046],[-120.7039,45.9998],[-120.6393,45.9828],[-120.6108,45.995],[-120.5162,45.9863],[-120.4901,45.9902],[-120.4901,45.9544],[-120.5211,45.9275],[-120.5212,45.9102],[-120.4927,45.9106],[-120.4922,45.9027],[-120.5006,45.8963],[-120.4913,45.8962],[-120.4911,45.8671],[-120.5087,45.8675],[-120.5032,45.8432],[-120.5318,45.7815],[-120.5025,45.7799],[-120.4993,45.7713],[-120.482,45.764],[-120.4802,45.7584],[-120.5344,45.7601],[-120.5533,45.7337],[-120.5912,45.7465],[-120.635,45.7458],[-120.6894,45.7158],[-120.8557,45.6715],[-120.8956,45.6429],[-120.9135,45.64],[-120.944,45.6564],[-120.9815,45.6487],[-120.9813,45.6527],[-120.9561,45.6593],[-120.9396,45.6596],[-120.9407,45.6656],[-120.9318,45.6683],[-120.8854,45.676],[-120.885,45.7083],[-120.8748,45.7075],[-120.8748,45.7009],[-120.8582,45.7007],[-120.8438,45.7042],[-120.8437,45.7078],[-120.8228,45.7078],[-120.823,45.746],[-120.8439,45.7375],[-120.8442,45.7589],[-120.8849,45.755],[-120.8848,45.7972],[-120.9058,45.7957],[-120.9094,45.8134],[-120.9055,45.8163],[-120.9428,45.8096],[-120.9512,45.8157],[-120.982,45.8143],[-120.9929,45.8164],[-121.0147,45.8371],[-121.0516,45.8403],[-121.0514,45.8552],[-121.0585,45.8646],[-121.0558,45.8687],[-121.0718,45.8687],[-121.0718,45.8829],[-121.0926,45.8831],[-121.0888,45.9272],[-121.1141,45.9223],[-121.1276,45.9274],[-121.1311,45.9387],[-121.1309,45.9393]]]}},{"type":"Feature","properties":{"zipCode":"98849"},"geometry":{"type":"Polygon","coordinates":[[[-119.6406,48.5368],[-119.6214,48.5584],[-119.6118,48.5585],[-119.6062,48.5693],[-119.5823,48.5689],[-119.5822,48.5838],[-119.5937,48.5837],[-119.5878,48.5873],[-119.5878,48.5945],[-119.5712,48.5934],[-119.5768,48.5909],[-119.577,48.5834],[-119.5659,48.5834],[-119.5667,48.5689],[-119.545,48.569],[-119.5367,48.5768],[-119.5337,48.5754],[-119.5392,48.569],[-119.4946,48.5689],[-119.495,48.5832],[-119.4836,48.5922],[-119.477,48.6118],[-119.4696,48.6125],[-119.4681,48.6268],[-119.4623,48.6298],[-119.4563,48.6241],[-119.4357,48.6202],[-119.4183,48.6256],[-119.4182,48.6315],[-119.4366,48.6412],[-119.4382,48.6525],[-119.4506,48.6582],[-119.4528,48.6678],[-119.4481,48.6791],[-119.4402,48.6834],[-119.4009,48.6833],[-119.4021,48.6781],[-119.388,48.6785],[-119.384,48.6711],[-119.3761,48.6723],[-119.3963,48.6549],[-119.3994,48.636],[-119.3772,48.6578],[-119.3599,48.6486],[-119.3596,48.6406],[-119.3271,48.6408],[-119.3271,48.634],[-119.3321,48.6321],[-119.3292,48.6191],[-119.3162,48.6189],[-119.316,48.6119],[-119.2758,48.6117],[-119.2783,48.5975],[-119.2596,48.5971],[-119.2616,48.5829],[-119.2503,48.5809],[-119.2416,48.5687],[-119.196,48.5687],[-119.1964,48.4822],[-119.4789,48.4809],[-119.4845,48.4938],[-119.4994,48.5032],[-119.495,48.4961],[-119.5108,48.4966],[-119.5004,48.4784],[-119.5052,48.4785],[-119.5054,48.4676],[-119.5133,48.4677],[-119.5131,48.4766],[-119.5186,48.4767],[-119.523,48.4531],[-119.5707,48.451],[-119.608,48.4975],[-119.6206,48.5077],[-119.6271,48.5076],[-119.6402,48.5345],[-119.6406,48.5368]]]}},{"type":"Feature","properties":{"zipCode":"98858"},"geometry":{"type":"Polygon","coordinates":[[[-120.1959,47.6398],[-120.1734,47.6501],[-120.172,47.6641],[-120.1574,47.673],[-120.1538,47.6844],[-120.1641,47.687],[-120.1622,47.6972],[-120.1357,47.7078],[-120.1315,47.7184],[-120.1154,47.7245],[-120.1203,47.7275],[-120.1149,47.7311],[-120.1214,47.7302],[-120.1198,47.7347],[-120.0955,47.7403],[-120.0837,47.7335],[-120.0486,47.7447],[-120.0017,47.7463],[-120.0164,47.7523],[-120.0006,47.7589],[-119.9425,47.7579],[-119.9211,47.7756],[-119.9211,47.8157],[-119.8778,47.8158],[-119.878,47.8588],[-119.9208,47.8592],[-119.9084,47.8794],[-119.9151,47.9014],[-119.8602,47.941],[-119.8706,47.9605],[-119.7985,47.9607],[-119.7985,47.9898],[-119.7768,47.9897],[-119.7757,47.9821],[-119.7674,47.9752],[-119.7713,47.9752],[-119.7712,47.9388],[-119.7819,47.9383],[-119.7814,47.9026],[-119.8244,47.9023],[-119.8251,47.8954],[-119.8349,47.8897],[-119.8351,47.8331],[-119.8564,47.8211],[-119.8563,47.7806],[-119.8135,47.7673],[-119.8136,47.7575],[-119.7708,47.7575],[-119.7706,47.772],[-119.7492,47.7721],[-119.7493,47.7481],[-119.7281,47.7419],[-119.7281,47.7139],[-119.6423,47.7168],[-119.5782,47.6983],[-119.5781,47.685],[-119.5995,47.6849],[-119.602,47.6654],[-119.6422,47.6581],[-119.6419,47.6415],[-119.6636,47.6413],[-119.6622,47.607],[-119.6986,47.5763],[-119.7286,47.5257],[-119.7431,47.5238],[-119.7499,47.53],[-119.7472,47.5368],[-119.7546,47.5408],[-119.8337,47.5396],[-119.8331,47.4957],[-119.8544,47.4954],[-119.8545,47.51],[-119.9412,47.5097],[-119.9451,47.5061],[-119.9538,47.513],[-119.9523,47.5195],[-119.9684,47.5162],[-119.965,47.5208],[-119.9731,47.5254],[-119.9694,47.5298],[-119.9723,47.5358],[-120.0104,47.5386],[-120.0237,47.5479],[-120.0324,47.5808],[-120.0483,47.5858],[-120.0499,47.6126],[-120.1144,47.6126],[-120.1144,47.6272],[-120.0929,47.6272],[-120.0929,47.6418],[-120.118,47.6417],[-120.1616,47.6172],[-120.1558,47.629],[-120.1448,47.6326],[-120.1557,47.635],[-120.1549,47.6547],[-120.1749,47.6426],[-120.1947,47.6392],[-120.1959,47.6398]]]}},{"type":"Feature","properties":{"zipCode":"98908"},"geometry":{"type":"Polygon","coordinates":[[[-120.9095,46.6088],[-120.8778,46.6234],[-120.8361,46.6632],[-120.8168,46.6662],[-120.6926,46.649],[-120.6887,46.6546],[-120.6793,46.6546],[-120.6783,46.6598],[-120.6837,46.6612],[-120.6878,46.6711],[-120.6945,46.671],[-120.6945,46.676],[-120.6786,46.6803],[-120.6784,46.6877],[-120.6678,46.6877],[-120.6416,46.664],[-120.6414,46.6583],[-120.6274,46.6522],[-120.6308,46.6455],[-120.6202,46.6382],[-120.6241,46.6412],[-120.6199,46.646],[-120.6278,46.6571],[-120.6473,46.6702],[-120.6552,46.6852],[-120.6525,46.6874],[-120.641,46.6764],[-120.6361,46.6773],[-120.6515,46.7119],[-120.6836,46.7341],[-120.6363,46.7548],[-120.6161,46.7401],[-120.6366,46.7385],[-120.6362,46.7094],[-120.5948,46.7094],[-120.5943,46.6806],[-120.5884,46.6837],[-120.5837,46.6801],[-120.5834,46.66],[-120.5781,46.6625],[-120.578,46.6472],[-120.5727,46.6471],[-120.5806,46.6327],[-120.5608,46.6212],[-120.562,46.5751],[-120.5713,46.5766],[-120.5755,46.571],[-120.6414,46.5711],[-120.6436,46.5639],[-120.6465,46.5676],[-120.6675,46.5639],[-120.6697,46.5706],[-120.6772,46.5638],[-120.6919,46.5639],[-120.6934,46.5599],[-120.7037,46.5637],[-120.7701,46.5511],[-120.8211,46.5511],[-120.8208,46.5636],[-120.8451,46.5938],[-120.8448,46.6072],[-120.9122,46.6073],[-120.9095,46.6088]],[[-120.8208,46.5544],[-120.8038,46.5588],[-120.8207,46.5598],[-120.8208,46.5544]],[[-120.6205,46.668],[-120.6097,46.6546],[-120.594,46.6578],[-120.5986,46.6665],[-120.6204,46.6716],[-120.6205,46.668]]]}},{"type":"Feature","properties":{"zipCode":"98926"},"geometry":{"type":"Polygon","coordinates":[[[-120.8908,46.98],[-120.8735,46.983],[-120.8648,46.9912],[-120.8353,46.9858],[-120.8454,46.9943],[-120.854,46.9949],[-120.8506,47.0111],[-120.8563,47.0123],[-120.8563,47.0194],[-120.849,47.0197],[-120.8197,47.0011],[-120.818,47.0054],[-120.8231,47.0104],[-120.8001,47.0027],[-120.8094,47.021],[-120.8043,47.0252],[-120.8111,47.0411],[-120.7863,47.033],[-120.7737,47.0337],[-120.7593,47.0214],[-120.7223,47.013],[-120.6939,47.0159],[-120.6989,47.0268],[-120.6877,47.0387],[-120.6952,47.0412],[-120.6925,47.0433],[-120.6658,47.0433],[-120.6663,47.0545],[-120.6451,47.0467],[-120.659,47.0712],[-120.689,47.085],[-120.6921,47.0986],[-120.7203,47.1038],[-120.7173,47.1144],[-120.7269,47.1153],[-120.7274,47.1248],[-120.7721,47.1289],[-120.7723,47.1501],[-120.7398,47.1433],[-120.7355,47.1609],[-120.7302,47.1609],[-120.73,47.1465],[-120.6876,47.1464],[-120.6881,47.23],[-120.6686,47.2216],[-120.6633,47.225],[-120.6507,47.2208],[-120.6068,47.2308],[-120.5884,47.2269],[-120.5722,47.2335],[-120.5703,47.2289],[-120.5784,47.2178],[-120.5681,47.204],[-120.5703,47.1991],[-120.5419,47.1768],[-120.514,47.1758],[-120.4971,47.1304],[-120.4889,47.1267],[-120.4555,47.1369],[-120.4507,47.1425],[-120.4536,47.1374],[-120.4493,47.1381],[-120.4422,47.1498],[-120.4409,47.1348],[-120.3281,47.2276],[-120.3209,47.225],[-120.3598,47.1414],[-120.3699,47.1331],[-120.3714,47.1253],[-120.356,47.1289],[-120.3548,47.1245],[-120.3418,47.1338],[-120.3471,47.1392],[-120.3346,47.1468],[-120.3144,47.1475],[-120.2879,47.1602],[-120.2773,47.2032],[-120.2618,47.2203],[-120.264,47.2145],[-120.2593,47.2124],[-120.2632,47.2084],[-120.2589,47.2076],[-120.2584,47.2244],[-120.2491,47.2322],[-120.2409,47.2296],[-120.2169,47.2348],[-120.2093,47.2388],[-120.2164,47.2429],[-120.2033,47.2464],[-120.1853,47.2623],[-120.1639,47.2623],[-120.1845,47.2499],[-120.2353,47.193],[-120.2045,47.1903],[-120.1554,47.1971],[-120.1474,47.2058],[-120.1409,47.2064],[-120.1605,47.2089],[-120.104,47.2166],[-120.0949,47.2216],[-120.0874,47.2332],[-120.0978,47.2524],[-120.0945,47.2622],[-120.0922,47.2423],[-120.076,47.2259],[-120.016,47.2261],[-120.0026,47.2123],[-120.0037,47.1844],[-120.0112,47.1674],[-120.0011,47.1455],[-120.0021,47.1262],[-120.0115,47.1123],[-120.0276,47.1053],[-120.0429,47.0735],[-120.0376,47.0589],[-120.0073,47.0337],[-120.0021,46.9973],[-120.0071,46.9988],[-120.0063,46.9854],[-120.0275,46.9857],[-120.0277,46.9567],[-120.0488,46.9564],[-120.0488,46.9418],[-119.9894,46.9404],[-119.9949,46.9052],[-119.9859,46.879],[-120.0232,46.8816],[-120.0226,46.7374],[-120.3822,46.7375],[-120.3769,46.7699],[-120.3583,46.7926],[-120.3586,46.8024],[-120.3521,46.8115],[-120.3666,46.8308],[-120.389,46.8217],[-120.403,46.7804],[-120.455,46.781],[-120.452,46.7897],[-120.463,46.797],[-120.463,46.8021],[-120.4481,46.8014],[-120.4414,46.8069],[-120.4581,46.8177],[-120.4659,46.8318],[-120.456,46.8363],[-120.4656,46.8439],[-120.464,46.8521],[-120.4841,46.8544],[-120.4816,46.8688],[-120.6339,46.8693],[-120.6346,46.9121],[-120.8116,46.9111],[-120.823,46.9258],[-120.8415,46.9339],[-120.8396,46.9447],[-120.8573,46.9656],[-120.8459,46.963],[-120.8453,46.9683],[-120.8798,46.9698],[-120.8929,46.9801],[-120.8908,46.98]],[[-120.4295,46.9718],[-120.4083,46.9717],[-120.4083,46.9804],[-120.4128,46.9819],[-120.4064,46.9859],[-120.4255,46.9934],[-120.4288,46.9839],[-120.4236,46.9827],[-120.4293,46.9787],[-120.4295,46.9718]]]}},{"type":"Feature","properties":{"zipCode":"98937"},"geometry":{"type":"MultiPolygon","coordinates":[[[[-120.6204,46.6716],[-120.5986,46.6665],[-120.594,46.6578],[-120.6097,46.6546],[-120.6205,46.668],[-120.6204,46.6716]]],[[[-121.5203,46.8792],[-121.5133,46.8848],[-121.5104,46.8966],[-121.497,46.9083],[-121.4568,46.9231],[-121.4495,46.9344],[-121.4526,46.9557],[-121.4584,46.9606],[-121.4419,46.9738],[-121.4458,46.9802],[-121.4209,46.9886],[-121.4065,46.9987],[-121.4094,47.0041],[-121.4062,47.0122],[-121.3947,47.0233],[-121.3998,47.0335],[-121.3741,47.057],[-121.3754,47.0733],[-121.3833,47.0848],[-121.3797,47.0875],[-121.3592,47.0707],[-121.3471,47.0787],[-121.3185,47.0756],[-121.3014,47.0852],[-121.281,47.0887],[-121.2181,47.065],[-121.2126,47.0556],[-121.1944,47.044],[-121.1817,47.0444],[-121.1656,47.0355],[-121.136,47.0174],[-121.1234,46.9987],[-121.0901,46.991],[-121.09,46.9693],[-121.0688,46.9585],[-121.0688,46.9476],[-121.0583,46.9439],[-121.0583,46.9367],[-121.053,46.9367],[-121.053,46.933],[-121.0425,46.933],[-121.0424,46.9221],[-121.0319,46.9185],[-121.0266,46.9113],[-120.9157,46.9113],[-120.9236,46.9068],[-120.9151,46.8999],[-120.9228,46.8896],[-120.92,46.8759],[-120.9135,46.8723],[-120.9128,46.8542],[-120.8834,46.8323],[-120.8484,46.8207],[-120.7956,46.789],[-120.7533,46.7864],[-120.7093,46.799],[-120.7192,46.7827],[-120.6996,46.7865],[-120.7004,46.7531],[-120.6407,46.7534],[-120.6836,46.7341],[-120.6515,46.7119],[-120.6361,46.6773],[-120.641,46.6764],[-120.6525,46.6874],[-120.6552,46.6852],[-120.6473,46.6702],[-120.6278,46.6571],[-120.6199,46.646],[-120.6241,46.6412],[-120.6202,46.6382],[-120.6308,46.6455],[-120.6274,46.6522],[-120.6414,46.6583],[-120.6416,46.664],[-120.6678,46.6877],[-120.6784,46.6877],[-120.6784,46.6951],[-120.6891,46.6949],[-120.6891,46.7004],[-120.7103,46.7112],[-120.7159,46.7276],[-120.7622,46.7386],[-120.7622,46.7423],[-120.7831,46.7423],[-120.7966,46.7307],[-120.8112,46.7263],[-120.815,46.7172],[-120.8617,46.7134],[-120.9103,46.69],[-120.8992,46.6873],[-120.8886,46.6917],[-120.9081,46.6781],[-120.9085,46.6541],[-120.932,46.6416],[-120.8878,46.6215],[-120.8878,46.6167],[-120.8948,46.6128],[-120.9122,46.6073],[-121.1908,46.6078],[-121.241,46.5787],[-121.253,46.5604],[-121.2482,46.5603],[-121.25,46.5517],[-121.2434,46.5536],[-121.2278,46.5467],[-121.1637,46.5467],[-121.1616,46.5411],[-121.1549,46.5398],[-121.1509,46.5294],[-121.1108,46.5278],[-121.0569,46.514],[-121.0154,46.5178],[-121.0316,46.4998],[-121.0658,46.4827],[-121.1256,46.4803],[-121.1256,46.4743],[-121.1418,46.4743],[-121.1536,46.4916],[-121.1869,46.4988],[-121.2093,46.5126],[-121.2542,46.4958],[-121.2725,46.4771],[-121.2653,46.4701],[-121.2992,46.4565],[-121.319,46.4547],[-121.3627,46.468],[-121.3804,46.4681],[-121.406,46.4829],[-121.4069,46.4882],[-121.4501,46.5035],[-121.456,46.5167],[-121.451,46.5339],[-121.4274,46.54],[-121.4166,46.5482],[-121.4208,46.5513],[-121.4127,46.5587],[-121.4244,46.5706],[-121.4057,46.5823],[-121.4023,46.5943],[-121.4076,46.6015],[-121.3868,46.6208],[-121.3896,46.6287],[-121.3864,46.636],[-121.398,46.6418],[-121.3952,46.6458],[-121.4165,46.6519],[-121.4115,46.6656],[-121.4132,46.6759],[-121.3989,46.6881],[-121.3767,46.6865],[-121.3745,46.6929],[-121.3798,46.7018],[-121.3532,46.712],[-121.3688,46.7262],[-121.406,46.7274],[-121.4124,46.7356],[-121.4307,46.7406],[-121.4243,46.7566],[-121.4415,46.7583],[-121.4386,46.7626],[-121.455,46.7806],[-121.4538,46.7882],[-121.4425,46.793],[-121.455,46.8021],[-121.4582,46.812],[-121.4744,46.8204],[-121.4702,46.8264],[-121.4842,46.8343],[-121.4973,46.8629],[-121.5231,46.8728],[-121.5203,46.8792]]]]}},{"type":"Feature","properties":{"zipCode":"99138"},"geometry":{"type":"Polygon","coordinates":[[[-118.611,48.3635],[-118.603,48.3709],[-118.6,48.3886],[-118.5898,48.4077],[-118.5739,48.4083],[-118.5731,48.4156],[-118.5784,48.4181],[-118.5757,48.4241],[-118.5531,48.4334],[-118.5658,48.4814],[-118.1892,48.4816],[-118.2065,48.4703],[-118.2122,48.4577],[-118.212,48.45],[-118.2029,48.4422],[-118.2035,48.4097],[-118.1816,48.3718],[-118.1756,48.3195],[-118.1545,48.2959],[-118.1508,48.2823],[-118.14,48.2683],[-118.1415,48.2602],[-118.1545,48.2379],[-118.1949,48.2125],[-118.1876,48.1991],[-118.1966,48.1906],[-118.1913,48.1586],[-118.1965,48.1453],[-118.2057,48.1386],[-118.2453,48.1353],[-118.2544,48.1285],[-118.2533,48.1125],[-118.2375,48.1048],[-118.2313,48.0895],[-118.235,48.061],[-118.2452,48.0547],[-118.2645,48.0583],[-118.2672,48.0471],[-118.2755,48.0406],[-118.3161,48.0416],[-118.3395,48.0498],[-118.3589,48.0494],[-118.4024,48.0264],[-118.3754,47.9999],[-118.3706,47.9856],[-118.3487,47.9718],[-118.3561,47.9293],[-118.34,47.9002],[-118.3499,47.8826],[-118.3482,47.8749],[-118.3557,47.8598],[-118.3571,47.8416],[-118.3681,47.833],[-118.3927,47.8307],[-118.4165,47.835],[-118.4458,47.8455],[-118.4562,47.8545],[-118.457,47.8749],[-118.4658,47.8822],[-118.4656,47.9633],[-118.4586,47.9632],[-118.458,48.0701],[-118.4927,48.0637],[-118.5195,48.0694],[-118.5368,48.0553],[-118.5701,48.0541],[-118.5792,48.0454],[-118.5821,48.0588],[-118.5895,48.0668],[-118.5886,48.0868],[-118.5783,48.1053],[-118.5944,48.1131],[-118.5817,48.1307],[-118.5856,48.1399],[-118.5564,48.1533],[-118.5942,48.1641],[-118.61,48.1571],[-118.6019,48.1873],[-118.5793,48.2131],[-118.596,48.2232],[-118.5873,48.2288],[-118.5956,48.2285],[-118.5981,48.2398],[-118.587,48.2618],[-118.6031,48.2752],[-118.5993,48.2845],[-118.5586,48.3108],[-118.5448,48.3266],[-118.5383,48.325],[-118.5436,48.3306],[-118.541,48.3506],[-118.5682,48.3514],[-118.5885,48.3585],[-118.6028,48.3541],[-118.6103,48.362],[-118.611,48.3635]]]}},{"type":"Feature","properties":{"zipCode":"99166"},"geometry":{"type":"Polygon","coordinates":[[[-118.9571,48.7037],[-118.9556,48.711],[-118.9578,48.7009],[-118.9532,48.6973],[-118.9425,48.692],[-118.944,48.6988],[-118.9242,48.6971],[-118.9243,48.6899],[-118.9026,48.6899],[-118.9025,48.6827],[-118.8637,48.6826],[-118.8638,48.6899],[-118.8528,48.69],[-118.8528,48.6827],[-118.837,48.6827],[-118.8369,48.8286],[-118.8027,48.828],[-118.7907,48.8361],[-118.7812,48.8298],[-118.7715,48.8359],[-118.7681,48.8282],[-118.7565,48.8443],[-118.7482,48.8284],[-118.7081,48.8282],[-118.7149,48.8253],[-118.7107,48.8113],[-118.7216,48.7989],[-118.706,48.7989],[-118.7059,48.7915],[-118.6423,48.7914],[-118.6559,48.7782],[-118.6505,48.7735],[-118.6149,48.7839],[-118.6149,48.7694],[-118.5651,48.7701],[-118.5327,48.7644],[-118.5348,48.7744],[-118.5274,48.7728],[-118.5368,48.784],[-118.5132,48.794],[-118.4773,48.7936],[-118.4553,48.7726],[-118.4438,48.7716],[-118.4264,48.7587],[-118.419,48.7591],[-118.429,48.7556],[-118.4394,48.7345],[-118.4343,48.7232],[-118.4443,48.7137],[-118.4451,48.7019],[-118.4368,48.6996],[-118.4441,48.6838],[-118.4371,48.6685],[-118.4407,48.6506],[-118.4368,48.6407],[-118.4466,48.6321],[-118.4441,48.6115],[-118.4646,48.6131],[-118.4669,48.6093],[-118.4582,48.6048],[-118.4775,48.6071],[-118.4766,48.4816],[-118.5658,48.4814],[-118.5531,48.4334],[-118.5757,48.4241],[-118.5784,48.4181],[-118.5731,48.4156],[-118.5739,48.4083],[-118.5898,48.4077],[-118.5959,48.3964],[-118.7263,48.3965],[-118.7243,48.4041],[-118.7333,48.4171],[-118.7375,48.4132],[-118.7319,48.4025],[-118.7355,48.3965],[-118.8445,48.3965],[-118.8439,48.4817],[-118.8695,48.4819],[-118.8696,48.6536],[-118.8815,48.6537],[-118.8811,48.6682],[-118.9024,48.6682],[-118.9025,48.6755],[-118.9244,48.6754],[-118.9243,48.6825],[-118.9461,48.6827],[-118.9443,48.6922],[-118.9582,48.7014],[-118.9571,48.7037]]]}},{"type":"Feature","properties":{"zipCode":"99173"},"geometry":{"type":"Polygon","coordinates":[[[-118.1088,48.028],[-118.0856,48.0275],[-118.0684,48.0382],[-118.0641,48.0473],[-118.0204,48.0601],[-118.026,48.0649],[-118.0197,48.0694],[-118.0149,48.0876],[-118.0314,48.1072],[-118.0267,48.113],[-118.0145,48.1159],[-118.0103,48.1229],[-117.9852,48.1304],[-117.9806,48.1193],[-117.9294,48.1087],[-117.9032,48.1147],[-117.8889,48.1294],[-117.8812,48.1313],[-117.8501,48.1131],[-117.8462,48.1041],[-117.8597,48.1032],[-117.8603,48.0938],[-117.83,48.078],[-117.8229,48.0784],[-117.8226,48.0708],[-117.8013,48.0709],[-117.8012,48.0816],[-117.7956,48.0853],[-117.788,48.0853],[-117.7844,48.0926],[-117.7578,48.0924],[-117.7578,48.0995],[-117.7543,48.0924],[-117.735,48.0883],[-117.7202,48.0954],[-117.713,48.0958],[-117.707,48.0882],[-117.6916,48.092],[-117.6916,48.0795],[-117.7096,48.077],[-117.7361,48.0584],[-117.7234,48.0605],[-117.7095,48.0546],[-117.6974,48.062],[-117.6826,48.0626],[-117.6827,48.0558],[-117.693,48.0557],[-117.6931,48.0236],[-117.6834,48.0222],[-117.6737,48.0297],[-117.6638,48.0279],[-117.6607,48.0327],[-117.6504,48.0334],[-117.6509,48.0268],[-117.6428,48.0205],[-117.6432,48.0123],[-117.6297,48.0107],[-117.6302,48.0046],[-117.6713,48.0043],[-117.672,47.9615],[-117.6492,47.9613],[-117.6495,47.9467],[-117.7011,47.9452],[-117.7023,47.9332],[-117.7075,47.9325],[-117.7147,47.9337],[-117.7202,47.9423],[-117.7354,47.9459],[-117.7437,47.9273],[-117.7466,47.9304],[-117.7509,47.925],[-117.7732,47.9191],[-117.7787,47.9264],[-117.8065,47.9084],[-117.8036,47.9148],[-117.7796,47.9278],[-117.7776,47.9408],[-117.7853,47.9458],[-117.7753,47.966],[-117.7606,47.975],[-117.7547,47.9928],[-117.7387,47.9904],[-117.7277,47.9946],[-117.7514,47.9946],[-117.7564,48.0019],[-118.1053,48.0021],[-118.1092,48.0256],[-118.1088,48.028]]]}},{"type":"Feature","properties":{"zipCode":"99208"},"geometry":{"type":"Polygon","coordinates":[[[-117.5435,47.7791],[-117.5271,47.7872],[-117.5338,47.7959],[-117.5347,47.8306],[-117.5186,47.831],[-117.5189,47.8383],[-117.5081,47.8383],[-117.5085,47.8601],[-117.4761,47.8602],[-117.476,47.8529],[-117.4671,47.8528],[-117.4694,47.8436],[-117.4486,47.8381],[-117.4432,47.8258],[-117.4193,47.8164],[-117.4125,47.8164],[-117.4129,47.82],[-117.4062,47.8088],[-117.4067,47.7975],[-117.4002,47.8091],[-117.3701,47.8092],[-117.3679,47.7996],[-117.3782,47.7972],[-117.3692,47.7905],[-117.3649,47.7786],[-117.373,47.7806],[-117.3784,47.7725],[-117.403,47.773],[-117.4055,47.7764],[-117.4053,47.7729],[-117.4194,47.771],[-117.4518,47.7722],[-117.4535,47.7587],[-117.4281,47.7569],[-117.4417,47.7549],[-117.432,47.7512],[-117.4219,47.7354],[-117.4007,47.7367],[-117.4007,47.7403],[-117.3792,47.7367],[-117.3792,47.7294],[-117.3904,47.7273],[-117.3933,47.715],[-117.3629,47.7149],[-117.3633,47.7077],[-117.4059,47.7079],[-117.4059,47.7115],[-117.4112,47.7079],[-117.4119,47.7151],[-117.4809,47.7176],[-117.4809,47.7117],[-117.4925,47.7078],[-117.4923,47.7008],[-117.5,47.7071],[-117.4989,47.7191],[-117.5138,47.7221],[-117.5107,47.73],[-117.4969,47.73],[-117.506,47.7516],[-117.5149,47.7587],[-117.5073,47.7587],[-117.5074,47.7703],[-117.5397,47.769],[-117.544,47.777],[-117.5435,47.7791]]]}},{"type":"Feature","properties":{"zipCode":"98038"},"geometry":{"type":"Polygon","coordinates":[[[-122.0842,47.39],[-122.075,47.3962],[-122.082,47.4186],[-122.0612,47.431],[-122.0783,47.4417],[-122.077,47.454],[-122.069,47.4541],[-122.069,47.4481],[-122.0584,47.4443],[-122.0582,47.4769],[-122.042,47.4769],[-122.0367,47.459],[-122.0279,47.4569],[-122.0317,47.4514],[-122.0047,47.4513],[-122.0022,47.4439],[-121.9943,47.4439],[-121.9943,47.4367],[-121.9854,47.4314],[-121.9882,47.4293],[-121.9589,47.4226],[-121.9493,47.4268],[-121.9313,47.4224],[-121.9408,47.4444],[-121.9442,47.4478],[-121.9513,47.4437],[-121.9505,47.4566],[-121.9366,47.4654],[-121.8958,47.4748],[-121.8894,47.4825],[-121.8845,47.5046],[-121.879,47.5038],[-121.8619,47.4781],[-121.8463,47.4727],[-121.8434,47.4542],[-121.8348,47.4482],[-121.8227,47.4475],[-121.8282,47.4447],[-121.8092,47.4444],[-121.8109,47.4398],[-121.8059,47.4357],[-121.8214,47.4321],[-121.8255,47.421],[-121.8196,47.4106],[-121.8561,47.3891],[-121.8743,47.3852],[-121.894,47.3893],[-121.9024,47.3803],[-121.9223,47.3926],[-121.9533,47.3937],[-121.9596,47.3907],[-121.9538,47.3823],[-121.9629,47.3746],[-121.9927,47.3807],[-121.9928,47.3858],[-122.0109,47.3769],[-122.0215,47.3787],[-122.0163,47.3745],[-122.0162,47.358],[-121.995,47.3581],[-121.9952,47.3487],[-122.0164,47.3455],[-122.0183,47.341],[-122.0539,47.3436],[-122.0601,47.3544],[-122.0658,47.3544],[-122.0657,47.358],[-122.059,47.358],[-122.0626,47.3727],[-122.0806,47.3762],[-122.0804,47.387],[-122.0857,47.387],[-122.0842,47.39]]]}},{"type":"Feature","properties":{"zipCode":"98121"},"geometry":{"type":"Polygon","coordinates":[[[-122.3616,47.6186],[-122.333,47.6185],[-122.3461,47.6097],[-122.3599,47.6176],[-122.3616,47.6186]]]}},{"type":"Feature","properties":{"zipCode":"99004"},"geometry":{"type":"Polygon","coordinates":[[[-117.8233,47.3573],[-117.809,47.3591],[-117.7875,47.3898],[-117.7873,47.3938],[-117.7997,47.3982],[-117.7957,47.4123],[-117.8085,47.4117],[-117.8231,47.3968],[-117.822,47.4498],[-117.8004,47.4521],[-117.8008,47.5081],[-117.7794,47.5074],[-117.7793,47.5182],[-117.7843,47.5188],[-117.7846,47.5237],[-117.758,47.5219],[-117.7578,47.551],[-117.7686,47.5513],[-117.7665,47.5592],[-117.7148,47.5593],[-117.715,47.5438],[-117.7048,47.5438],[-117.7149,47.5293],[-117.697,47.5282],[-117.6892,47.5416],[-117.6859,47.5391],[-117.6926,47.5219],[-117.6668,47.5219],[-117.606,47.5605],[-117.6196,47.5534],[-117.6397,47.5546],[-117.6398,47.5655],[-117.6291,47.5656],[-117.6292,47.58],[-117.6103,47.5801],[-117.61,47.5947],[-117.6045,47.5931],[-117.6058,47.5801],[-117.578,47.5804],[-117.5709,47.5874],[-117.5774,47.5802],[-117.5645,47.5801],[-117.5645,47.5875],[-117.5568,47.5939],[-117.5408,47.5932],[-117.5404,47.6015],[-117.535,47.6017],[-117.5353,47.5941],[-117.5083,47.5946],[-117.5112,47.5834],[-117.5061,47.5832],[-117.5068,47.5797],[-117.5144,47.5778],[-117.4976,47.5777],[-117.5025,47.5659],[-117.498,47.5582],[-117.4963,47.5665],[-117.4654,47.5619],[-117.4651,47.5316],[-117.4546,47.5318],[-117.4551,47.5082],[-117.4445,47.5079],[-117.4445,47.5153],[-117.4401,47.5105],[-117.4403,47.4967],[-117.4497,47.4962],[-117.4401,47.4914],[-117.4399,47.4558],[-117.4556,47.4593],[-117.4563,47.4092],[-117.467,47.405],[-117.4671,47.3907],[-117.4561,47.3906],[-117.451,47.3761],[-117.4564,47.376],[-117.4563,47.3613],[-117.4778,47.3614],[-117.4779,47.3106],[-117.4885,47.3106],[-117.4886,47.3027],[-117.508,47.3069],[-117.5125,47.2961],[-117.5342,47.2961],[-117.5414,47.2881],[-117.5565,47.2857],[-117.5694,47.2716],[-117.5736,47.2571],[-117.5883,47.2431],[-117.596,47.2396],[-117.5908,47.2444],[-117.609,47.2415],[-117.6353,47.246],[-117.6656,47.2594],[-117.6652,47.2378],[-117.6865,47.2377],[-117.6863,47.223],[-117.744,47.2227],[-117.7444,47.228],[-117.7494,47.2291],[-117.7492,47.2602],[-117.8236,47.2602],[-117.8233,47.3573]],[[-117.5995,47.5598],[-117.5943,47.5564],[-117.5936,47.5655],[-117.6015,47.5619],[-117.5995,47.5598]]]}},{"type":"Feature","properties":{"zipCode":"99125"},"geometry":{"type":"Polygon","coordinates":[[[-117.9693,46.898],[-117.9671,46.9148],[-117.9593,46.9148],[-117.9596,47.067],[-117.9361,47.073],[-117.9118,47.0875],[-117.8921,47.089],[-117.8817,47.0809],[-117.8531,47.0814],[-117.8531,47.0754],[-117.8422,47.075],[-117.8474,47.0466],[-117.8114,47.0468],[-117.8089,47.0031],[-117.7699,46.998],[-117.7592,46.9918],[-117.7424,47.0037],[-117.6812,47.0165],[-117.6389,46.9899],[-117.6264,47.0034],[-117.6178,46.9946],[-117.6073,47.0029],[-117.5986,46.9935],[-117.5839,46.998],[-117.5814,46.9859],[-117.5867,46.9859],[-117.5867,46.9823],[-117.565,46.9824],[-117.5651,46.9897],[-117.5336,46.9899],[-117.5335,46.9791],[-117.5438,46.9826],[-117.5362,46.9774],[-117.5451,46.9688],[-117.5308,46.9673],[-117.5078,46.9574],[-117.5063,46.9522],[-117.5117,46.9537],[-117.5116,46.9391],[-117.5224,46.939],[-117.5221,46.9211],[-117.5351,46.9297],[-117.5673,46.9389],[-117.5758,46.9499],[-117.6163,46.9756],[-117.6528,46.9645],[-117.6835,46.9393],[-117.6877,46.9339],[-117.6794,46.924],[-117.6609,46.9224],[-117.6592,46.9083],[-117.6473,46.8909],[-117.6259,46.8971],[-117.5941,46.8913],[-117.5728,46.8993],[-117.5541,46.8998],[-117.556,46.894],[-117.5862,46.8771],[-117.5881,46.8561],[-117.6131,46.8522],[-117.6239,46.8445],[-117.6081,46.8459],[-117.6085,46.8258],[-117.6298,46.8258],[-117.6309,46.8436],[-117.6809,46.8645],[-117.7004,46.8607],[-117.7296,46.8652],[-117.7375,46.8624],[-117.7401,46.8585],[-117.7353,46.8514],[-117.7406,46.8402],[-117.7578,46.8402],[-117.7566,46.8659],[-117.8311,46.8528],[-117.8565,46.8579],[-117.8538,46.8762],[-117.8432,46.8993],[-117.8526,46.8992],[-117.8527,46.8844],[-117.8634,46.8843],[-117.8633,46.899],[-117.8833,46.8992],[-117.8845,46.9126],[-117.9108,46.9068],[-117.9197,46.9129],[-117.9276,46.9121],[-117.9316,46.8879],[-117.9474,46.8781],[-117.9527,46.8686],[-117.9709,46.8672],[-117.9693,46.898]]]}},{"type":"Feature","properties":{"zipCode":"98939"},"geometry":{"type":"Polygon","coordinates":[[[-120.4801,46.5053],[-120.4758,46.5131],[-120.4584,46.4922],[-120.4697,46.4919],[-120.4697,46.4992],[-120.4802,46.4993],[-120.4801,46.5053]]]}},{"type":"Feature","properties":{"zipCode":"98952"},"geometry":{"type":"Polygon","coordinates":[[[-121.1918,46.3776],[-121.183,46.3976],[-121.158,46.4143],[-121.1584,46.4275],[-121.1655,46.4349],[-121.16,46.4352],[-121.1657,46.4474],[-121.173,46.4503],[-121.1644,46.4743],[-121.1262,46.471],[-121.1201,46.4449],[-121.1195,46.4537],[-121.0963,46.4641],[-121.0238,46.4673],[-120.9848,46.4854],[-120.9494,46.4926],[-120.9185,46.5094],[-120.9196,46.5008],[-120.9291,46.4977],[-120.9306,46.4915],[-120.8675,46.5082],[-120.8423,46.5051],[-120.823,46.5082],[-120.8012,46.5019],[-120.7649,46.502],[-120.7596,46.4973],[-120.7255,46.5078],[-120.6677,46.4986],[-120.6684,46.4948],[-120.6968,46.4865],[-120.7005,46.4809],[-120.6952,46.4778],[-120.7372,46.4781],[-120.7727,46.4536],[-120.7708,46.4479],[-120.7649,46.4477],[-120.765,46.4412],[-120.7556,46.4396],[-120.7549,46.4285],[-120.7322,46.4206],[-120.7547,46.4045],[-120.6914,46.4045],[-120.7054,46.4028],[-120.7218,46.3876],[-120.7172,46.3825],[-120.7069,46.3822],[-120.7065,46.3752],[-120.6492,46.3864],[-120.6489,46.3753],[-120.6418,46.3753],[-120.6282,46.3782],[-120.6286,46.3868],[-120.5744,46.3901],[-120.5726,46.3838],[-120.5652,46.3818],[-120.5649,46.3461],[-120.5439,46.3461],[-120.5438,46.3357],[-120.5546,46.3334],[-120.5557,46.3099],[-120.5229,46.3118],[-120.5228,46.3025],[-120.5021,46.3025],[-120.5022,46.2563],[-120.5258,46.2524],[-120.573,46.2348],[-120.6237,46.231],[-120.6202,46.2251],[-120.6236,46.2195],[-120.6144,46.2108],[-120.6145,46.1927],[-120.6424,46.1658],[-120.6468,46.1683],[-120.6824,46.1578],[-120.6943,46.1631],[-120.753,46.167],[-120.7688,46.1801],[-120.8082,46.1941],[-120.7991,46.2084],[-120.8186,46.2177],[-120.8264,46.2289],[-120.845,46.2415],[-120.8573,46.2392],[-120.8709,46.2429],[-120.8729,46.251],[-120.8496,46.2742],[-120.8293,46.2813],[-120.8056,46.2816],[-120.7543,46.2979],[-120.7503,46.3038],[-120.7547,46.3317],[-120.7675,46.3311],[-120.788,46.3111],[-120.8174,46.2972],[-120.8325,46.2972],[-120.8615,46.287],[-120.8969,46.2894],[-120.9063,46.2943],[-120.9269,46.2841],[-120.9279,46.2777],[-120.9341,46.2751],[-120.9626,46.2742],[-120.9771,46.2935],[-120.971,46.3013],[-120.9735,46.3065],[-120.9914,46.3259],[-120.9945,46.3432],[-121.0066,46.3568],[-121.0175,46.3622],[-121.0358,46.3614],[-121.0613,46.354],[-121.0674,46.3479],[-121.0746,46.3541],[-121.0759,46.3656],[-121.0924,46.37],[-121.0937,46.3738],[-121.072,46.3808],[-121.0504,46.3833],[-121.0434,46.3904],[-121.052,46.3962],[-121.0748,46.4018],[-121.1077,46.3945],[-121.1301,46.3831],[-121.148,46.3833],[-121.1552,46.3763],[-121.1692,46.3777],[-121.1776,46.3673],[-121.1837,46.3775],[-121.185,46.3649],[-121.1892,46.3646],[-121.1906,46.377],[-121.1918,46.3776]]]}},{"type":"Feature","properties":{"zipCode":"99350"},"geometry":{"type":"Polygon","coordinates":[[[-120.0088,46.041],[-119.8658,46.0409],[-119.8656,46.1272],[-119.8863,46.1274],[-119.8862,46.1415],[-119.8915,46.1422],[-119.8887,46.1546],[-119.8965,46.1621],[-119.8856,46.1807],[-119.8762,46.1836],[-119.8762,46.188],[-119.8667,46.1871],[-119.8667,46.196],[-119.877,46.202],[-119.877,46.2146],[-119.8525,46.2146],[-119.8522,46.2511],[-119.8415,46.2584],[-119.8312,46.2583],[-119.8315,46.2876],[-119.8212,46.2854],[-119.8215,46.2731],[-119.8106,46.2731],[-119.8104,46.3311],[-119.8735,46.3314],[-119.8701,46.4479],[-119.7872,46.4465],[-119.7871,46.4427],[-119.7769,46.4411],[-119.7768,46.4323],[-119.7662,46.4322],[-119.7663,46.4217],[-119.7452,46.4217],[-119.7452,46.418],[-119.6396,46.422],[-119.6393,46.4039],[-119.6185,46.4039],[-119.6187,46.3169],[-119.5973,46.3167],[-119.5981,46.3021],[-119.6189,46.3023],[-119.6193,46.2659],[-119.6283,46.2596],[-119.621,46.2593],[-119.6217,46.2426],[-119.5593,46.2427],[-119.5592,46.214],[-119.5375,46.2138],[-119.5369,46.2427],[-119.5012,46.2431],[-119.4874,46.2378],[-119.4813,46.2419],[-119.4415,46.2253],[-119.4321,46.2106],[-119.4327,46.1859],[-119.4536,46.1833],[-119.4543,46.13],[-119.3726,46.1307],[-119.3698,46.1163],[-119.3465,46.1164],[-119.3277,46.1219],[-119.3258,46.1402],[-119.3062,46.1432],[-119.3072,46.1304],[-119.3012,46.1277],[-119.309,46.1192],[-119.3265,46.1214],[-119.3271,46.0852],[-119.3704,46.0866],[-119.37,46.0412],[-119.6024,46.0435],[-119.6028,46.0208],[-119.5697,46.0202],[-119.5708,46.0109],[-119.5602,45.9812],[-119.5823,45.9435],[-119.5716,45.9405],[-119.6031,45.9369],[-119.6028,45.999],[-119.6866,45.9996],[-119.6853,45.9537],[-119.8675,45.9526],[-119.8683,45.8359],[-119.9075,45.8281],[-119.9087,45.8351],[-119.9289,45.8355],[-119.9189,45.8453],[-119.9214,45.8569],[-119.9272,45.8616],[-119.9238,45.867],[-119.9514,45.8691],[-119.9766,45.8806],[-119.9818,45.8854],[-119.982,45.8986],[-119.9979,45.9082],[-119.9923,45.9102],[-119.9898,46.0235],[-120.0064,46.0401],[-120.0088,46.041]]]}},{"type":"Feature","properties":{"zipCode":"98326"},"geometry":{"type":"Polygon","coordinates":[[[-124.7328,48.1653],[-124.7317,48.17],[-124.7042,48.1844],[-124.6961,48.1986],[-124.6904,48.2197],[-124.7059,48.2399],[-124.6847,48.2552],[-124.6808,48.2752],[-124.5575,48.275],[-124.5547,48.2908],[-124.5454,48.2875],[-124.5492,48.2835],[-124.5458,48.2766],[-124.488,48.2736],[-124.4797,48.2771],[-124.4838,48.2739],[-124.4723,48.2635],[-124.4667,48.2497],[-124.4598,48.2459],[-124.4533,48.2502],[-124.4332,48.2489],[-124.4331,48.2365],[-124.423,48.2362],[-124.4212,48.2303],[-124.4097,48.2268],[-124.3666,48.252],[-124.3617,48.2593],[-124.352,48.2567],[-124.3458,48.2676],[-124.3014,48.2595],[-124.3013,48.256],[-124.285,48.2559],[-124.285,48.2524],[-124.27,48.2524],[-124.2509,48.2648],[-124.2386,48.2625],[-124.1307,48.2206],[-124.1018,48.2169],[-124.1064,48.2062],[-124.11,48.2077],[-124.1077,48.2001],[-124.0619,48.1871],[-124.0614,48.1829],[-124.049,48.1774],[-124.0494,48.1329],[-124.1564,48.1335],[-124.1681,48.1568],[-124.164,48.169],[-124.1896,48.1815],[-124.1936,48.1766],[-124.2026,48.18],[-124.212,48.1735],[-124.205,48.1661],[-124.2079,48.1576],[-124.2203,48.1547],[-124.2162,48.1481],[-124.2182,48.1406],[-124.2292,48.1492],[-124.2531,48.1371],[-124.2923,48.148],[-124.3043,48.1432],[-124.3056,48.15],[-124.3299,48.1401],[-124.3309,48.1178],[-124.3457,48.1173],[-124.3612,48.1105],[-124.3727,48.1135],[-124.3718,48.1269],[-124.3775,48.1323],[-124.4099,48.1457],[-124.4457,48.1092],[-124.4543,48.1143],[-124.4646,48.1094],[-124.4686,48.0942],[-124.4744,48.0896],[-124.4852,48.0921],[-124.4969,48.0876],[-124.5034,48.0915],[-124.5042,48.07],[-124.5101,48.0603],[-124.5195,48.0593],[-124.521,48.0456],[-124.5252,48.0439],[-124.5209,48.0387],[-124.5266,48.0343],[-124.5437,48.029],[-124.5462,48.0321],[-124.5397,48.0377],[-124.546,48.0382],[-124.5555,48.0553],[-124.5788,48.0513],[-124.5702,48.0491],[-124.5646,48.0337],[-124.5938,48.0261],[-124.5989,48.0124],[-124.6004,48.0186],[-124.6223,48.038],[-124.6191,48.0506],[-124.6399,48.0493],[-124.6424,48.0555],[-124.6521,48.0585],[-124.6588,48.0741],[-124.6656,48.0661],[-124.6641,48.0213],[-124.6729,48.0237],[-124.681,48.0187],[-124.6854,48.0492],[-124.6965,48.0693],[-124.6951,48.0871],[-124.6871,48.0987],[-124.6985,48.1198],[-124.7114,48.1256],[-124.7073,48.1316],[-124.7332,48.1634],[-124.7328,48.1653]]]}},{"type":"Feature","properties":{"zipCode":"98328"},"geometry":{"type":"Polygon","coordinates":[[[-122.4267,46.8507],[-122.4236,46.8505],[-122.423,46.8792],[-122.4124,46.8792],[-122.4124,46.886],[-122.417,46.8864],[-122.4136,46.8911],[-122.3756,46.9051],[-122.3822,46.9098],[-122.3786,46.9368],[-122.3839,46.9369],[-122.3899,46.9457],[-122.3873,46.9564],[-122.3932,46.9567],[-122.3997,46.9489],[-122.3999,46.9622],[-122.3752,46.9725],[-122.3579,46.9757],[-122.3287,46.9727],[-122.319,46.9785],[-122.3085,46.9774],[-122.3084,46.973],[-122.2979,46.9756],[-122.3024,46.9575],[-122.255,46.9605],[-122.2545,46.954],[-122.2152,46.9515],[-122.1718,46.9371],[-122.1534,46.9418],[-122.1034,46.9338],[-122.1036,46.9637],[-122.093,46.9637],[-122.0853,46.9553],[-122.0735,46.957],[-122.0659,46.9507],[-122.0531,46.9183],[-122.0103,46.8868],[-121.9589,46.8649],[-121.9183,46.8582],[-121.9183,46.7652],[-122.045,46.764],[-122.0453,46.7989],[-122.072,46.798],[-122.1093,46.8205],[-122.1143,46.8352],[-122.1286,46.8353],[-122.1286,46.8212],[-122.1393,46.8177],[-122.1258,46.8051],[-122.1268,46.8013],[-122.1042,46.7891],[-122.0866,46.7907],[-122.0791,46.7871],[-122.0795,46.782],[-122.0915,46.776],[-122.0872,46.7711],[-122.0931,46.7692],[-122.0946,46.7608],[-122.1181,46.7581],[-122.1835,46.7648],[-122.2002,46.7608],[-122.2113,46.7702],[-122.2266,46.7688],[-122.2406,46.7759],[-122.2595,46.7721],[-122.2659,46.7655],[-122.3085,46.7892],[-122.3125,46.796],[-122.3027,46.8087],[-122.3036,46.8281],[-122.3251,46.8305],[-122.3277,46.8443],[-122.3468,46.837],[-122.3712,46.8454],[-122.3785,46.8394],[-122.3885,46.8452],[-122.4083,46.8425],[-122.4078,46.8456],[-122.4236,46.8493],[-122.4267,46.8507]],[[-122.2619,46.9514],[-122.2548,46.9544],[-122.255,46.9577],[-122.2613,46.9523],[-122.2619,46.9514]]]}},{"type":"Feature","properties":{"zipCode":"98247"},"geometry":{"type":"Polygon","coordinates":[[[-122.4477,48.8684],[-122.4426,48.8684],[-122.4459,48.888],[-122.4369,48.8941],[-122.4368,48.8991],[-122.4031,48.9005],[-122.3974,48.9025],[-122.3976,48.9098],[-122.3863,48.9098],[-122.3858,48.9226],[-122.382,48.9234],[-122.4064,48.9292],[-122.4103,48.9349],[-122.4078,48.9497],[-122.4025,48.9496],[-122.4027,48.964],[-122.3742,48.9711],[-122.3522,48.9636],[-122.3521,48.9677],[-122.3477,48.9674],[-122.3473,48.9783],[-122.3089,48.9784],[-122.3091,48.9711],[-122.2939,48.9713],[-122.2872,48.964],[-122.2721,48.9749],[-122.2591,48.9747],[-122.2656,48.9675],[-122.2605,48.9674],[-122.2619,48.9584],[-122.2714,48.9621],[-122.2691,48.9541],[-122.2748,48.9567],[-122.2803,48.9529],[-122.2541,48.9513],[-122.254,48.9564],[-122.2435,48.9562],[-122.2435,48.9417],[-122.2545,48.9418],[-122.2545,48.9346],[-122.2601,48.9347],[-122.26,48.9311],[-122.2324,48.9344],[-122.2177,48.9157],[-122.2222,48.9125],[-122.223,48.8365],[-122.2139,48.8363],[-122.2285,48.8328],[-122.2287,48.8397],[-122.2338,48.8401],[-122.2373,48.8325],[-122.2066,48.8181],[-122.2536,48.8261],[-122.2609,48.8326],[-122.2702,48.8295],[-122.2765,48.8397],[-122.2933,48.8398],[-122.3062,48.8547],[-122.3005,48.8579],[-122.3135,48.8607],[-122.3141,48.8665],[-122.3279,48.8763],[-122.3315,48.869],[-122.3536,48.8692],[-122.3563,48.8637],[-122.3618,48.8684],[-122.3758,48.8621],[-122.3908,48.8622],[-122.3983,48.855],[-122.3981,48.8622],[-122.4038,48.8624],[-122.4038,48.8552],[-122.4151,48.8552],[-122.4481,48.8649],[-122.4477,48.8684]],[[-122.3288,48.9212],[-122.3153,48.9184],[-122.3181,48.9221],[-122.3121,48.9347],[-122.3207,48.9348],[-122.3209,48.9424],[-122.3217,48.9347],[-122.3288,48.9322],[-122.3288,48.9212]]]}},{"type":"Feature","properties":{"zipCode":"98363"},"geometry":{"type":"Polygon","coordinates":[[[-124.2844,48.0696],[-124.2659,48.0821],[-124.2632,48.0867],[-124.2672,48.094],[-124.2515,48.1117],[-124.2003,48.1342],[-124.0494,48.1329],[-124.049,48.1774],[-124.0382,48.1754],[-124.0379,48.1647],[-123.9985,48.1721],[-123.981,48.1648],[-123.9461,48.1664],[-123.9349,48.1608],[-123.8801,48.1606],[-123.8588,48.1543],[-123.8267,48.1611],[-123.8154,48.1554],[-123.7781,48.1555],[-123.73,48.1651],[-123.7184,48.1587],[-123.7062,48.1634],[-123.7095,48.1676],[-123.6427,48.1541],[-123.637,48.1503],[-123.6411,48.1461],[-123.6288,48.1393],[-123.5908,48.1349],[-123.5689,48.1466],[-123.5636,48.1429],[-123.5652,48.1484],[-123.5511,48.1514],[-123.5072,48.1318],[-123.4401,48.142],[-123.4021,48.1408],[-123.4366,48.1415],[-123.4641,48.1351],[-123.457,48.1264],[-123.4379,48.1228],[-123.4449,48.1225],[-123.4626,48.1077],[-123.4513,48.1079],[-123.4534,48.0965],[-123.4451,48.0859],[-123.4555,48.0669],[-123.4492,48.0624],[-123.4505,48.0538],[-123.4454,48.0525],[-123.4476,47.9583],[-123.5104,47.9728],[-123.5241,47.9697],[-123.52,47.9667],[-123.5278,47.9571],[-123.5277,47.9309],[-123.5118,47.9252],[-123.513,47.9215],[-123.4955,47.9117],[-123.4908,47.901],[-123.4812,47.8961],[-123.4805,47.8864],[-123.4706,47.878],[-123.4677,47.8669],[-123.5059,47.8669],[-123.5059,47.8811],[-123.926,47.8814],[-123.9262,47.9576],[-123.9222,47.9575],[-123.9246,48.024],[-123.9447,48.0382],[-123.9545,48.0384],[-123.9651,48.0466],[-123.9877,48.049],[-123.9983,48.0553],[-123.9971,48.0589],[-124.0369,48.0704],[-124.0849,48.0683],[-124.0887,48.0625],[-124.0965,48.0664],[-124.1391,48.0579],[-124.1569,48.0595],[-124.1604,48.0544],[-124.1766,48.0603],[-124.1817,48.0547],[-124.1906,48.0587],[-124.1944,48.0561],[-124.1952,48.0611],[-124.215,48.0566],[-124.2218,48.063],[-124.2313,48.0578],[-124.2362,48.0599],[-124.2296,48.0642],[-124.242,48.0651],[-124.2435,48.0592],[-124.2486,48.0646],[-124.2839,48.0684],[-124.2844,48.0696]]]}},{"type":"Feature","properties":{"zipCode":"98816"},"geometry":{"type":"Polygon","coordinates":[[[-120.9637,48.2107],[-120.9007,48.2199],[-120.8728,48.2439],[-120.817,48.2403],[-120.8137,48.244],[-120.7992,48.2411],[-120.7822,48.2443],[-120.7654,48.2319],[-120.7383,48.2284],[-120.7163,48.2122],[-120.6869,48.2107],[-120.6738,48.222],[-120.612,48.222],[-120.582,48.2001],[-120.5543,48.1933],[-120.5386,48.2052],[-120.4985,48.208],[-120.4838,48.216],[-120.4774,48.2147],[-120.4266,48.2518],[-120.3893,48.2408],[-120.385,48.2332],[-120.3914,48.2288],[-120.3829,48.2199],[-120.354,48.2169],[-120.3463,48.2],[-120.361,48.1725],[-120.3613,48.1576],[-120.3543,48.1554],[-120.3486,48.1443],[-120.3338,48.1388],[-120.327,48.129],[-120.3179,48.1243],[-120.2919,48.1298],[-120.2445,48.101],[-120.2351,48.089],[-120.2131,48.079],[-120.1877,48.0785],[-120.1703,48.0697],[-120.1439,48.0654],[-120.1317,48.0546],[-120.1484,48.0528],[-120.1464,48.0373],[-120.0934,48.0194],[-120.1062,48.0118],[-120.1067,48.0063],[-120.1582,47.9971],[-120.1781,47.983],[-120.1856,47.972],[-120.1999,47.9659],[-120.1969,47.9475],[-120.2047,47.9326],[-120.2077,47.9073],[-120.2004,47.8895],[-120.1743,47.8724],[-120.0985,47.8546],[-120.0935,47.8643],[-120.102,47.8648],[-120.1084,47.8739],[-120.0874,47.8686],[-120.0794,47.8757],[-120.0803,47.9021],[-120.0691,47.9101],[-120.0526,47.9381],[-120.0663,47.9664],[-120.0486,47.9606],[-120.0117,47.9605],[-120.0119,47.9891],[-119.9911,47.9892],[-119.9912,47.9964],[-119.9699,47.9963],[-119.9699,47.9892],[-119.9484,47.9892],[-119.9483,47.9749],[-119.9269,47.9748],[-119.9269,47.9605],[-119.9097,47.9604],[-119.9097,47.9379],[-119.9015,47.9312],[-119.8883,47.9312],[-119.8937,47.9227],[-119.8824,47.9308],[-119.8976,47.9171],[-119.8668,47.9431],[-119.8634,47.937],[-119.9151,47.9014],[-119.9084,47.8794],[-119.9173,47.8644],[-119.9603,47.8452],[-119.9647,47.8262],[-119.9784,47.8007],[-119.9877,47.8068],[-120.0116,47.7828],[-120.0695,47.7667],[-120.0936,47.7635],[-120.1309,47.7766],[-120.1917,47.7619],[-120.216,47.7472],[-120.1987,47.7618],[-120.2503,47.7859],[-120.2403,47.7957],[-120.2409,47.8101],[-120.2156,47.8211],[-120.2156,47.8362],[-120.2975,47.8343],[-120.2977,47.8492],[-120.3182,47.8492],[-120.3185,47.8597],[-120.3267,47.8622],[-120.3263,47.879],[-120.3826,47.9182],[-120.3854,47.929],[-120.3996,47.9293],[-120.3995,47.9348],[-120.4189,47.9398],[-120.4105,47.9578],[-120.4184,47.9761],[-120.4671,47.9953],[-120.4839,47.9976],[-120.4983,48.0193],[-120.5257,48.0213],[-120.5193,48.051],[-120.5305,48.055],[-120.5304,48.0617],[-120.5509,48.0693],[-120.5475,48.0728],[-120.5721,48.0815],[-120.5755,48.09],[-120.5897,48.0894],[-120.6121,48.1],[-120.6142,48.1055],[-120.6469,48.122],[-120.656,48.1313],[-120.6668,48.127],[-120.6742,48.1403],[-120.6889,48.1401],[-120.7025,48.1587],[-120.723,48.167],[-120.7345,48.1672],[-120.7512,48.1588],[-120.7676,48.1631],[-120.7874,48.1566],[-120.8044,48.1621],[-120.8104,48.1603],[-120.8169,48.1484],[-120.8462,48.1572],[-120.8642,48.1805],[-120.8802,48.1771],[-120.8817,48.1696],[-120.8894,48.1654],[-120.9074,48.1632],[-120.9193,48.1904],[-120.9609,48.2099],[-120.9637,48.2107]]]}},{"type":"Feature","properties":{"zipCode":"98325"},"geometry":{"type":"Polygon","coordinates":[[[-122.8218,47.9989],[-122.811,47.9991],[-122.8108,48.0242],[-122.7998,48.0246],[-122.7999,48.0321],[-122.7945,48.032],[-122.7751,48.0277],[-122.7708,48.021],[-122.7745,48.0118],[-122.7589,48.007],[-122.7425,47.9842],[-122.7355,47.984],[-122.7359,47.955],[-122.7465,47.9499],[-122.7465,47.9258],[-122.736,47.926],[-122.7361,47.8905],[-122.7577,47.8944],[-122.7951,47.9178],[-122.8217,47.9259],[-122.8218,47.9847],[-122.8218,47.9989]]]}},{"type":"Feature","properties":{"zipCode":"99143"},"geometry":{"type":"Polygon","coordinates":[[[-118.1412,46.6712],[-118.1227,46.6979],[-118.1145,46.7229],[-118.0875,46.7206],[-118.0775,46.715],[-118.0428,46.7268],[-118.0394,46.7801],[-118.0285,46.7878],[-118.0156,46.7849],[-118.0124,46.7908],[-118.0193,46.8148],[-117.9975,46.8225],[-117.9983,46.8277],[-117.9924,46.8319],[-117.9922,46.8381],[-118.0034,46.8388],[-118.0047,46.8479],[-117.9871,46.862],[-117.9501,46.8702],[-117.9474,46.8781],[-117.9316,46.8879],[-117.9276,46.9121],[-117.9216,46.9129],[-117.9108,46.9068],[-117.8825,46.9123],[-117.8833,46.8992],[-117.8633,46.899],[-117.8634,46.8843],[-117.8527,46.8844],[-117.8526,46.8992],[-117.8432,46.8993],[-117.8538,46.8762],[-117.8565,46.8579],[-117.8311,46.8528],[-117.7566,46.8659],[-117.7578,46.8402],[-117.7406,46.8402],[-117.7353,46.8514],[-117.7396,46.8607],[-117.7296,46.8652],[-117.7004,46.8607],[-117.6809,46.8645],[-117.6309,46.8436],[-117.6298,46.8258],[-117.6085,46.8258],[-117.6081,46.8459],[-117.6239,46.8445],[-117.6131,46.8522],[-117.5854,46.856],[-117.5751,46.8436],[-117.5838,46.8354],[-117.5752,46.8302],[-117.5463,46.8332],[-117.5366,46.8279],[-117.5182,46.8293],[-117.5297,46.8226],[-117.5384,46.8084],[-117.5591,46.8036],[-117.5596,46.7898],[-117.5771,46.7704],[-117.572,46.7619],[-117.543,46.7673],[-117.5343,46.7635],[-117.507,46.7665],[-117.502,46.7507],[-117.5244,46.7403],[-117.5414,46.7478],[-117.5856,46.7459],[-117.6544,46.7187],[-117.679,46.718],[-117.6868,46.7123],[-117.6852,46.7049],[-117.7329,46.6988],[-117.7583,46.6844],[-117.7275,46.7006],[-117.7526,46.7156],[-117.7346,46.7367],[-117.7515,46.737],[-117.7838,46.7094],[-117.7937,46.6897],[-117.8155,46.6746],[-117.7983,46.6662],[-117.8134,46.6323],[-117.8001,46.6281],[-117.8199,46.6222],[-117.8494,46.6248],[-117.8664,46.6212],[-117.8782,46.6089],[-117.8831,46.5898],[-117.8919,46.5854],[-117.9535,46.5921],[-117.9853,46.5869],[-118.0285,46.5889],[-118.0915,46.579],[-118.0952,46.5955],[-118.0915,46.6063],[-118.1197,46.625],[-118.1225,46.6351],[-118.1301,46.6412],[-118.1256,46.6603],[-118.1411,46.6691],[-118.1412,46.6712]],[[-118.0012,46.6615],[-117.9802,46.6614],[-117.9801,46.6471],[-118.0013,46.6471],[-118.0006,46.6247],[-117.9809,46.6253],[-117.9661,46.6375],[-117.9471,46.6432],[-117.9147,46.6641],[-117.91,46.6822],[-117.9042,46.6847],[-117.9072,46.7018],[-117.8942,46.7124],[-117.8928,46.7209],[-117.9361,46.7208],[-117.9358,46.7061],[-117.9573,46.7059],[-117.9575,46.6911],[-117.9802,46.6905],[-117.9802,46.676],[-118.0013,46.6759],[-118.0012,46.6615]]]}},{"type":"Feature","properties":{"zipCode":"98819"},"geometry":{"type":"Polygon","coordinates":[[[-119.9619,48.5833],[-119.943,48.5989],[-119.9335,48.6011],[-119.9142,48.6224],[-119.9256,48.6361],[-119.9208,48.65],[-119.9247,48.6529],[-119.9228,48.6639],[-119.9364,48.6716],[-119.9199,48.682],[-119.9162,48.6955],[-119.9031,48.7046],[-119.8948,48.7002],[-119.8743,48.7022],[-119.8622,48.7114],[-119.8369,48.717],[-119.7914,48.7072],[-119.7449,48.6878],[-119.688,48.6998],[-119.6879,48.684],[-119.6835,48.6784],[-119.6957,48.661],[-119.6983,48.6399],[-119.7096,48.6169],[-119.7037,48.6125],[-119.7102,48.6123],[-119.7063,48.5967],[-119.6962,48.5941],[-119.6943,48.5812],[-119.7001,48.5696],[-119.7354,48.5649],[-119.7497,48.5559],[-119.7402,48.5443],[-119.7093,48.5351],[-119.7026,48.5238],[-119.7092,48.5213],[-119.7117,48.5106],[-119.7667,48.5106],[-119.7664,48.4989],[-119.77,48.497],[-119.7942,48.5109],[-119.8227,48.4763],[-119.8323,48.453],[-119.8674,48.4561],[-119.8628,48.4615],[-119.8629,48.4737],[-119.8725,48.4974],[-119.8973,48.501],[-119.9428,48.5285],[-119.9566,48.5538],[-119.9565,48.5709],[-119.9624,48.5794],[-119.9619,48.5833]]]}},{"type":"Feature","properties":{"zipCode":"98006"},"geometry":{"type":"Polygon","coordinates":[[[-122.2016,47.5494],[-122.1991,47.574],[-122.188,47.5792],[-122.1617,47.5798],[-122.134,47.5783],[-122.0991,47.5649],[-122.1005,47.5449],[-122.1055,47.5469],[-122.1111,47.5361],[-122.1153,47.5361],[-122.1053,47.5303],[-122.1115,47.5248],[-122.125,47.5283],[-122.1361,47.5401],[-122.1502,47.5445],[-122.1643,47.5455],[-122.1656,47.54],[-122.1699,47.5401],[-122.202,47.5461],[-122.2016,47.5494]]]}},{"type":"Feature","properties":{"zipCode":"98446"},"geometry":{"type":"Polygon","coordinates":[[[-122.3973,47.1329],[-122.3892,47.1394],[-122.3889,47.1549],[-122.3929,47.1549],[-122.3889,47.1581],[-122.3928,47.1585],[-122.3889,47.1622],[-122.3905,47.1809],[-122.3572,47.1809],[-122.3571,47.1736],[-122.3624,47.1736],[-122.3571,47.1654],[-122.3602,47.1112],[-122.3572,47.101],[-122.3617,47.0978],[-122.3569,47.0928],[-122.3579,47.0745],[-122.3786,47.0753],[-122.3791,47.0833],[-122.3899,47.0803],[-122.3893,47.1276],[-122.3973,47.1301],[-122.3973,47.1329]]]}},{"type":"Feature","properties":{"zipCode":"98443"},"geometry":{"type":"Polygon","coordinates":[[[-122.3944,47.2063],[-122.3944,47.22],[-122.3879,47.2195],[-122.389,47.2246],[-122.3939,47.2246],[-122.3889,47.2343],[-122.3483,47.2172],[-122.362,47.2136],[-122.3563,47.207],[-122.3572,47.1845],[-122.3618,47.1809],[-122.3905,47.1809],[-122.3945,47.1918],[-122.3894,47.1918],[-122.3944,47.1964],[-122.3891,47.2014],[-122.3945,47.2022],[-122.3944,47.2063]]]}},{"type":"Feature","properties":{"zipCode":"98611"},"geometry":{"type":"Polygon","coordinates":[[[-123.0902,46.3209],[-123.0726,46.3219],[-123.0725,46.3292],[-123.0102,46.3295],[-123.0105,46.3437],[-122.9894,46.3439],[-122.9898,46.3874],[-122.7025,46.3871],[-122.7012,46.372],[-122.6878,46.3616],[-122.6985,46.3599],[-122.7085,46.3436],[-122.72,46.3435],[-122.7225,46.328],[-122.7291,46.3393],[-122.7467,46.3436],[-122.7505,46.3593],[-122.7614,46.3636],[-122.7603,46.3721],[-122.7699,46.3749],[-122.79,46.3605],[-122.798,46.3599],[-122.8031,46.3508],[-122.8109,46.3507],[-122.8248,46.3381],[-122.8247,46.3315],[-122.8113,46.3361],[-122.7942,46.3318],[-122.8016,46.3284],[-122.8012,46.3242],[-122.8138,46.3236],[-122.8113,46.2969],[-122.8297,46.2915],[-122.8451,46.2936],[-122.8452,46.2828],[-122.8124,46.2892],[-122.8101,46.2707],[-122.8009,46.2833],[-122.7741,46.2924],[-122.766,46.2854],[-122.7704,46.2735],[-122.7685,46.2672],[-122.763,46.2663],[-122.7668,46.2607],[-122.7608,46.2543],[-122.7836,46.2575],[-122.7764,46.248],[-122.8139,46.2478],[-122.8042,46.2395],[-122.8375,46.2301],[-122.8429,46.2197],[-122.8553,46.2135],[-122.8645,46.2237],[-122.8656,46.2173],[-122.8813,46.221],[-122.8788,46.2454],[-122.8848,46.2429],[-122.8857,46.2556],[-122.8882,46.2385],[-122.9067,46.2359],[-122.8971,46.2295],[-122.915,46.2136],[-122.9127,46.2005],[-122.9267,46.1984],[-122.9392,46.2089],[-122.9591,46.2066],[-122.9585,46.221],[-122.9686,46.2209],[-122.9686,46.2282],[-122.9895,46.2283],[-122.9895,46.2354],[-123.0202,46.2356],[-123.0201,46.2429],[-123.0301,46.2453],[-123.0299,46.2583],[-123.0521,46.2724],[-123.053,46.2829],[-123.0771,46.2801],[-123.0774,46.2932],[-123.082,46.2944],[-123.087,46.3167],[-123.0902,46.3209]]]}},{"type":"Feature","properties":{"zipCode":"98648"},"geometry":{"type":"Polygon","coordinates":[[[-122.1654,45.6394],[-122.1661,45.6509],[-122.1447,45.6509],[-122.1425,45.6548],[-122.1468,45.6583],[-122.1396,45.6584],[-122.1343,45.6695],[-122.137,45.6732],[-122.1299,45.6758],[-122.1338,45.679],[-122.1313,45.6866],[-122.1219,45.6912],[-122.1247,45.7067],[-122.1203,45.7128],[-122.1259,45.7229],[-122.1261,45.7377],[-122.0797,45.7516],[-122.0514,45.7488],[-122.0401,45.7621],[-122.024,45.7626],[-122.0029,45.7527],[-122.0041,45.7803],[-121.9624,45.7803],[-121.9304,45.7679],[-121.8939,45.7637],[-121.8872,45.755],[-121.8559,45.7417],[-121.8558,45.7258],[-121.8458,45.7258],[-121.8458,45.7186],[-121.8359,45.7186],[-121.836,45.7113],[-121.8148,45.717],[-121.7919,45.716],[-121.7881,45.7222],[-121.7943,45.7225],[-121.7968,45.7304],[-121.8139,45.7439],[-121.8139,45.7508],[-121.7941,45.7532],[-121.7949,45.8029],[-121.7899,45.8162],[-121.7726,45.831],[-121.7679,45.825],[-121.7724,45.8227],[-121.7638,45.8179],[-121.7759,45.8075],[-121.7604,45.8098],[-121.7418,45.7973],[-121.7407,45.7897],[-121.7495,45.7855],[-121.7366,45.7838],[-121.7321,45.7928],[-121.6958,45.7927],[-121.6846,45.7879],[-121.6978,45.7765],[-121.7076,45.7753],[-121.7084,45.7708],[-121.7271,45.77],[-121.7229,45.759],[-121.738,45.7494],[-121.7113,45.7412],[-121.7066,45.7327],[-121.697,45.7334],[-121.6712,45.7112],[-121.676,45.7031],[-121.7074,45.6948],[-121.7351,45.694],[-121.8113,45.7068],[-121.8672,45.6933],[-121.9019,45.6707],[-121.9009,45.662],[-121.9083,45.6544],[-121.9249,45.6481],[-121.9139,45.6551],[-121.9509,45.6519],[-121.9509,45.6604],[-121.9567,45.6541],[-121.9557,45.6575],[-121.9636,45.6559],[-121.9636,45.6521],[-121.992,45.6441],[-121.9848,45.6317],[-121.9942,45.6278],[-121.967,45.6311],[-122.0037,45.6159],[-122.0444,45.6095],[-122.1002,45.5842],[-122.1137,45.6152],[-122.1113,45.6218],[-122.1048,45.6218],[-122.1047,45.6339],[-122.1259,45.6284],[-122.1257,45.6379],[-122.1362,45.6273],[-122.1666,45.6378],[-122.1654,45.6394]]]}},{"type":"Feature","properties":{"zipCode":"98672"},"geometry":{"type":"Polygon","coordinates":[[[-121.6092,45.7825],[-121.6085,45.8426],[-121.5996,45.836],[-121.5843,45.8354],[-121.5753,45.8451],[-121.5972,45.863],[-121.5928,45.8771],[-121.5857,45.8777],[-121.5836,45.8869],[-121.5753,45.8914],[-121.5802,45.9061],[-121.5776,45.9175],[-121.5994,45.9245],[-121.5876,45.9301],[-121.5651,45.9289],[-121.5654,45.9209],[-121.5604,45.9197],[-121.5329,45.9294],[-121.5291,45.9237],[-121.5369,45.9182],[-121.5375,45.9062],[-121.5174,45.9004],[-121.5155,45.9049],[-121.508,45.9036],[-121.5119,45.8988],[-121.4265,45.8985],[-121.4006,45.8861],[-121.4049,45.8822],[-121.4047,45.853],[-121.3689,45.8617],[-121.3456,45.8753],[-121.3276,45.8658],[-121.3185,45.8684],[-121.3153,45.8608],[-121.3221,45.8551],[-121.323,45.845],[-121.3424,45.8301],[-121.3413,45.8209],[-121.3336,45.8171],[-121.3356,45.8119],[-121.3442,45.8011],[-121.3697,45.7872],[-121.3781,45.7587],[-121.3623,45.7385],[-121.3625,45.7176],[-121.3836,45.7174],[-121.3833,45.7045],[-121.3937,45.6984],[-121.4271,45.7],[-121.427,45.7063],[-121.4453,45.7104],[-121.4607,45.7207],[-121.461,45.7162],[-121.4642,45.7208],[-121.4816,45.7229],[-121.4837,45.7125],[-121.4992,45.7208],[-121.5237,45.7249],[-121.5228,45.7472],[-121.5314,45.7562],[-121.5471,45.757],[-121.5481,45.7609],[-121.5598,45.7608],[-121.5589,45.7578],[-121.6091,45.7615],[-121.6092,45.7825]],[[-121.5,45.7969],[-121.4852,45.7972],[-121.4893,45.804],[-121.4966,45.8044],[-121.5031,45.7965],[-121.5,45.7969]]]}},{"type":"Feature","properties":{"zipCode":"98840"},"geometry":{"type":"Polygon","coordinates":[[[-119.9012,48.3988],[-119.8994,48.4248],[-119.8784,48.4362],[-119.845,48.4367],[-119.8536,48.4502],[-119.8605,48.453],[-119.8323,48.453],[-119.8227,48.4763],[-119.7942,48.5109],[-119.77,48.497],[-119.7664,48.4989],[-119.7667,48.5106],[-119.7117,48.5106],[-119.7092,48.5213],[-119.7026,48.5238],[-119.7093,48.5351],[-119.7402,48.5443],[-119.7497,48.5559],[-119.7354,48.5649],[-119.7001,48.5696],[-119.6943,48.5812],[-119.6962,48.5941],[-119.7063,48.5967],[-119.7102,48.6123],[-119.6934,48.6127],[-119.6825,48.6083],[-119.6781,48.5979],[-119.6689,48.5979],[-119.6687,48.5835],[-119.6472,48.5835],[-119.6474,48.5691],[-119.6062,48.5693],[-119.6118,48.5585],[-119.6214,48.5584],[-119.6406,48.5368],[-119.6271,48.5076],[-119.6206,48.5077],[-119.608,48.4975],[-119.5716,48.4558],[-119.5709,48.4285],[-119.5808,48.4237],[-119.5827,48.4154],[-119.5785,48.4066],[-119.5837,48.3954],[-119.5756,48.3955],[-119.5734,48.4064],[-119.568,48.3955],[-119.5339,48.3934],[-119.5266,48.3968],[-119.5316,48.3859],[-119.5552,48.3718],[-119.5398,48.3601],[-119.5214,48.3677],[-119.4905,48.3677],[-119.4886,48.3586],[-119.4664,48.3275],[-119.435,48.3036],[-119.4246,48.2827],[-119.4158,48.2818],[-119.3982,48.2554],[-119.372,48.2395],[-119.3669,48.246],[-119.3267,48.2446],[-119.3113,48.232],[-119.2956,48.2299],[-119.2854,48.2152],[-119.2334,48.2105],[-119.2334,48.3093],[-119.1474,48.3093],[-119.1338,48.3008],[-119.1435,48.2815],[-119.1398,48.2773],[-119.1442,48.2724],[-119.1398,48.2497],[-119.126,48.2391],[-119.1064,48.2374],[-119.102,48.2332],[-119.1089,48.2239],[-119.0978,48.2153],[-119.0997,48.2036],[-119.1084,48.2029],[-119.1162,48.1923],[-119.1202,48.1748],[-119.1021,48.1622],[-119.1001,48.1477],[-119.1143,48.145],[-119.1353,48.1507],[-119.1525,48.1456],[-119.176,48.1287],[-119.1916,48.1288],[-119.2117,48.1162],[-119.233,48.1133],[-119.2544,48.1022],[-119.2986,48.1155],[-119.3275,48.0967],[-119.3279,48.0703],[-119.3331,48.056],[-119.3412,48.0498],[-119.4022,48.0504],[-119.4407,48.0787],[-119.4842,48.0787],[-119.4953,48.0825],[-119.5134,48.0768],[-119.5794,48.0779],[-119.5825,48.0706],[-119.5928,48.0664],[-119.6171,48.0634],[-119.6112,48.0727],[-119.6236,48.0711],[-119.6222,48.0771],[-119.6331,48.0781],[-119.644,48.1019],[-119.6441,48.1793],[-119.6796,48.1794],[-119.6815,48.1914],[-119.7151,48.2081],[-119.7271,48.23],[-119.7164,48.2265],[-119.7157,48.2518],[-119.7096,48.2649],[-119.6955,48.2757],[-119.6972,48.282],[-119.7049,48.2782],[-119.7056,48.2823],[-119.6852,48.2938],[-119.7068,48.2912],[-119.7035,48.3037],[-119.7135,48.3063],[-119.7331,48.3267],[-119.7616,48.338],[-119.7754,48.3355],[-119.7513,48.3586],[-119.7516,48.3638],[-119.7644,48.3741],[-119.7856,48.38],[-119.8231,48.3808],[-119.8649,48.3969],[-119.885,48.3894],[-119.9011,48.3962],[-119.9012,48.3988]]]}},{"type":"Feature","properties":{"zipCode":"98903"},"geometry":{"type":"MultiPolygon","coordinates":[[[[-120.8207,46.5598],[-120.8038,46.5588],[-120.8208,46.5544],[-120.8207,46.5598]]],[[[-121.2501,46.5643],[-121.2273,46.5896],[-121.1908,46.6078],[-120.8448,46.6072],[-120.8451,46.5938],[-120.8208,46.5636],[-120.8211,46.5511],[-120.7701,46.5511],[-120.7037,46.5637],[-120.6934,46.5599],[-120.6919,46.5639],[-120.6772,46.5638],[-120.6697,46.5706],[-120.6675,46.5639],[-120.6465,46.5676],[-120.6436,46.5639],[-120.6414,46.5711],[-120.5755,46.571],[-120.5694,46.5772],[-120.5395,46.5709],[-120.5095,46.5707],[-120.5015,46.5779],[-120.4876,46.5787],[-120.4717,46.5776],[-120.4714,46.5316],[-120.4804,46.5317],[-120.4805,46.5352],[-120.5441,46.5353],[-120.5446,46.5209],[-120.6291,46.5212],[-120.6294,46.5068],[-120.6518,46.5066],[-120.6627,46.4978],[-120.7255,46.5078],[-120.7596,46.4973],[-120.7649,46.502],[-120.8012,46.5019],[-120.823,46.5082],[-120.8423,46.5051],[-120.8675,46.5082],[-120.9306,46.4915],[-120.9291,46.4977],[-120.9196,46.5008],[-120.9185,46.5094],[-120.9494,46.4926],[-120.9848,46.4854],[-121.0238,46.4673],[-121.0963,46.4641],[-121.1195,46.4537],[-121.1201,46.4449],[-121.1262,46.471],[-121.1418,46.4743],[-121.1256,46.4743],[-121.1256,46.4803],[-121.0704,46.4811],[-121.0316,46.4998],[-121.0154,46.5178],[-121.0493,46.5132],[-121.1108,46.5278],[-121.1509,46.5294],[-121.1549,46.5398],[-121.1616,46.5411],[-121.1637,46.5467],[-121.2278,46.5467],[-121.2434,46.5536],[-121.251,46.5522],[-121.2482,46.5603],[-121.253,46.5604],[-121.2501,46.5643]]]]}},{"type":"Feature","properties":{"zipCode":"99109"},"geometry":{"type":"Polygon","coordinates":[[[-117.9904,48.1822],[-117.9755,48.1885],[-117.9856,48.2026],[-117.9731,48.2266],[-117.9383,48.2517],[-117.8887,48.2513],[-117.8891,48.2938],[-117.8678,48.2942],[-117.8676,48.3112],[-117.8586,48.3145],[-117.8255,48.3166],[-117.8304,48.3195],[-117.8434,48.3523],[-117.8301,48.3521],[-117.8414,48.3812],[-117.7721,48.3805],[-117.7715,48.424],[-117.6976,48.4236],[-117.6982,48.4482],[-117.6669,48.4364],[-117.659,48.4503],[-117.647,48.4534],[-117.6399,48.4656],[-117.629,48.4712],[-117.6319,48.4771],[-117.6142,48.4793],[-117.5861,48.4691],[-117.5743,48.4714],[-117.5774,48.4688],[-117.5628,48.462],[-117.5485,48.4627],[-117.5524,48.4666],[-117.5463,48.4628],[-117.5496,48.4585],[-117.5432,48.4628],[-117.5246,48.4477],[-117.5004,48.443],[-117.5025,48.1947],[-117.5649,48.1918],[-117.5644,48.1776],[-117.5781,48.1778],[-117.585,48.1882],[-117.5783,48.1961],[-117.6082,48.172],[-117.6139,48.1811],[-117.6187,48.1802],[-117.6323,48.1705],[-117.6473,48.1704],[-117.6574,48.1619],[-117.6605,48.1928],[-117.6729,48.1971],[-117.6701,48.1803],[-117.681,48.1793],[-117.6935,48.1982],[-117.6936,48.2083],[-117.7304,48.2085],[-117.7243,48.2182],[-117.745,48.2031],[-117.7541,48.2022],[-117.7713,48.2045],[-117.7954,48.2182],[-117.8073,48.2167],[-117.8076,48.212],[-117.8181,48.2117],[-117.8181,48.2081],[-117.8449,48.2109],[-117.8705,48.201],[-117.8881,48.1772],[-117.914,48.1634],[-117.9084,48.1409],[-117.8889,48.1286],[-117.9032,48.1147],[-117.9294,48.1087],[-117.961,48.1126],[-117.9821,48.1209],[-117.9871,48.1367],[-117.98,48.1613],[-117.9892,48.182],[-117.9904,48.1822]]]}},{"type":"Feature","properties":{"zipCode":"99329"},"geometry":{"type":"Polygon","coordinates":[[[-118.1667,46.1367],[-118.1417,46.1463],[-118.1308,46.1394],[-118.1436,46.1448],[-118.1411,46.1309],[-118.1484,46.1378],[-118.1656,46.1367],[-118.1667,46.1367]]]}},{"type":"Feature","properties":{"zipCode":"99348"},"geometry":{"type":"Polygon","coordinates":[[[-118.7729,46.2898],[-118.7621,46.2979],[-118.7669,46.2979],[-118.7737,46.318],[-118.7619,46.3255],[-118.7574,46.3433],[-118.7462,46.3595],[-118.7009,46.36],[-118.6912,46.3811],[-118.6745,46.3852],[-118.6581,46.4044],[-118.6344,46.4126],[-118.638,46.4334],[-118.632,46.4543],[-118.619,46.4744],[-118.6179,46.5012],[-118.5924,46.5259],[-118.5654,46.535],[-118.548,46.5559],[-118.528,46.5677],[-118.4965,46.5755],[-118.4673,46.5986],[-118.4526,46.597],[-118.4232,46.5837],[-118.3976,46.5804],[-118.3856,46.5826],[-118.3617,46.598],[-118.3225,46.6068],[-118.3057,46.6055],[-118.2786,46.5932],[-118.2511,46.6012],[-118.2407,46.5993],[-118.2286,46.5934],[-118.228,46.5604],[-118.2426,46.5597],[-118.2414,46.477],[-118.2209,46.4771],[-118.2209,46.4846],[-118.2001,46.4848],[-118.2003,46.4996],[-118.1794,46.4998],[-118.1791,46.4849],[-118.1896,46.4849],[-118.1894,46.47],[-118.1675,46.4702],[-118.1841,46.4481],[-118.1739,46.4416],[-118.1691,46.4264],[-118.1894,46.426],[-118.1893,46.3969],[-118.1998,46.3968],[-118.1999,46.3839],[-118.2102,46.382],[-118.2103,46.3679],[-118.2417,46.3675],[-118.2418,46.3385],[-118.2314,46.3386],[-118.2314,46.3459],[-118.221,46.3461],[-118.2211,46.3315],[-118.2418,46.3312],[-118.2418,46.2807],[-118.2834,46.2809],[-118.2837,46.2519],[-118.3017,46.252],[-118.3081,46.2166],[-118.3031,46.2087],[-118.3888,46.2087],[-118.3814,46.1968],[-118.3848,46.1505],[-118.3987,46.1428],[-118.4099,46.1291],[-118.4229,46.1348],[-118.4308,46.1507],[-118.491,46.1507],[-118.492,46.2874],[-118.5311,46.2891],[-118.5437,46.2722],[-118.5782,46.2572],[-118.5781,46.2476],[-118.5835,46.2408],[-118.5959,46.2382],[-118.5959,46.2237],[-118.5909,46.2237],[-118.5959,46.2123],[-118.6693,46.2379],[-118.7418,46.24],[-118.7439,46.2543],[-118.7524,46.2545],[-118.7524,46.2691],[-118.7627,46.2692],[-118.7763,46.2886],[-118.7729,46.2898]]]}},{"type":"Feature","properties":{"zipCode":"98155"},"geometry":{"type":"Polygon","coordinates":[[[-122.3309,47.7625],[-122.3299,47.7776],[-122.271,47.7771],[-122.267,47.7521],[-122.2741,47.745],[-122.2744,47.7337],[-122.3289,47.7341],[-122.3309,47.7623],[-122.3309,47.7625]]]}},{"type":"Feature","properties":{"zipCode":"98235"},"geometry":{"type":"Polygon","coordinates":[[[-122.2392,48.4595],[-122.2342,48.462],[-122.2366,48.4679],[-122.2187,48.4649],[-122.2226,48.4526],[-122.2314,48.4526],[-122.2343,48.4596],[-122.2392,48.457],[-122.2392,48.4595]]]}},{"type":"Feature","properties":{"zipCode":"98251"},"geometry":{"type":"Polygon","coordinates":[[[-121.7841,47.9661],[-121.7783,47.9627],[-121.7594,47.9739],[-121.7249,47.9683],[-121.6829,47.976],[-121.6498,47.9719],[-121.6275,47.9794],[-121.5689,47.9795],[-121.5385,47.9641],[-121.522,47.9501],[-121.4514,47.9503],[-121.4515,47.9649],[-121.3138,47.9649],[-121.3099,47.9546],[-121.3137,47.9344],[-121.3077,47.9166],[-121.3267,47.8887],[-121.3559,47.8868],[-121.4072,47.898],[-121.4348,47.8972],[-121.4721,47.8696],[-121.5016,47.8561],[-121.5059,47.8412],[-121.5118,47.8496],[-121.4989,47.8595],[-121.5133,47.8451],[-121.5306,47.8497],[-121.527,47.8394],[-121.542,47.8313],[-121.5565,47.8368],[-121.577,47.8303],[-121.5837,47.8239],[-121.5847,47.8143],[-121.5707,47.8134],[-121.5733,47.8109],[-121.5659,47.8035],[-121.5172,47.8028],[-121.5124,47.7929],[-121.4925,47.7779],[-121.6667,47.7772],[-121.6551,47.7946],[-121.6602,47.8082],[-121.645,47.831],[-121.6725,47.8406],[-121.6923,47.8401],[-121.6964,47.8523],[-121.7252,47.8663],[-121.7253,47.879],[-121.7353,47.8885],[-121.7148,47.8982],[-121.7229,47.9068],[-121.739,47.9083],[-121.7453,47.9147],[-121.7441,47.9236],[-121.7147,47.9272],[-121.7116,47.9389],[-121.6995,47.9464],[-121.6872,47.9466],[-121.6868,47.9502],[-121.777,47.95],[-121.7843,47.9632],[-121.7841,47.9661]]]}},{"type":"Feature","properties":{"zipCode":"98245"},"geometry":{"type":"Polygon","coordinates":[[[-123.0303,48.6299],[-123.0153,48.6429],[-123.0101,48.655],[-122.9844,48.6748],[-122.9624,48.6836],[-122.9604,48.6903],[-122.9488,48.6937],[-122.942,48.7054],[-122.9518,48.7122],[-122.8776,48.7127],[-122.8665,48.7057],[-122.8373,48.6999],[-122.8012,48.6813],[-122.8245,48.6811],[-122.8247,48.6667],[-122.8379,48.6665],[-122.8336,48.6544],[-122.8224,48.6561],[-122.8221,48.6505],[-122.8482,48.6494],[-122.8528,48.6549],[-122.8467,48.6471],[-122.8563,48.649],[-122.8563,48.639],[-122.8463,48.6352],[-122.846,48.6212],[-122.866,48.645],[-122.8729,48.644],[-122.8817,48.6535],[-122.885,48.69],[-122.8947,48.6946],[-122.899,48.6894],[-122.9181,48.6896],[-122.9202,48.6861],[-122.9088,48.6706],[-122.9131,48.6663],[-122.9098,48.6539],[-122.88,48.6341],[-122.894,48.6344],[-122.8973,48.6071],[-122.9024,48.6031],[-122.9283,48.6016],[-122.9203,48.6114],[-122.9257,48.6146],[-122.9317,48.6082],[-122.9384,48.618],[-122.9445,48.618],[-122.9448,48.6308],[-122.9687,48.6301],[-122.9853,48.6458],[-122.9912,48.6448],[-123.0056,48.623],[-123.0205,48.6265],[-123.0157,48.6204],[-123.0247,48.6111],[-123.0116,48.6135],[-123.028,48.6108],[-123.03,48.6209],[-123.0303,48.6299]]]}},{"type":"Feature","properties":{"zipCode":"98651"},"geometry":{"type":"Polygon","coordinates":[[[-121.6719,45.7097],[-121.6427,45.7131],[-121.6453,45.7173],[-121.6345,45.7228],[-121.6321,45.7298],[-121.6379,45.7447],[-121.6091,45.7509],[-121.6091,45.7615],[-121.5589,45.7578],[-121.5598,45.7608],[-121.5481,45.7609],[-121.5471,45.757],[-121.5314,45.7562],[-121.5228,45.7472],[-121.5237,45.7249],[-121.5331,45.7265],[-121.6312,45.7047],[-121.676,45.7031],[-121.6719,45.7097]]]}},{"type":"Feature","properties":{"zipCode":"98230"},"geometry":{"type":"Polygon","coordinates":[[[-122.822,48.946],[-122.7969,48.975],[-122.7743,48.991],[-122.7544,48.9972],[-122.758,49.0024],[-122.5507,49.0023],[-122.5515,48.9799],[-122.5478,48.9807],[-122.5436,48.9647],[-122.554,48.9648],[-122.5575,48.9722],[-122.5852,48.9719],[-122.5852,48.9756],[-122.5962,48.9755],[-122.5962,48.9791],[-122.6071,48.9716],[-122.6117,48.9772],[-122.6213,48.9785],[-122.6213,48.9895],[-122.6253,48.9917],[-122.6424,48.986],[-122.6488,48.9751],[-122.6589,48.9752],[-122.6654,48.9679],[-122.6654,48.9643],[-122.66,48.965],[-122.6723,48.9572],[-122.6601,48.9473],[-122.6601,48.936],[-122.6678,48.9355],[-122.6903,48.9501],[-122.6965,48.9498],[-122.6879,48.9457],[-122.6907,48.938],[-122.7044,48.9472],[-122.7045,48.9356],[-122.6934,48.9347],[-122.691,48.924],[-122.7045,48.9066],[-122.7096,48.9066],[-122.7096,48.8848],[-122.7488,48.8851],[-122.749,48.8694],[-122.7653,48.8738],[-122.7932,48.8929],[-122.7513,48.9112],[-122.7454,48.9212],[-122.7492,48.9348],[-122.7704,48.9425],[-122.7932,48.9323],[-122.8182,48.9391],[-122.8225,48.9449],[-122.822,48.946]]]}},{"type":"Feature","properties":{"zipCode":"99320"},"geometry":{"type":"Polygon","coordinates":[[[-119.7885,46.4764],[-119.5591,46.4753],[-119.4948,46.4446],[-119.4228,46.3833],[-119.4335,46.3785],[-119.4422,46.3591],[-119.4284,46.359],[-119.4304,46.3109],[-119.4146,46.3009],[-119.3988,46.3008],[-119.3988,46.2934],[-119.4048,46.2935],[-119.3682,46.2729],[-119.369,46.25],[-119.3476,46.2173],[-119.3624,46.2138],[-119.345,46.1862],[-119.3356,46.1791],[-119.3479,46.1836],[-119.3481,46.1394],[-119.3272,46.1345],[-119.3277,46.1219],[-119.3501,46.1161],[-119.3698,46.1163],[-119.3726,46.1307],[-119.4543,46.13],[-119.4536,46.1833],[-119.4327,46.1859],[-119.4308,46.2041],[-119.4373,46.2228],[-119.4813,46.2419],[-119.4874,46.2378],[-119.5012,46.2431],[-119.5369,46.2427],[-119.5375,46.2138],[-119.5592,46.214],[-119.5593,46.2427],[-119.6217,46.2426],[-119.621,46.2593],[-119.6283,46.2596],[-119.6193,46.2659],[-119.6189,46.3023],[-119.5981,46.3021],[-119.5973,46.3167],[-119.6187,46.3169],[-119.6185,46.4039],[-119.6393,46.4039],[-119.6396,46.422],[-119.7452,46.418],[-119.7452,46.4217],[-119.7663,46.4217],[-119.7662,46.4322],[-119.7768,46.4323],[-119.7769,46.4411],[-119.7871,46.4427],[-119.7872,46.4465],[-119.7885,46.4764]]]}},{"type":"Feature","properties":{"zipCode":"98530"},"geometry":{"type":"Polygon","coordinates":[[[-122.8872,46.8142],[-122.8774,46.8206],[-122.8621,46.8195],[-122.8646,46.8044],[-122.8548,46.8115],[-122.8447,46.7997],[-122.8449,46.7946],[-122.8596,46.7961],[-122.8742,46.79],[-122.8784,46.7939],[-122.8768,46.7997],[-122.8871,46.7998],[-122.8872,46.8142]]]}},{"type":"Feature","properties":{"zipCode":"98102"},"geometry":{"type":"Polygon","coordinates":[[[-122.3384,47.638],[-122.3224,47.6529],[-122.3104,47.6471],[-122.3137,47.6397],[-122.318,47.6426],[-122.3156,47.6188],[-122.3287,47.6185],[-122.3261,47.6323],[-122.3384,47.6367],[-122.3384,47.638]]]}},{"type":"Feature","properties":{"zipCode":"99218"},"geometry":{"type":"Polygon","coordinates":[[[-117.454,47.7659],[-117.4518,47.7722],[-117.4194,47.771],[-117.4053,47.7729],[-117.4055,47.7764],[-117.403,47.773],[-117.3683,47.7729],[-117.3665,47.7532],[-117.3952,47.7511],[-117.3901,47.744],[-117.3954,47.744],[-117.4007,47.7367],[-117.4219,47.7354],[-117.432,47.7512],[-117.4417,47.7549],[-117.4259,47.7551],[-117.4535,47.7587],[-117.4537,47.7623],[-117.454,47.7659]],[[-117.4249,47.7555],[-117.4238,47.7512],[-117.4151,47.751],[-117.4109,47.7561],[-117.4248,47.7565],[-117.4249,47.7555]]]}},{"type":"Feature","properties":{"zipCode":"98531"},"geometry":{"type":"Polygon","coordinates":[[[-123.1415,46.7222],[-123.1398,46.7349],[-123.119,46.7352],[-123.1191,46.7586],[-123.0981,46.7602],[-123.0977,46.7749],[-123.0873,46.775],[-123.0816,46.7821],[-123.0662,46.7823],[-123.0619,46.7913],[-123.0869,46.7969],[-123.0538,46.7893],[-123.0495,46.7932],[-123.0318,46.7921],[-123.0224,46.799],[-123.0141,46.7994],[-123.0107,46.7936],[-122.9818,46.7933],[-122.9818,46.7788],[-122.9727,46.7735],[-122.9714,46.7931],[-122.9294,46.7928],[-122.9293,46.8053],[-122.9082,46.8071],[-122.9081,46.8143],[-122.8872,46.8142],[-122.8871,46.7998],[-122.8768,46.7997],[-122.8748,46.7902],[-122.8596,46.7961],[-122.8449,46.7946],[-122.8269,46.7828],[-122.8246,46.7748],[-122.7812,46.7685],[-122.7883,46.7636],[-122.6991,46.7636],[-122.6998,46.7057],[-122.7609,46.706],[-122.7604,46.6915],[-122.7816,46.6919],[-122.7816,46.6776],[-122.8052,46.6779],[-122.8083,46.6678],[-122.8452,46.6762],[-122.903,46.6701],[-122.903,46.6773],[-122.9293,46.6844],[-122.9293,46.6916],[-122.955,46.6948],[-122.9683,46.6906],[-122.9792,46.6961],[-122.9819,46.6914],[-122.9768,46.6894],[-122.9935,46.6877],[-123.0059,46.6694],[-123.0248,46.6699],[-123.0286,46.6917],[-123.0719,46.6918],[-123.0719,46.7208],[-123.1406,46.7222],[-123.1415,46.7222]],[[-123.0301,46.7365],[-123.0222,46.7356],[-123.0302,46.7416],[-123.0301,46.7365]]]}},{"type":"Feature","properties":{"zipCode":"98056"},"geometry":{"type":"Polygon","coordinates":[[[-122.2254,47.5214],[-122.2082,47.5319],[-122.202,47.5461],[-122.1656,47.54],[-122.1681,47.5355],[-122.1644,47.5358],[-122.1622,47.5239],[-122.1749,47.5251],[-122.1734,47.5197],[-122.1645,47.5184],[-122.1699,47.5165],[-122.1646,47.5151],[-122.1647,47.5066],[-122.1687,47.5063],[-122.1647,47.5046],[-122.1642,47.4886],[-122.1642,47.4849],[-122.1695,47.4859],[-122.1695,47.4777],[-122.1849,47.4769],[-122.1966,47.4841],[-122.1918,47.4919],[-122.1969,47.5027],[-122.2064,47.4978],[-122.2091,47.4857],[-122.2201,47.5114],[-122.2254,47.5214]]]}},{"type":"Feature","properties":{"zipCode":"98433"},"geometry":{"type":"Polygon","coordinates":[[[-122.7039,47.0717],[-122.6752,47.0814],[-122.6699,47.0973],[-122.6466,47.0935],[-122.6466,47.0874],[-122.6235,47.0924],[-122.6232,47.1131],[-122.6359,47.1165],[-122.6373,47.1239],[-122.6431,47.1247],[-122.6435,47.1352],[-122.6262,47.1419],[-122.6168,47.1572],[-122.603,47.1572],[-122.6054,47.1407],[-122.6016,47.1384],[-122.5685,47.1459],[-122.5685,47.1395],[-122.5632,47.1394],[-122.581,47.112],[-122.5681,47.1121],[-122.5429,47.1262],[-122.5388,47.1194],[-122.5002,47.1195],[-122.5053,47.0906],[-122.5496,47.0999],[-122.5667,47.0831],[-122.5687,47.0674],[-122.5893,47.0635],[-122.5962,47.0543],[-122.6143,47.0518],[-122.6245,47.0332],[-122.6773,47.0433],[-122.6932,47.0533],[-122.6899,47.0574],[-122.7026,47.0641],[-122.7024,47.0696],[-122.7039,47.0717]]]}},{"type":"Feature","properties":{"zipCode":"98011"},"geometry":{"type":"Polygon","coordinates":[[[-122.229,47.7659],[-122.2276,47.7767],[-122.1694,47.7763],[-122.1636,47.7595],[-122.1804,47.7572],[-122.1748,47.7541],[-122.1754,47.7371],[-122.1869,47.7429],[-122.1952,47.733],[-122.2185,47.734],[-122.2228,47.7387],[-122.2189,47.7386],[-122.2193,47.7477],[-122.2241,47.7478],[-122.2206,47.7527],[-122.2284,47.7539],[-122.228,47.7655],[-122.229,47.7659]]]}},{"type":"Feature","properties":{"zipCode":"99353"},"geometry":{"type":"Polygon","coordinates":[[[-119.442,46.3596],[-119.4335,46.3785],[-119.4195,46.3799],[-119.3462,46.3415],[-119.3486,46.3334],[-119.34,46.3289],[-119.3396,46.3129],[-119.3291,46.3077],[-119.3364,46.3],[-119.324,46.2946],[-119.329,46.2875],[-119.3146,46.2714],[-119.3263,46.2714],[-119.3266,46.2583],[-119.3582,46.257],[-119.3685,46.2647],[-119.3682,46.2729],[-119.4048,46.2935],[-119.3988,46.2934],[-119.3988,46.3008],[-119.4146,46.3009],[-119.4304,46.3109],[-119.4284,46.359],[-119.4422,46.3591],[-119.442,46.3596]]]}},{"type":"Feature","properties":{"zipCode":"99202"},"geometry":{"type":"Polygon","coordinates":[[[-117.4133,47.6596],[-117.4095,47.6722],[-117.3467,47.6735],[-117.3469,47.6428],[-117.3998,47.64],[-117.4129,47.6427],[-117.4111,47.6596],[-117.4133,47.6596]],[[-117.4077,47.6649],[-117.3979,47.6618],[-117.3998,47.6695],[-117.4096,47.6662],[-117.4077,47.6649]]]}},{"type":"Feature","properties":{"zipCode":"99039"},"geometry":{"type":"Polygon","coordinates":[[[-117.2384,47.3382],[-117.2292,47.3472],[-117.2248,47.3347],[-117.2384,47.3339],[-117.2384,47.3382]]]}},{"type":"Feature","properties":{"zipCode":"98829"},"geometry":{"type":"Polygon","coordinates":[[[-119.9107,48.3235],[-119.8927,48.3363],[-119.8908,48.3465],[-119.8981,48.3601],[-119.8916,48.3603],[-119.8993,48.3668],[-119.8945,48.3669],[-119.8948,48.374],[-119.8989,48.3748],[-119.8944,48.3838],[-119.8649,48.3969],[-119.8231,48.3808],[-119.7856,48.38],[-119.7613,48.3726],[-119.7645,48.3708],[-119.7516,48.3638],[-119.7513,48.3586],[-119.7754,48.3355],[-119.7616,48.338],[-119.7331,48.3267],[-119.7135,48.3063],[-119.7035,48.3037],[-119.7068,48.2912],[-119.6852,48.2938],[-119.7056,48.2823],[-119.7049,48.2782],[-119.6972,48.282],[-119.6955,48.2757],[-119.7096,48.2649],[-119.7157,48.2518],[-119.7164,48.2265],[-119.7271,48.23],[-119.7177,48.2111],[-119.7366,48.2312],[-119.7335,48.2366],[-119.7389,48.2561],[-119.7307,48.2622],[-119.736,48.2639],[-119.7416,48.2426],[-119.772,48.2445],[-119.774,48.2502],[-119.8846,48.2502],[-119.889,48.3061],[-119.8835,48.3126],[-119.9108,48.3226],[-119.9107,48.3235]]]}},{"type":"Feature","properties":{"zipCode":"98953"},"geometry":{"type":"Polygon","coordinates":[[[-120.3523,46.4312],[-120.3445,46.433],[-120.3457,46.4494],[-120.34,46.4542],[-120.3352,46.4503],[-120.3348,46.462],[-120.3245,46.4624],[-120.314,46.4733],[-120.3003,46.4743],[-120.2983,46.4689],[-120.3026,46.4865],[-120.2903,46.4878],[-120.2903,46.5087],[-120.1959,46.4878],[-120.187,46.4785],[-120.1574,46.4711],[-120.1254,46.4778],[-120.1254,46.4318],[-120.147,46.4268],[-120.1521,46.4216],[-120.1255,46.4187],[-120.1254,46.4043],[-120.1992,46.4041],[-120.1992,46.3891],[-120.1896,46.3877],[-120.1936,46.3848],[-120.1865,46.3789],[-120.2041,46.3788],[-120.209,46.3714],[-120.2228,46.3714],[-120.2317,46.3843],[-120.2417,46.382],[-120.2521,46.3947],[-120.263,46.3975],[-120.2674,46.3934],[-120.2935,46.4069],[-120.3099,46.4038],[-120.3203,46.4144],[-120.3411,46.4221],[-120.343,46.4286],[-120.3527,46.429],[-120.3523,46.4312]],[[-120.3244,46.4328],[-120.3138,46.4269],[-120.3095,46.4306],[-120.3248,46.4356],[-120.3244,46.4328]]]}},{"type":"Feature","properties":{"zipCode":"98365"},"geometry":{"type":"Polygon","coordinates":[[[-122.7532,47.8617],[-122.7417,47.8623],[-122.7443,47.8794],[-122.7361,47.8897],[-122.736,47.926],[-122.7465,47.9258],[-122.7465,47.9499],[-122.7359,47.955],[-122.7355,47.984],[-122.7136,47.984],[-122.7007,47.9734],[-122.6832,47.9722],[-122.6788,47.9679],[-122.6762,47.9587],[-122.6847,47.944],[-122.682,47.9214],[-122.6901,47.9226],[-122.6985,47.9173],[-122.6774,47.9163],[-122.6577,47.9312],[-122.6511,47.921],[-122.6551,47.9051],[-122.6478,47.896],[-122.6374,47.8899],[-122.6103,47.8873],[-122.6196,47.8776],[-122.6286,47.8795],[-122.6381,47.8655],[-122.6938,47.868],[-122.6816,47.8504],[-122.6873,47.8324],[-122.7192,47.8124],[-122.743,47.8099],[-122.7461,47.8055],[-122.7469,47.8518],[-122.7542,47.8606],[-122.7532,47.8617]]]}},{"type":"Feature","properties":{"zipCode":"98629"},"geometry":{"type":"Polygon","coordinates":[[[-122.7219,45.8835],[-122.7218,45.8952],[-122.7013,45.8955],[-122.7012,45.8991],[-122.6832,45.9016],[-122.6651,45.8988],[-122.6396,45.9022],[-122.6378,45.9279],[-122.6289,45.9167],[-122.6134,45.9267],[-122.5669,45.9245],[-122.5668,45.9308],[-122.559,45.931],[-122.556,45.8955],[-122.5456,45.8956],[-122.5456,45.9028],[-122.5302,45.9045],[-122.53,45.901],[-122.5117,45.9009],[-122.5117,45.8955],[-122.5142,45.8855],[-122.5371,45.8811],[-122.5473,45.8609],[-122.6092,45.8333],[-122.6255,45.8334],[-122.6183,45.829],[-122.6218,45.8258],[-122.6333,45.8282],[-122.6367,45.8249],[-122.6516,45.8484],[-122.6642,45.849],[-122.672,45.8594],[-122.7033,45.8689],[-122.722,45.8803],[-122.7219,45.8835]]]}},{"type":"Feature","properties":{"zipCode":"98037"},"geometry":{"type":"Polygon","coordinates":[[[-122.3324,47.8303],[-122.3194,47.8448],[-122.3304,47.8449],[-122.3222,47.8539],[-122.2958,47.8472],[-122.2773,47.85],[-122.2732,47.8365],[-122.2609,47.8498],[-122.2358,47.8494],[-122.2396,47.8422],[-122.2465,47.841],[-122.2427,47.8359],[-122.2364,47.838],[-122.2384,47.8266],[-122.2465,47.8295],[-122.2539,47.8257],[-122.2628,47.8321],[-122.269,47.8266],[-122.3317,47.8293],[-122.3324,47.8303]]]}},{"type":"Feature","properties":{"zipCode":"98103"},"geometry":{"type":"Polygon","coordinates":[[[-122.3581,47.6997],[-122.3306,47.7032],[-122.3296,47.6826],[-122.3257,47.6798],[-122.3295,47.6776],[-122.3279,47.6536],[-122.3315,47.6505],[-122.3268,47.6536],[-122.327,47.6499],[-122.3383,47.6395],[-122.3577,47.6521],[-122.3574,47.6982],[-122.3581,47.6997]]]}},{"type":"Feature","properties":{"zipCode":"99101"},"geometry":{"type":"Polygon","coordinates":[[[-118.0729,48.2815],[-118.0572,48.2815],[-118.0514,48.2872],[-118.0466,48.3059],[-118.0581,48.3154],[-118.0577,48.3222],[-118.0458,48.3206],[-118.0537,48.3277],[-118.0482,48.3292],[-118.0307,48.324],[-118.0308,48.3509],[-117.9551,48.3508],[-117.9553,48.3942],[-117.9773,48.3943],[-117.9772,48.4095],[-117.9715,48.412],[-117.9771,48.413],[-117.9771,48.4233],[-117.9634,48.4232],[-117.9613,48.4268],[-117.961,48.4232],[-117.9563,48.4286],[-117.9563,48.4233],[-117.9109,48.4234],[-117.9123,48.4163],[-117.9007,48.4165],[-117.9014,48.4091],[-117.8797,48.4092],[-117.8811,48.3808],[-117.8702,48.3811],[-117.8686,48.4056],[-117.8538,48.4031],[-117.8606,48.4217],[-117.8681,48.4263],[-117.868,48.4421],[-117.8542,48.4236],[-117.8507,48.4068],[-117.8239,48.4081],[-117.8242,48.3951],[-117.8296,48.3953],[-117.8297,48.3882],[-117.8427,48.3847],[-117.8301,48.3521],[-117.8434,48.3523],[-117.8304,48.3195],[-117.8255,48.3166],[-117.8586,48.3145],[-117.8676,48.3112],[-117.8678,48.2942],[-117.8891,48.2938],[-117.8887,48.2513],[-117.9383,48.2517],[-117.9752,48.2233],[-118.0618,48.2233],[-118.0618,48.2451],[-118.0727,48.2453],[-118.0727,48.267],[-118.0729,48.2815]]]}},{"type":"Feature","properties":{"zipCode":"98465"},"geometry":{"type":"Polygon","coordinates":[[[-122.5601,47.2449],[-122.5523,47.2483],[-122.5517,47.255],[-122.5479,47.2513],[-122.5385,47.2554],[-122.5103,47.2554],[-122.5045,47.2549],[-122.5036,47.2429],[-122.5178,47.2431],[-122.5159,47.25],[-122.5263,47.2499],[-122.5264,47.2427],[-122.56,47.2427],[-122.5601,47.2449]]]}},{"type":"Feature","properties":{"zipCode":"99001"},"geometry":{"type":"Polygon","coordinates":[[[-117.6254,47.643],[-117.6174,47.643],[-117.6174,47.6356],[-117.6039,47.6383],[-117.6039,47.643],[-117.6147,47.643],[-117.6146,47.6501],[-117.6039,47.6501],[-117.6039,47.6581],[-117.5931,47.6609],[-117.5931,47.6646],[-117.5611,47.6687],[-117.561,47.6152],[-117.6041,47.6139],[-117.604,47.6282],[-117.6255,47.6284],[-117.6254,47.643]]]}},{"type":"Feature","properties":{"zipCode":"98383"},"geometry":{"type":"Polygon","coordinates":[[[-122.7774,47.66],[-122.7525,47.6678],[-122.745,47.6828],[-122.7491,47.7085],[-122.7462,47.7214],[-122.7407,47.7193],[-122.7434,47.7146],[-122.7346,47.6899],[-122.7245,47.6771],[-122.7033,47.6795],[-122.7028,47.6918],[-122.6924,47.6956],[-122.6922,47.7012],[-122.6862,47.7013],[-122.6881,47.6939],[-122.6669,47.6969],[-122.6618,47.6939],[-122.6657,47.6868],[-122.655,47.6868],[-122.6682,47.6813],[-122.6608,47.6723],[-122.6636,47.6559],[-122.659,47.6505],[-122.6749,47.654],[-122.6788,47.6468],[-122.6862,47.6498],[-122.6908,47.6335],[-122.7023,47.6374],[-122.7194,47.632],[-122.7194,47.6248],[-122.7121,47.6246],[-122.7133,47.6163],[-122.7142,47.6211],[-122.7246,47.6242],[-122.7247,47.6351],[-122.7353,47.6321],[-122.7353,47.6285],[-122.7672,47.6286],[-122.7725,47.647],[-122.7571,47.6598],[-122.7626,47.6567],[-122.7771,47.6596],[-122.7774,47.66]]]}},{"type":"Feature","properties":{"zipCode":"98642"},"geometry":{"type":"Polygon","coordinates":[[[-122.796,45.825],[-122.7855,45.8505],[-122.7432,45.8701],[-122.7165,45.8658],[-122.7107,45.8732],[-122.672,45.8594],[-122.6642,45.849],[-122.6516,45.8484],[-122.6367,45.8249],[-122.6333,45.8282],[-122.6281,45.8197],[-122.6067,45.8133],[-122.6126,45.7954],[-122.6205,45.7952],[-122.6205,45.7871],[-122.6255,45.7857],[-122.6156,45.7788],[-122.6152,45.7661],[-122.6256,45.7645],[-122.6256,45.7581],[-122.6311,45.7599],[-122.6359,45.7454],[-122.6307,45.7364],[-122.6916,45.736],[-122.7054,45.746],[-122.7036,45.736],[-122.7231,45.7358],[-122.7232,45.7304],[-122.7349,45.7339],[-122.7462,45.7602],[-122.7443,45.7765],[-122.7487,45.782],[-122.7621,45.7792],[-122.7538,45.7862],[-122.7706,45.7818],[-122.7956,45.81],[-122.7957,45.8152],[-122.796,45.825]]]}},{"type":"Feature","properties":{"zipCode":"99335"},"geometry":{"type":"Polygon","coordinates":[[[-118.6933,46.662],[-118.6681,46.668],[-118.6604,46.6759],[-118.6491,46.698],[-118.6516,46.7359],[-118.4271,46.7368],[-118.4328,46.7098],[-118.4228,46.6969],[-118.4123,46.7012],[-118.3938,46.6984],[-118.378,46.6776],[-118.3344,46.6777],[-118.2743,46.6634],[-118.2448,46.6412],[-118.2406,46.6282],[-118.2223,46.6098],[-118.2257,46.6042],[-118.2196,46.59],[-118.2443,46.6007],[-118.2786,46.5932],[-118.3057,46.6055],[-118.3225,46.6068],[-118.3617,46.598],[-118.3856,46.5826],[-118.3976,46.5804],[-118.4232,46.5837],[-118.4526,46.597],[-118.4673,46.5986],[-118.4965,46.5755],[-118.5372,46.5616],[-118.5422,46.5665],[-118.5347,46.5728],[-118.5611,46.628],[-118.5569,46.6354],[-118.568,46.6376],[-118.5931,46.6058],[-118.6055,46.6007],[-118.631,46.6046],[-118.652,46.5995],[-118.6485,46.6203],[-118.6509,46.6487],[-118.6931,46.6488],[-118.6933,46.662]]]}},{"type":"Feature","properties":{"zipCode":"98107"},"geometry":{"type":"Polygon","coordinates":[[[-122.4096,47.6758],[-122.3569,47.676],[-122.3562,47.6696],[-122.3545,47.6499],[-122.4036,47.6667],[-122.4093,47.6727],[-122.4096,47.6758]]]}},{"type":"Feature","properties":{"zipCode":"98277"},"geometry":{"type":"Polygon","coordinates":[[[-122.7526,48.2601],[-122.732,48.2794],[-122.7226,48.3043],[-122.7081,48.3144],[-122.6997,48.3118],[-122.6906,48.3259],[-122.6802,48.326],[-122.6801,48.3387],[-122.6664,48.3392],[-122.6604,48.3334],[-122.6367,48.3367],[-122.6428,48.3435],[-122.6398,48.3486],[-122.6178,48.349],[-122.6205,48.3558],[-122.6528,48.3548],[-122.6586,48.3693],[-122.6669,48.3692],[-122.6647,48.4015],[-122.6448,48.4055],[-122.6243,48.4005],[-122.6097,48.4116],[-122.5967,48.4056],[-122.5954,48.3972],[-122.585,48.3952],[-122.586,48.3855],[-122.5802,48.3748],[-122.5971,48.3557],[-122.5513,48.3421],[-122.516,48.3204],[-122.5066,48.31],[-122.5058,48.2977],[-122.531,48.2824],[-122.5577,48.2793],[-122.5584,48.2722],[-122.5583,48.2821],[-122.5749,48.2949],[-122.5995,48.2983],[-122.6185,48.2942],[-122.6268,48.289],[-122.6207,48.283],[-122.6238,48.2694],[-122.6311,48.2671],[-122.6437,48.2762],[-122.6439,48.2796],[-122.6311,48.2826],[-122.6325,48.2856],[-122.643,48.2888],[-122.6627,48.2776],[-122.6526,48.2651],[-122.653,48.2515],[-122.6587,48.2445],[-122.6772,48.2387],[-122.7197,48.2362],[-122.7141,48.2416],[-122.7298,48.2462],[-122.7311,48.2538],[-122.7562,48.2538],[-122.7526,48.2601]]]}},{"type":"Feature","properties":{"zipCode":"98050"},"geometry":{"type":"Polygon","coordinates":[[[-121.9532,47.5583],[-121.9196,47.5543],[-121.9195,47.5436],[-121.9313,47.5436],[-121.9252,47.5369],[-121.9345,47.5323],[-121.9423,47.5365],[-121.9423,47.5437],[-121.953,47.5438],[-121.9531,47.5498],[-121.9532,47.5583]]]}},{"type":"Feature","properties":{"zipCode":"98222"},"geometry":{"type":"Polygon","coordinates":[[[-122.8311,48.5725],[-122.8243,48.5837],[-122.8109,48.5889],[-122.791,48.5801],[-122.769,48.5593],[-122.7947,48.5345],[-122.8077,48.5313],[-122.8213,48.5465],[-122.8168,48.5522],[-122.8273,48.5545],[-122.8294,48.5618],[-122.8311,48.5725]]]}},{"type":"Feature","properties":{"zipCode":"98582"},"geometry":{"type":"Polygon","coordinates":[[[-122.6855,46.5042],[-122.6819,46.5105],[-122.6575,46.5103],[-122.6574,46.5158],[-122.6382,46.5175],[-122.6417,46.5284],[-122.6338,46.5322],[-122.6418,46.5321],[-122.6415,46.5393],[-122.6262,46.5358],[-122.6261,46.5395],[-122.6204,46.5344],[-122.6058,46.539],[-122.6058,46.5323],[-122.59,46.5226],[-122.586,46.506],[-122.5884,46.5023],[-122.6141,46.5097],[-122.6276,46.508],[-122.6388,46.5162],[-122.6443,46.5133],[-122.6455,46.4959],[-122.6644,46.4984],[-122.6783,46.5098],[-122.6837,46.5056],[-122.6795,46.4969],[-122.6879,46.499],[-122.6855,46.5042]]]}},{"type":"Feature","properties":{"zipCode":"98028"},"geometry":{"type":"Polygon","coordinates":[[[-122.2756,47.7411],[-122.267,47.7521],[-122.271,47.7771],[-122.2276,47.7767],[-122.2284,47.7539],[-122.2206,47.7527],[-122.2241,47.7478],[-122.2193,47.7477],[-122.2189,47.7386],[-122.2228,47.7387],[-122.2185,47.734],[-122.2404,47.7334],[-122.2506,47.7255],[-122.2735,47.7266],[-122.2761,47.7397],[-122.2756,47.7411]]]}},{"type":"Feature","properties":{"zipCode":"98403"},"geometry":{"type":"Polygon","coordinates":[[[-122.4685,47.2757],[-122.4511,47.2705],[-122.4408,47.2585],[-122.4458,47.2647],[-122.4683,47.2547],[-122.4698,47.273],[-122.4685,47.2757]]]}},{"type":"Feature","properties":{"zipCode":"98030"},"geometry":{"type":"Polygon","coordinates":[[[-122.2311,47.3867],[-122.1814,47.3869],[-122.1814,47.3797],[-122.1708,47.3797],[-122.1707,47.3869],[-122.1654,47.3855],[-122.1655,47.3489],[-122.2024,47.3508],[-122.2043,47.3435],[-122.2095,47.3541],[-122.2292,47.3538],[-122.23,47.3701],[-122.2269,47.3701],[-122.2311,47.3848],[-122.2311,47.3867]]]}},{"type":"Feature","properties":{"zipCode":"98670"},"geometry":{"type":"Polygon","coordinates":[[[-121.2117,45.9116],[-121.1955,45.913],[-121.196,45.9041],[-121.1762,45.8984],[-121.1647,45.9015],[-121.1116,45.8981],[-121.1156,45.8852],[-121.1023,45.8757],[-121.0967,45.8639],[-121.0682,45.8521],[-121.0658,45.8396],[-121.0794,45.8376],[-121.0974,45.8262],[-121.0923,45.8312],[-121.0968,45.839],[-121.1453,45.8331],[-121.1753,45.8216],[-121.1753,45.8257],[-121.1864,45.8261],[-121.1864,45.8404],[-121.1964,45.8404],[-121.1966,45.8954],[-121.2108,45.8993],[-121.207,45.903],[-121.21,45.9101],[-121.2117,45.9116]]]}},{"type":"Feature","properties":{"zipCode":"98310"},"geometry":{"type":"Polygon","coordinates":[[[-122.6618,47.6004],[-122.6609,47.6072],[-122.5993,47.6066],[-122.6019,47.6024],[-122.5917,47.5946],[-122.6104,47.5675],[-122.6487,47.5849],[-122.6602,47.5985],[-122.6618,47.6004]]]}},{"type":"Feature","properties":{"zipCode":"98575"},"geometry":{"type":"Polygon","coordinates":[[[-123.9001,47.3508],[-123.8879,47.3754],[-123.8523,47.3798],[-123.8578,47.3813],[-123.8594,47.3903],[-123.834,47.415],[-123.8374,47.422],[-123.8406,47.4197],[-123.8768,47.4309],[-123.8777,47.4407],[-123.877,47.4488],[-123.8612,47.462],[-123.833,47.4748],[-123.8328,47.4829],[-123.8437,47.49],[-123.832,47.4982],[-123.8246,47.4949],[-123.8173,47.5013],[-123.8022,47.4985],[-123.8002,47.5066],[-123.7795,47.5177],[-123.6959,47.5177],[-123.6987,47.47],[-123.7117,47.4619],[-123.7078,47.4614],[-123.7138,47.4532],[-123.7525,47.4364],[-123.7511,47.4307],[-123.7598,47.4269],[-123.7602,47.4139],[-123.7652,47.4137],[-123.772,47.3962],[-123.7783,47.3947],[-123.7765,47.3904],[-123.783,47.386],[-123.78,47.3839],[-123.8061,47.3725],[-123.8187,47.3466],[-123.8284,47.3445],[-123.825,47.3421],[-123.8284,47.3406],[-123.8264,47.3299],[-123.8838,47.3315],[-123.8829,47.3448],[-123.9123,47.3451],[-123.9001,47.3508]]]}},{"type":"Feature","properties":{"zipCode":"98059"},"geometry":{"type":"Polygon","coordinates":[[[-122.1749,47.5251],[-122.1622,47.5239],[-122.1644,47.5358],[-122.1681,47.5355],[-122.1643,47.5455],[-122.1361,47.5401],[-122.1243,47.5252],[-122.1365,47.5163],[-122.1008,47.5162],[-122.0979,47.4987],[-122.101,47.4947],[-122.0874,47.4913],[-122.0779,47.4807],[-122.0688,47.4806],[-122.0582,47.4734],[-122.0584,47.4443],[-122.0742,47.4553],[-122.0743,47.4661],[-122.145,47.472],[-122.1426,47.4661],[-122.1594,47.4694],[-122.1535,47.474],[-122.1695,47.4777],[-122.1695,47.4859],[-122.1642,47.4849],[-122.1642,47.4886],[-122.1647,47.5046],[-122.1687,47.5063],[-122.1647,47.5066],[-122.1646,47.5151],[-122.1699,47.5165],[-122.1646,47.5189],[-122.1734,47.5197],[-122.1749,47.5251]]]}},{"type":"Feature","properties":{"zipCode":"98203"},"geometry":{"type":"Polygon","coordinates":[[[-122.2911,47.9521],[-122.249,47.9595],[-122.2307,47.9704],[-122.2261,47.9594],[-122.1897,47.9662],[-122.1862,47.9599],[-122.1916,47.9499],[-122.1881,47.9461],[-122.1921,47.9473],[-122.1887,47.9442],[-122.197,47.944],[-122.1905,47.9217],[-122.2065,47.9189],[-122.2337,47.9234],[-122.2785,47.9221],[-122.2873,47.9288],[-122.2891,47.9438],[-122.2823,47.9495],[-122.2892,47.9514],[-122.2911,47.9521]]]}},{"type":"Feature","properties":{"zipCode":"98126"},"geometry":{"type":"Polygon","coordinates":[[[-122.3826,47.5907],[-122.3685,47.5849],[-122.3729,47.5813],[-122.3708,47.5676],[-122.3655,47.5654],[-122.3692,47.5573],[-122.3657,47.5399],[-122.37,47.541],[-122.3658,47.5319],[-122.3713,47.5265],[-122.3645,47.5247],[-122.3684,47.5123],[-122.3819,47.5142],[-122.3821,47.5892],[-122.3826,47.5907]]]}},{"type":"Feature","properties":{"zipCode":"99212"},"geometry":{"type":"Polygon","coordinates":[[[-117.347,47.65],[-117.3467,47.6764],[-117.3041,47.6944],[-117.3073,47.7075],[-117.3038,47.7131],[-117.2811,47.7078],[-117.2828,47.628],[-117.2935,47.6279],[-117.2935,47.6207],[-117.3043,47.6299],[-117.3096,47.6279],[-117.3096,47.6352],[-117.3149,47.638],[-117.3363,47.639],[-117.347,47.6465],[-117.347,47.65]]]}},{"type":"Feature","properties":{"zipCode":"98438"},"geometry":{"type":"Polygon","coordinates":[[[-122.5018,47.1392],[-122.4974,47.1392],[-122.4956,47.1521],[-122.4835,47.1558],[-122.4933,47.1516],[-122.4938,47.1468],[-122.4868,47.136],[-122.4903,47.1311],[-122.4835,47.1297],[-122.4833,47.1196],[-122.5003,47.1256],[-122.499,47.1352],[-122.5018,47.1392]]]}},{"type":"Feature","properties":{"zipCode":"98248"},"geometry":{"type":"Polygon","coordinates":[[[-122.7564,48.8694],[-122.749,48.8694],[-122.7488,48.8851],[-122.7096,48.8848],[-122.7096,48.9066],[-122.7045,48.9066],[-122.6913,48.9224],[-122.6602,48.9213],[-122.6399,48.9063],[-122.6198,48.9063],[-122.6162,48.9207],[-122.6132,48.9172],[-122.5862,48.9187],[-122.5855,48.9354],[-122.5967,48.9355],[-122.5966,48.9432],[-122.5744,48.9353],[-122.5734,48.939],[-122.5633,48.9383],[-122.5631,48.9465],[-122.558,48.9464],[-122.5578,48.9369],[-122.5429,48.9284],[-122.5365,48.9353],[-122.5189,48.9315],[-122.5188,48.9241],[-122.5244,48.924],[-122.542,48.9065],[-122.5373,48.912],[-122.5097,48.9105],[-122.509,48.9142],[-122.4916,48.9154],[-122.4858,48.9137],[-122.4856,48.9049],[-122.4967,48.9039],[-122.4995,48.898],[-122.5098,48.8987],[-122.5102,48.8843],[-122.5191,48.8879],[-122.5191,48.8806],[-122.5298,48.8798],[-122.53,48.8697],[-122.519,48.8697],[-122.5191,48.8552],[-122.5299,48.8552],[-122.5299,48.848],[-122.5591,48.8457],[-122.5548,48.8335],[-122.5495,48.8334],[-122.552,48.8214],[-122.5358,48.8048],[-122.5516,48.804],[-122.5519,48.8149],[-122.58,48.8189],[-122.584,48.8143],[-122.5819,48.8086],[-122.5922,48.7966],[-122.5898,48.7892],[-122.6037,48.7884],[-122.6046,48.7935],[-122.6251,48.7994],[-122.6341,48.7938],[-122.6496,48.7938],[-122.6499,48.8084],[-122.6653,48.7886],[-122.6802,48.8028],[-122.704,48.8038],[-122.7062,48.7991],[-122.6997,48.7897],[-122.7103,48.787],[-122.7092,48.8178],[-122.7171,48.8472],[-122.7563,48.8694],[-122.7564,48.8694]]]}},{"type":"Feature","properties":{"zipCode":"98951"},"geometry":{"type":"Polygon","coordinates":[[[-120.7712,46.4551],[-120.7372,46.4781],[-120.6952,46.4778],[-120.7005,46.4809],[-120.6968,46.4865],[-120.6684,46.4948],[-120.6518,46.5066],[-120.6294,46.5068],[-120.6291,46.5212],[-120.5446,46.5209],[-120.5441,46.5353],[-120.4805,46.5352],[-120.4804,46.5317],[-120.4729,46.5316],[-120.4683,46.5351],[-120.4173,46.535],[-120.4172,46.521],[-120.4065,46.5185],[-120.4004,46.5061],[-120.3237,46.5033],[-120.3157,46.5104],[-120.3022,46.5128],[-120.2903,46.5087],[-120.2903,46.4878],[-120.3026,46.4865],[-120.2983,46.4689],[-120.3003,46.4743],[-120.314,46.4733],[-120.3245,46.4624],[-120.3348,46.462],[-120.3352,46.4503],[-120.34,46.4542],[-120.3457,46.4494],[-120.3445,46.433],[-120.3752,46.4332],[-120.3753,46.4188],[-120.3905,46.4188],[-120.3923,46.4262],[-120.4031,46.4221],[-120.3986,46.4188],[-120.4174,46.4188],[-120.4174,46.3973],[-120.3965,46.3973],[-120.3965,46.3899],[-120.4138,46.3899],[-120.3998,46.3753],[-120.4702,46.3754],[-120.466,46.3686],[-120.544,46.3684],[-120.5442,46.3901],[-120.5389,46.3901],[-120.5336,46.4116],[-120.5441,46.4118],[-120.5441,46.419],[-120.619,46.4189],[-120.6224,46.4238],[-120.6193,46.4267],[-120.6311,46.4334],[-120.6493,46.4335],[-120.6494,46.419],[-120.6552,46.4287],[-120.6712,46.4336],[-120.7011,46.4334],[-120.6958,46.43],[-120.7104,46.4253],[-120.7029,46.423],[-120.7079,46.4194],[-120.7042,46.4189],[-120.7125,46.4187],[-120.7129,46.4315],[-120.7322,46.4206],[-120.7549,46.4285],[-120.7556,46.4396],[-120.765,46.4412],[-120.7649,46.4477],[-120.7708,46.4479],[-120.7727,46.4536],[-120.7712,46.4551]],[[-120.4802,46.4993],[-120.4697,46.4992],[-120.4697,46.4919],[-120.4584,46.4922],[-120.4758,46.5131],[-120.4801,46.5053],[-120.4802,46.4993]]]}},{"type":"Feature","properties":{"zipCode":"98032"},"geometry":{"type":"MultiPolygon","coordinates":[[[[-122.2285,47.35],[-122.2251,47.3487],[-122.2285,47.3492],[-122.2285,47.35]]],[[[-122.3076,47.3615],[-122.3007,47.3748],[-122.3079,47.3796],[-122.2974,47.3829],[-122.2951,47.3923],[-122.2988,47.3955],[-122.2911,47.3917],[-122.2913,47.3961],[-122.2828,47.3975],[-122.2902,47.401],[-122.2866,47.4082],[-122.2814,47.4084],[-122.2816,47.4242],[-122.2766,47.4275],[-122.2773,47.423],[-122.2653,47.4231],[-122.2651,47.4286],[-122.2581,47.4305],[-122.2627,47.4336],[-122.2485,47.4334],[-122.2456,47.4412],[-122.2175,47.4412],[-122.2207,47.4121],[-122.2272,47.4121],[-122.2228,47.4066],[-122.228,47.4069],[-122.223,47.4042],[-122.228,47.4026],[-122.2233,47.3934],[-122.2311,47.3908],[-122.2269,47.3701],[-122.23,47.3701],[-122.2292,47.3538],[-122.2495,47.3537],[-122.2497,47.3471],[-122.259,47.3471],[-122.2604,47.358],[-122.2652,47.358],[-122.2654,47.3513],[-122.2785,47.3578],[-122.2858,47.3528],[-122.2906,47.3578],[-122.3095,47.3579],[-122.3076,47.3615]]]]}},{"type":"Feature","properties":{"zipCode":"98802"},"geometry":{"type":"Polygon","coordinates":[[[-120.3178,47.4627],[-120.3029,47.5201],[-120.2928,47.5382],[-120.2594,47.5585],[-120.2501,47.5756],[-120.2373,47.5791],[-120.2266,47.6078],[-120.2236,47.6065],[-120.2353,47.5791],[-120.1973,47.5795],[-120.197,47.6125],[-120.1808,47.6182],[-120.1693,47.6097],[-120.1669,47.6186],[-120.1751,47.6249],[-120.1564,47.6349],[-120.1448,47.6326],[-120.1558,47.629],[-120.1616,47.6172],[-120.118,47.6417],[-120.0929,47.6418],[-120.0929,47.6272],[-120.1144,47.6272],[-120.1144,47.6126],[-120.0499,47.6126],[-120.0483,47.5858],[-120.0324,47.5808],[-120.0252,47.5501],[-120.0614,47.5302],[-120.0542,47.5288],[-120.0486,47.5114],[-120.0347,47.4919],[-120.0486,47.4814],[-120.0482,47.4136],[-120.0592,47.4109],[-120.0513,47.3897],[-120.0535,47.3781],[-120.0804,47.3634],[-120.0767,47.3689],[-120.087,47.3618],[-120.1194,47.3825],[-120.1258,47.3912],[-120.1651,47.3862],[-120.1759,47.3784],[-120.2146,47.3803],[-120.2122,47.377],[-120.2531,47.3816],[-120.2792,47.3902],[-120.2928,47.4004],[-120.3181,47.4577],[-120.3178,47.4627]]]}},{"type":"Feature","properties":{"zipCode":"99105"},"geometry":{"type":"Polygon","coordinates":[[[-118.2197,46.9588],[-118.2058,47.0148],[-118.1756,47.03],[-118.1548,47.0305],[-118.1224,47.0501],[-118.1097,47.0406],[-118.1093,47.0286],[-118.1018,47.0184],[-118.0877,47.0154],[-118.088,46.9875],[-118.039,46.9888],[-118.0328,46.9915],[-118.0215,47.0171],[-117.96,47.0171],[-117.9593,46.9148],[-117.9671,46.9148],[-117.9709,46.8672],[-117.9871,46.862],[-118.0047,46.8479],[-118.0034,46.8388],[-117.9917,46.8376],[-117.9975,46.8225],[-118.0193,46.8148],[-118.0124,46.7908],[-118.0156,46.7849],[-118.0359,46.785],[-118.0419,46.7736],[-118.0778,46.7771],[-118.0875,46.7813],[-118.0827,46.7868],[-118.0817,46.809],[-118.1034,46.81],[-118.1027,46.8248],[-118.133,46.8255],[-118.1388,46.8386],[-118.1681,46.8699],[-118.1744,46.87],[-118.172,46.8844],[-118.1829,46.8894],[-118.1805,46.8992],[-118.1853,46.9066],[-118.1941,46.9139],[-118.2143,46.9137],[-118.2209,46.9535],[-118.2197,46.9588]]]}},{"type":"Feature","properties":{"zipCode":"99326"},"geometry":{"type":"Polygon","coordinates":[[[-119.1116,46.7379],[-118.9843,46.7365],[-118.9845,46.7608],[-118.9621,46.7366],[-118.9411,46.7364],[-118.9413,46.751],[-118.9201,46.7509],[-118.9199,46.7363],[-118.8986,46.7361],[-118.8988,46.7506],[-118.8565,46.7504],[-118.8566,46.7645],[-118.8293,46.7645],[-118.8224,46.7718],[-118.8246,46.7789],[-118.8178,46.7934],[-118.7498,46.7906],[-118.7353,46.7938],[-118.7683,46.779],[-118.7512,46.779],[-118.751,46.7647],[-118.6514,46.7653],[-118.6522,46.7504],[-118.6809,46.736],[-118.6516,46.7359],[-118.6491,46.698],[-118.6681,46.668],[-118.6933,46.662],[-118.6931,46.6488],[-118.6509,46.6487],[-118.6485,46.6203],[-118.6531,46.6003],[-118.6497,46.5849],[-118.6599,46.5695],[-118.6594,46.5616],[-118.7271,46.5576],[-118.7409,46.5505],[-118.7463,46.5385],[-118.767,46.5279],[-118.7879,46.5084],[-118.789,46.5024],[-118.8048,46.5016],[-118.8085,46.5126],[-118.8055,46.5227],[-118.8125,46.5295],[-118.8111,46.5379],[-118.817,46.5381],[-118.8161,46.5621],[-118.8866,46.5617],[-118.9046,46.5677],[-118.8977,46.5783],[-118.9034,46.5907],[-118.9004,46.6343],[-119.0063,46.6348],[-119.0063,46.6426],[-119.0933,46.6387],[-119.1064,46.6435],[-119.1009,46.6484],[-119.1028,46.6649],[-119.0958,46.6814],[-119.1068,46.6963],[-119.1082,46.7154],[-119.0815,46.718],[-119.0899,46.7334],[-119.1055,46.7368],[-119.1116,46.7379]]]}},{"type":"Feature","properties":{"zipCode":"98546"},"geometry":{"type":"Polygon","coordinates":[[[-123.0374,47.2795],[-123.0325,47.2873],[-123.0154,47.2872],[-123.0154,47.2998],[-122.9941,47.3059],[-122.9941,47.347],[-122.8657,47.3812],[-122.8657,47.3603],[-122.8457,47.3602],[-122.8617,47.3426],[-122.8525,47.335],[-122.8292,47.3342],[-122.8198,47.3278],[-122.823,47.3202],[-122.8315,47.3143],[-122.8346,47.3155],[-122.831,47.3235],[-122.8377,47.3233],[-122.843,47.3131],[-122.8544,47.3096],[-122.8526,47.3068],[-122.8629,47.3067],[-122.8701,47.2962],[-122.9135,47.2846],[-122.9207,47.2775],[-122.9443,47.287],[-122.9599,47.2822],[-122.9573,47.285],[-122.9941,47.2903],[-123.0236,47.2762],[-123.039,47.2782],[-123.0374,47.2795]],[[-122.8995,47.3229],[-122.876,47.3193],[-122.8761,47.3229],[-122.8659,47.323],[-122.8658,47.3395],[-122.8959,47.324],[-122.8995,47.3229]]]}},{"type":"Feature","properties":{"zipCode":"99137"},"geometry":{"type":"Polygon","coordinates":[[[-118.2544,48.1285],[-118.2453,48.1353],[-118.2057,48.1386],[-118.1965,48.1453],[-118.1913,48.1586],[-118.1966,48.1906],[-118.1876,48.1991],[-118.1949,48.2125],[-118.1493,48.2434],[-118.143,48.2434],[-118.1577,48.2282],[-118.1496,48.2212],[-118.141,48.2215],[-118.1447,48.2301],[-118.1394,48.2434],[-118.128,48.2434],[-118.1277,48.2506],[-118.0849,48.2506],[-118.0847,48.2671],[-118.0727,48.267],[-118.0727,48.2453],[-118.0618,48.2451],[-118.0618,48.2233],[-117.9752,48.2233],[-117.9856,48.2026],[-117.9755,48.1885],[-117.9904,48.1822],[-117.98,48.1613],[-117.9852,48.1304],[-118.0103,48.1229],[-118.0145,48.1159],[-118.03,48.1105],[-118.0306,48.1037],[-118.0214,48.0907],[-118.0295,48.0839],[-118.0478,48.0833],[-118.0622,48.0891],[-118.0655,48.1023],[-118.0714,48.1061],[-118.1982,48.1072],[-118.1987,48.0926],[-118.2047,48.0883],[-118.197,48.0731],[-118.2065,48.0674],[-118.2146,48.083],[-118.2285,48.0837],[-118.2264,48.0919],[-118.2363,48.1093],[-118.2267,48.1126],[-118.2362,48.1123],[-118.233,48.1252],[-118.2539,48.1248],[-118.2544,48.1285]]]}},{"type":"Feature","properties":{"zipCode":"98358"},"geometry":{"type":"Polygon","coordinates":[[[-122.7372,48.0863],[-122.7182,48.0974],[-122.6967,48.1032],[-122.6876,48.1013],[-122.6928,48.0873],[-122.6857,48.073],[-122.6827,48.0428],[-122.6691,48.0317],[-122.6706,48.0176],[-122.6866,48.0089],[-122.7031,48.0175],[-122.7054,48.0332],[-122.716,48.0408],[-122.7125,48.0458],[-122.72,48.0607],[-122.7182,48.0715],[-122.7276,48.0825],[-122.7259,48.0879],[-122.7387,48.0816],[-122.7372,48.0863]]]}},{"type":"Feature","properties":{"zipCode":"98195"},"geometry":{"type":"Polygon","coordinates":[[[-122.3122,47.6528],[-122.312,47.6613],[-122.3015,47.658],[-122.3047,47.6474],[-122.3124,47.6472],[-122.3122,47.6528]]]}},{"type":"Feature","properties":{"zipCode":"98112"},"geometry":{"type":"Polygon","coordinates":[[[-122.3186,47.6323],[-122.3147,47.6382],[-122.318,47.6426],[-122.3137,47.6397],[-122.3104,47.6471],[-122.2569,47.6472],[-122.2637,47.6131],[-122.2818,47.6164],[-122.2831,47.6212],[-122.2832,47.6176],[-122.3156,47.6188],[-122.3146,47.6284],[-122.3186,47.6287],[-122.3186,47.6323]]]}},{"type":"Feature","properties":{"zipCode":"98271"},"geometry":{"type":"MultiPolygon","coordinates":[[[[-122.1319,48.1064],[-122.1194,48.1074],[-122.112,48.1],[-122.1118,48.0918],[-122.1245,48.0919],[-122.1254,48.0994],[-122.1317,48.1008],[-122.1319,48.1064]]],[[[-122.3635,48.1233],[-122.3508,48.1191],[-122.3029,48.1193],[-122.3027,48.1232],[-122.2871,48.1268],[-122.2817,48.1357],[-122.2775,48.1316],[-122.2492,48.1429],[-122.2448,48.1374],[-122.2274,48.1374],[-122.2276,48.123],[-122.2005,48.1266],[-122.1964,48.123],[-122.1946,48.1294],[-122.1891,48.1295],[-122.2036,48.1483],[-122.2154,48.1518],[-122.2157,48.1555],[-122.1993,48.1557],[-122.1966,48.1632],[-122.1906,48.1633],[-122.1862,48.1378],[-122.183,48.1452],[-122.1431,48.1465],[-122.1511,48.1379],[-122.1513,48.1338],[-122.1411,48.1336],[-122.141,48.1264],[-122.1466,48.1265],[-122.152,48.1181],[-122.1513,48.0919],[-122.1656,48.0928],[-122.1762,48.0843],[-122.1839,48.0957],[-122.1843,48.0361],[-122.2097,48.0327],[-122.2232,48.0246],[-122.2274,48.0309],[-122.2382,48.0306],[-122.2899,48.0524],[-122.2895,48.0555],[-122.2738,48.0508],[-122.28,48.0631],[-122.2934,48.0619],[-122.301,48.0713],[-122.3214,48.081],[-122.3261,48.0929],[-122.3432,48.0976],[-122.3477,48.1107],[-122.3616,48.1202],[-122.3635,48.1233]]]]}},{"type":"Feature","properties":{"zipCode":"98631"},"geometry":{"type":"Polygon","coordinates":[[[-124.0629,46.3432],[-124.0572,46.4465],[-124.0441,46.4468],[-124.0436,46.4539],[-124.0419,46.4467],[-124.0351,46.4467],[-124.0348,46.4604],[-124.0313,46.4611],[-124.0253,46.4594],[-124.0153,46.3787],[-124.0009,46.371],[-123.9838,46.3769],[-123.9644,46.3762],[-123.9652,46.3645],[-123.9589,46.3498],[-123.9776,46.3306],[-124.0287,46.335],[-124.0284,46.3455],[-124.0396,46.345],[-124.0444,46.3322],[-124.0528,46.3323],[-124.0536,46.3392],[-124.0633,46.3394],[-124.0629,46.3432]]]}},{"type":"Feature","properties":{"zipCode":"98370"},"geometry":{"type":"Polygon","coordinates":[[[-122.7048,47.7719],[-122.6896,47.7791],[-122.682,47.8009],[-122.6538,47.8161],[-122.6481,47.8251],[-122.6232,47.8362],[-122.6081,47.8567],[-122.5777,47.8561],[-122.5772,47.8186],[-122.5854,47.8243],[-122.5837,47.8113],[-122.6068,47.8097],[-122.6069,47.7938],[-122.5838,47.801],[-122.5744,47.7988],[-122.5767,47.8015],[-122.5667,47.805],[-122.5786,47.7954],[-122.5632,47.7945],[-122.5631,47.7872],[-122.5416,47.7877],[-122.542,47.7657],[-122.5366,47.7657],[-122.5363,47.7548],[-122.5559,47.7488],[-122.5524,47.7441],[-122.5795,47.7515],[-122.5797,47.7411],[-122.5689,47.7407],[-122.5638,47.7335],[-122.569,47.7335],[-122.5683,47.7135],[-122.5834,47.7028],[-122.5878,47.6912],[-122.6031,47.6962],[-122.6041,47.7044],[-122.6127,47.7119],[-122.6344,47.7071],[-122.628,47.6909],[-122.6189,47.6909],[-122.6132,47.6636],[-122.6169,47.6521],[-122.6395,47.653],[-122.6407,47.6577],[-122.6463,47.6577],[-122.6504,47.6505],[-122.6503,47.6541],[-122.6577,47.6541],[-122.6578,47.6649],[-122.6682,47.6813],[-122.655,47.6868],[-122.6657,47.6868],[-122.6618,47.6939],[-122.6669,47.6969],[-122.6881,47.6939],[-122.6862,47.7013],[-122.6944,47.7012],[-122.6918,47.7664],[-122.7032,47.7713],[-122.7048,47.7719]],[[-122.589,47.8532],[-122.5841,47.8512],[-122.584,47.856],[-122.589,47.8554],[-122.589,47.8532]]]}},{"type":"Feature","properties":{"zipCode":"98467"},"geometry":{"type":"Polygon","coordinates":[[[-122.5848,47.1897],[-122.5771,47.2137],[-122.5266,47.2127],[-122.5052,47.2174],[-122.5019,47.2101],[-122.5088,47.192],[-122.5254,47.1983],[-122.5709,47.1948],[-122.5768,47.1859],[-122.5848,47.1874],[-122.5848,47.1897]]]}},{"type":"Feature","properties":{"zipCode":"98941"},"geometry":{"type":"Polygon","coordinates":[[[-121.0245,47.2273],[-121.0218,47.2328],[-121.006,47.2265],[-121.0062,47.2334],[-120.985,47.2334],[-120.9871,47.2187],[-120.9804,47.2076],[-120.9944,47.2189],[-121.006,47.2175],[-121.0239,47.2252],[-121.0245,47.2273]]]}},{"type":"Feature","properties":{"zipCode":"98536"},"geometry":{"type":"Polygon","coordinates":[[[-124.1977,47.204],[-124.1906,47.2055],[-124.1838,47.2172],[-124.1946,47.2358],[-124.1819,47.2316],[-124.1693,47.2359],[-124.1592,47.23],[-124.1591,47.222],[-124.1381,47.2364],[-124.1396,47.2433],[-124.1468,47.2447],[-124.1148,47.2452],[-124.088,47.2697],[-124.0596,47.2617],[-124.0569,47.2534],[-124.046,47.2489],[-124.0459,47.2302],[-124.0237,47.2251],[-124.0462,47.2106],[-124.0459,47.1281],[-124.0758,47.1288],[-124.0862,47.1227],[-124.0962,47.1368],[-124.1017,47.1369],[-124.1697,47.1169],[-124.1775,47.1263],[-124.183,47.146],[-124.1765,47.1455],[-124.1736,47.1395],[-124.1735,47.1583],[-124.1843,47.1584],[-124.1836,47.2002],[-124.1989,47.1974],[-124.1977,47.204]]]}},{"type":"Feature","properties":{"zipCode":"98039"},"geometry":{"type":"Polygon","coordinates":[[[-122.2627,47.6211],[-122.2534,47.6514],[-122.2297,47.6687],[-122.2092,47.6667],[-122.2121,47.6575],[-122.2351,47.6502],[-122.2333,47.6356],[-122.2279,47.6355],[-122.228,47.621],[-122.22,47.6165],[-122.2204,47.5968],[-122.2331,47.6065],[-122.2637,47.6131],[-122.2627,47.6211]]]}},{"type":"Feature","properties":{"zipCode":"98166"},"geometry":{"type":"Polygon","coordinates":[[[-122.3831,47.4505],[-122.368,47.4592],[-122.3688,47.4727],[-122.3615,47.4811],[-122.3345,47.4813],[-122.338,47.4252],[-122.3296,47.407],[-122.348,47.4159],[-122.3551,47.4419],[-122.3744,47.4489],[-122.3831,47.4505]]]}},{"type":"Feature","properties":{"zipCode":"99206"},"geometry":{"type":"Polygon","coordinates":[[[-117.2976,47.6135],[-117.2936,47.6134],[-117.2935,47.6279],[-117.2828,47.628],[-117.2841,47.7029],[-117.2708,47.7039],[-117.2721,47.6976],[-117.2486,47.6941],[-117.2436,47.6977],[-117.235,47.6917],[-117.2409,47.6925],[-117.237,47.6632],[-117.2398,47.6279],[-117.2074,47.6233],[-117.2075,47.6192],[-117.2182,47.6207],[-117.2205,47.6133],[-117.1956,47.5946],[-117.2062,47.587],[-117.2063,47.5798],[-117.2243,47.5799],[-117.2251,47.5726],[-117.26,47.5727],[-117.2598,47.5798],[-117.2814,47.5798],[-117.2816,47.5944],[-117.2977,47.5943],[-117.2976,47.6135]]]}},{"type":"Feature","properties":{"zipCode":"98075"},"geometry":{"type":"Polygon","coordinates":[[[-122.0985,47.5919],[-122.0965,47.6023],[-122.0138,47.6029],[-122.0087,47.5981],[-122.0045,47.6015],[-121.9707,47.6011],[-121.9652,47.5846],[-121.9534,47.5878],[-121.9671,47.5801],[-121.9817,47.5876],[-121.988,47.5754],[-122.004,47.5805],[-122.0277,47.5793],[-122.0218,47.5734],[-122.0252,47.559],[-122.0427,47.5592],[-122.0359,47.5627],[-122.0357,47.5773],[-122.0464,47.5738],[-122.0465,47.5685],[-122.0719,47.5656],[-122.0823,47.5752],[-122.0959,47.5795],[-122.0985,47.5878],[-122.0985,47.5919]]]}},{"type":"Feature","properties":{"zipCode":"98303"},"geometry":{"type":"Polygon","coordinates":[[[-122.7417,47.155],[-122.7272,47.1607],[-122.7298,47.1669],[-122.7239,47.1765],[-122.6958,47.189],[-122.6739,47.1747],[-122.6755,47.142],[-122.6948,47.1438],[-122.6947,47.1259],[-122.7024,47.1239],[-122.7429,47.1515],[-122.7417,47.155]]]}},{"type":"Feature","properties":{"zipCode":"98380"},"geometry":{"type":"Polygon","coordinates":[[[-123.0176,47.5272],[-122.9839,47.5586],[-122.9753,47.5596],[-122.9765,47.5663],[-122.9651,47.5852],[-122.944,47.5878],[-122.9228,47.5979],[-122.9159,47.6093],[-122.9171,47.6207],[-122.8684,47.6332],[-122.8553,47.6476],[-122.8311,47.6553],[-122.8273,47.6532],[-122.8364,47.6373],[-122.7774,47.66],[-122.7917,47.6286],[-122.799,47.6286],[-122.7993,47.6035],[-122.8152,47.6019],[-122.815,47.6185],[-122.8256,47.6176],[-122.8313,47.6002],[-122.8424,47.6003],[-122.8371,47.593],[-122.8427,47.5919],[-122.8429,47.5858],[-122.8483,47.5861],[-122.8481,47.5753],[-122.8593,47.5721],[-122.8583,47.5576],[-122.8502,47.5575],[-122.8477,47.551],[-122.8711,47.5414],[-122.8651,47.5338],[-122.8648,47.5213],[-122.9722,47.5214],[-122.9801,47.5122],[-122.9827,47.4998],[-123.0123,47.4855],[-123.016,47.4895],[-123.0122,47.4954],[-123.0176,47.496],[-123.0203,47.504],[-123.0112,47.5183],[-123.0237,47.5203],[-123.0176,47.5272]]]}},{"type":"Feature","properties":{"zipCode":"99034"},"geometry":{"type":"Polygon","coordinates":[[[-117.8266,47.8928],[-117.8164,47.9039],[-117.7787,47.9264],[-117.7758,47.9197],[-117.7614,47.921],[-117.7466,47.9304],[-117.7462,47.9273],[-117.7407,47.929],[-117.7424,47.9363],[-117.741,47.9395],[-117.7364,47.9368],[-117.7354,47.9459],[-117.7248,47.9443],[-117.7147,47.9337],[-117.7147,47.9182],[-117.7354,47.9191],[-117.735,47.875],[-117.7086,47.8748],[-117.7062,47.8692],[-117.7142,47.8523],[-117.7555,47.8381],[-117.7683,47.8464],[-117.7991,47.8464],[-117.7993,47.8751],[-117.8286,47.8912],[-117.8266,47.8928]]]}},{"type":"Feature","properties":{"zipCode":"98296"},"geometry":{"type":"Polygon","coordinates":[[[-122.188,47.9474],[-122.1787,47.9475],[-122.1719,47.9418],[-122.1664,47.9268],[-122.0935,47.9092],[-122.0862,47.8699],[-122.0767,47.8634],[-122.0866,47.8576],[-122.0453,47.8299],[-122.0358,47.819],[-122.033,47.7957],[-122.0181,47.7973],[-122.0181,47.7901],[-122.0129,47.7864],[-122.0195,47.7865],[-122.0183,47.7755],[-122.0657,47.7759],[-122.066,47.7904],[-122.0766,47.7904],[-122.0766,47.7871],[-122.0959,47.7939],[-122.1024,47.7915],[-122.1058,47.7992],[-122.1168,47.7945],[-122.1119,47.8049],[-122.1444,47.8049],[-122.1486,47.8131],[-122.1565,47.8133],[-122.1537,47.8223],[-122.159,47.8242],[-122.1536,47.8269],[-122.1588,47.8306],[-122.1533,47.8342],[-122.1573,47.8363],[-122.1531,47.8447],[-122.1585,47.8446],[-122.1584,47.858],[-122.1477,47.8631],[-122.1461,47.8776],[-122.1562,47.8777],[-122.1595,47.8821],[-122.1696,47.8652],[-122.1781,47.8653],[-122.1598,47.883],[-122.157,47.8923],[-122.1455,47.8921],[-122.1365,47.9175],[-122.1673,47.9262],[-122.1793,47.9362],[-122.1798,47.9464],[-122.1881,47.9461],[-122.188,47.9474]]]}},{"type":"Feature","properties":{"zipCode":"99032"},"geometry":{"type":"Polygon","coordinates":[[[-118.3073,47.1719],[-118.2907,47.1769],[-118.2905,47.1913],[-118.2497,47.1911],[-118.2392,47.2024],[-118.2236,47.206],[-118.2265,47.2111],[-118.1514,47.2338],[-118.1508,47.2544],[-118.1419,47.2611],[-118.252,47.2612],[-118.2483,47.2859],[-118.2518,47.3333],[-118.2188,47.334],[-118.2186,47.3622],[-118.2509,47.3623],[-118.2502,47.4348],[-118.1326,47.4355],[-118.1327,47.4145],[-118.1482,47.3932],[-118.1194,47.3756],[-118.1022,47.3535],[-118.0871,47.3479],[-118.0582,47.3548],[-118.0587,47.3789],[-118.0634,47.3883],[-118.0519,47.402],[-118.0509,47.4219],[-118.0368,47.4219],[-118.037,47.4073],[-118.0159,47.4074],[-118.0137,47.4221],[-117.9938,47.4218],[-117.9941,47.436],[-117.9304,47.4361],[-117.9302,47.4143],[-117.9088,47.4139],[-117.9035,47.4213],[-117.8876,47.4209],[-117.8875,47.4285],[-117.8308,47.4235],[-117.8228,47.4206],[-117.8231,47.3968],[-117.8085,47.4117],[-117.7937,47.4115],[-117.7999,47.4081],[-117.7997,47.3982],[-117.7873,47.3938],[-117.7892,47.384],[-117.7965,47.3818],[-117.809,47.3591],[-117.8233,47.3573],[-117.8236,47.2602],[-118.0549,47.2601],[-118.0663,47.2478],[-118.0777,47.2464],[-118.0769,47.2379],[-118.0842,47.2335],[-118.141,47.2195],[-118.1527,47.1571],[-118.1944,47.1335],[-118.1942,47.1769],[-118.2784,47.1768],[-118.2904,47.1683],[-118.2889,47.1624],[-118.3159,47.1624],[-118.3073,47.1719]]]}},{"type":"Feature","properties":{"zipCode":"98649"},"geometry":{"type":"Polygon","coordinates":[[[-122.7856,46.2464],[-122.7764,46.248],[-122.7844,46.2573],[-122.7608,46.2543],[-122.7668,46.2607],[-122.763,46.2663],[-122.7685,46.2672],[-122.7704,46.2735],[-122.766,46.2854],[-122.7741,46.2924],[-122.7457,46.3032],[-122.7445,46.3223],[-122.7225,46.328],[-122.72,46.3435],[-122.7085,46.3436],[-122.6985,46.3599],[-122.6878,46.3616],[-122.7012,46.372],[-122.7025,46.3871],[-122.3022,46.3856],[-122.3035,46.2986],[-122.3242,46.2985],[-122.3243,46.2695],[-122.3649,46.2701],[-122.3651,46.2542],[-122.5534,46.2562],[-122.5535,46.2488],[-122.5766,46.2523],[-122.5735,46.2463],[-122.5834,46.227],[-122.5985,46.2268],[-122.6064,46.2364],[-122.6067,46.2267],[-122.6681,46.2272],[-122.6685,46.2418],[-122.7414,46.2423],[-122.7468,46.2372],[-122.7525,46.242],[-122.7844,46.2453],[-122.7856,46.2464]]]}},{"type":"Feature","properties":{"zipCode":"98381"},"geometry":{"type":"Polygon","coordinates":[[[-124.5574,48.3474],[-124.5525,48.3474],[-124.5525,48.3547],[-124.5255,48.349],[-124.4463,48.3159],[-124.4358,48.3067],[-124.414,48.3009],[-124.3956,48.2888],[-124.3809,48.2847],[-124.3626,48.2873],[-124.3705,48.2848],[-124.3693,48.2807],[-124.371,48.2838],[-124.3585,48.2874],[-124.339,48.276],[-124.2991,48.2682],[-124.3002,48.2618],[-124.2959,48.2587],[-124.27,48.2524],[-124.3458,48.2676],[-124.352,48.2567],[-124.3617,48.2593],[-124.3666,48.252],[-124.4097,48.2268],[-124.4212,48.2303],[-124.423,48.2362],[-124.4331,48.2365],[-124.4332,48.2489],[-124.4533,48.2502],[-124.4598,48.2459],[-124.4667,48.2497],[-124.4723,48.2635],[-124.4838,48.2739],[-124.4797,48.2771],[-124.488,48.2736],[-124.5458,48.2766],[-124.5492,48.2835],[-124.5454,48.2875],[-124.5576,48.29],[-124.5574,48.3474]]]}},{"type":"Feature","properties":{"zipCode":"99103"},"geometry":{"type":"Polygon","coordinates":[[[-119.1049,47.7865],[-119.0862,47.7865],[-119.0436,47.8602],[-119.0345,47.8583],[-119.0174,47.8771],[-119.0039,47.8836],[-118.997,47.8722],[-118.9746,47.8663],[-118.9741,47.9108],[-118.9156,47.9108],[-118.9157,47.9181],[-118.8938,47.918],[-118.8937,47.9253],[-118.8505,47.9253],[-118.8506,47.9034],[-118.8407,47.9004],[-118.851,47.8828],[-118.8518,47.7429],[-118.8327,47.7429],[-118.8733,47.7284],[-118.83,47.7315],[-118.8259,47.7259],[-118.809,47.7324],[-118.7867,47.7251],[-118.7847,47.6702],[-118.8067,47.67],[-118.8067,47.6555],[-118.828,47.6555],[-118.8286,47.5375],[-118.8495,47.5375],[-118.8494,47.523],[-118.9136,47.5237],[-118.9142,47.5456],[-118.9572,47.5459],[-118.9569,47.5241],[-118.9778,47.5239],[-118.976,47.6991],[-119.0407,47.699],[-119.0405,47.7134],[-119.0838,47.7136],[-119.0839,47.7281],[-119.1054,47.7283],[-119.1049,47.7865]]]}},{"type":"Feature","properties":{"zipCode":"98278"},"geometry":{"type":"Polygon","coordinates":[[[-122.7071,48.3153],[-122.6737,48.3547],[-122.6669,48.3692],[-122.6586,48.3693],[-122.6528,48.3548],[-122.6205,48.3558],[-122.6178,48.349],[-122.6398,48.3486],[-122.6428,48.3435],[-122.6367,48.3367],[-122.6604,48.3334],[-122.6664,48.3392],[-122.6801,48.3387],[-122.6802,48.326],[-122.6906,48.3259],[-122.6997,48.3118],[-122.7081,48.3144],[-122.7071,48.3153]]]}},{"type":"Feature","properties":{"zipCode":"98592"},"geometry":{"type":"Polygon","coordinates":[[[-123.1591,47.3036],[-123.1413,47.31],[-123.142,47.3174],[-123.1323,47.3283],[-123.119,47.3289],[-123.1143,47.3369],[-123.1185,47.3405],[-123.1099,47.3424],[-123.1056,47.3567],[-123.0824,47.3556],[-123.0704,47.3497],[-123.0303,47.3509],[-122.9744,47.3785],[-122.9939,47.3699],[-122.994,47.3309],[-123.0578,47.3308],[-123.0579,47.3163],[-123.0916,47.3162],[-123.0993,47.3018],[-123.0792,47.3017],[-123.0829,47.2873],[-123.1222,47.2839],[-123.1222,47.2898],[-123.1289,47.2879],[-123.1306,47.3018],[-123.163,47.3019],[-123.1591,47.3036]]]}},{"type":"Feature","properties":{"zipCode":"98614"},"geometry":{"type":"Polygon","coordinates":[[[-123.9716,46.3016],[-123.9639,46.3013],[-123.9636,46.3374],[-123.8497,46.3362],[-123.8497,46.2601],[-123.8755,46.2398],[-123.9093,46.2455],[-123.9487,46.2712],[-123.9589,46.286],[-123.9694,46.2914],[-123.9717,46.3006],[-123.9716,46.3016]]]}},{"type":"Feature","properties":{"zipCode":"98501"},"geometry":{"type":"Polygon","coordinates":[[[-122.9291,46.978],[-122.9065,47.0102],[-122.9033,47.0238],[-122.9093,47.0375],[-122.9073,47.0617],[-122.9012,47.0625],[-122.8927,47.0447],[-122.8591,47.0463],[-122.8519,47.0414],[-122.8518,47.0457],[-122.8392,47.0476],[-122.8332,46.9937],[-122.8231,46.9806],[-122.8129,46.9771],[-122.8116,46.9614],[-122.8122,46.9564],[-122.8232,46.954],[-122.8232,46.9453],[-122.8443,46.9453],[-122.8512,46.9363],[-122.8409,46.925],[-122.8288,46.9257],[-122.8273,46.9324],[-122.8133,46.9279],[-122.81,46.9202],[-122.858,46.9027],[-122.8598,46.908],[-122.8611,46.9017],[-122.8664,46.9003],[-122.8656,46.9165],[-122.9036,46.9166],[-122.9079,46.9208],[-122.9079,46.9363],[-122.9037,46.9485],[-122.8972,46.9517],[-122.9142,46.9528],[-122.9099,46.9596],[-122.9132,46.967],[-122.9288,46.9693],[-122.9291,46.978]]]}},{"type":"Feature","properties":{"zipCode":"99251"},"geometry":{"type":"Polygon","coordinates":[[[-117.4248,47.7565],[-117.4109,47.7561],[-117.4151,47.751],[-117.4238,47.7512],[-117.4249,47.7555],[-117.4248,47.7565]]]}},{"type":"Feature","properties":{"zipCode":"99018"},"geometry":{"type":"Polygon","coordinates":[[[-117.2839,47.2757],[-117.2524,47.3035],[-117.1853,47.3028],[-117.1758,47.3098],[-117.1689,47.3014],[-117.1737,47.2827],[-117.164,47.285],[-117.1632,47.3326],[-117.1526,47.3332],[-117.1528,47.3261],[-117.0993,47.3294],[-117.0992,47.3221],[-117.0735,47.3183],[-117.0731,47.3325],[-117.0399,47.3325],[-117.0399,47.3105],[-117.0562,47.3069],[-117.0578,47.3026],[-117.0776,47.3034],[-117.078,47.2741],[-117.0883,47.2741],[-117.0886,47.2595],[-117.1379,47.2601],[-117.1518,47.2666],[-117.1471,47.2726],[-117.1501,47.276],[-117.1519,47.2594],[-117.2395,47.2597],[-117.2387,47.2735],[-117.2834,47.2744],[-117.2839,47.2757]]]}},{"type":"Feature","properties":{"zipCode":"98674"},"geometry":{"type":"Polygon","coordinates":[[[-122.8122,45.9545],[-122.8031,45.9587],[-122.7903,45.953],[-122.7631,45.9601],[-122.7629,45.9638],[-122.7474,45.9599],[-122.7472,45.9674],[-122.7364,45.9692],[-122.7301,45.9812],[-122.7163,45.9779],[-122.704,45.9892],[-122.6998,46.0035],[-122.6797,46.0035],[-122.6797,46.0111],[-122.6693,46.0109],[-122.6693,46.0251],[-122.6388,46.0222],[-122.638,46.0408],[-122.608,46.0405],[-122.6084,46.0113],[-122.5979,46.0112],[-122.5979,46.0037],[-122.5933,46.0037],[-122.5986,45.9998],[-122.5892,45.9862],[-122.6016,45.9786],[-122.6033,45.975],[-122.5986,45.9742],[-122.6121,45.961],[-122.5595,45.9525],[-122.5469,45.967],[-122.532,45.9736],[-122.5345,45.9792],[-122.5107,45.9849],[-122.5064,45.9803],[-122.497,45.9807],[-122.4975,45.987],[-122.4859,45.9833],[-122.4771,45.9881],[-122.4524,45.985],[-122.4422,45.9758],[-122.4318,45.9757],[-122.4318,45.9638],[-122.4522,45.9639],[-122.4518,45.9388],[-122.4934,45.9385],[-122.4976,45.9289],[-122.5208,45.9326],[-122.5564,45.9254],[-122.559,45.931],[-122.5668,45.9308],[-122.5669,45.9245],[-122.6134,45.9267],[-122.6289,45.9167],[-122.6378,45.9279],[-122.6396,45.9022],[-122.6651,45.8988],[-122.6832,45.9016],[-122.7012,45.8991],[-122.7013,45.8955],[-122.7218,45.8952],[-122.722,45.8803],[-122.7118,45.8729],[-122.7138,45.8672],[-122.7432,45.8701],[-122.7855,45.8505],[-122.785,45.8677],[-122.8115,45.9127],[-122.8062,45.9324],[-122.8118,45.9531],[-122.8122,45.9545]]]}},{"type":"Feature","properties":{"zipCode":"98424"},"geometry":{"type":"Polygon","coordinates":[[[-122.3996,47.241],[-122.3995,47.2472],[-122.3595,47.2463],[-122.3591,47.2575],[-122.3491,47.257],[-122.35,47.2537],[-122.3362,47.2573],[-122.3363,47.239],[-122.3276,47.2391],[-122.3205,47.2288],[-122.3204,47.2075],[-122.3996,47.2404],[-122.3996,47.241]]]}},{"type":"Feature","properties":{"zipCode":"99336"},"geometry":{"type":"Polygon","coordinates":[[[-119.2641,46.1984],[-119.2428,46.2085],[-119.2439,46.2272],[-119.2491,46.2272],[-119.249,46.2336],[-119.2437,46.2356],[-119.2295,46.2294],[-119.2196,46.2322],[-119.1911,46.2286],[-119.1916,46.2334],[-119.1198,46.2233],[-119.0976,46.215],[-119.107,46.2071],[-119.0933,46.1991],[-119.1592,46.1986],[-119.1632,46.1946],[-119.1594,46.1986],[-119.2278,46.1997],[-119.229,46.1956],[-119.2223,46.192],[-119.2435,46.1944],[-119.2454,46.1974],[-119.2324,46.2001],[-119.264,46.1985],[-119.2641,46.1984]]]}},{"type":"Feature","properties":{"zipCode":"99158"},"geometry":{"type":"Polygon","coordinates":[[[-117.3862,47.0878],[-117.38,47.0904],[-117.379,47.1047],[-117.3697,47.1047],[-117.3697,47.112],[-117.3461,47.1128],[-117.3432,47.1268],[-117.3149,47.1273],[-117.3113,47.1487],[-117.3006,47.1541],[-117.3011,47.1672],[-117.2683,47.1623],[-117.2682,47.1669],[-117.2573,47.1673],[-117.2578,47.186],[-117.2693,47.191],[-117.2688,47.2184],[-117.2581,47.2185],[-117.2582,47.2331],[-117.2366,47.2331],[-117.2366,47.2404],[-117.2097,47.2405],[-117.2098,47.2478],[-117.2044,47.2482],[-117.2044,47.2596],[-117.1721,47.2596],[-117.1719,47.237],[-117.1505,47.2404],[-117.1502,47.2225],[-117.1823,47.2055],[-117.1852,47.1968],[-117.1719,47.1967],[-117.1717,47.182],[-117.1499,47.1819],[-117.1498,47.1746],[-117.139,47.1745],[-117.1387,47.1531],[-117.1647,47.1421],[-117.1872,47.1441],[-117.1995,47.1257],[-117.1557,47.1233],[-117.1496,47.1086],[-117.1241,47.1088],[-117.1323,47.0943],[-117.139,47.0942],[-117.1377,47.0716],[-117.182,47.0721],[-117.1819,47.0647],[-117.2234,47.0642],[-117.2234,47.052],[-117.238,47.0676],[-117.2459,47.0618],[-117.2545,47.0384],[-117.2472,47.0349],[-117.2548,47.0247],[-117.2546,47.0353],[-117.2875,47.035],[-117.2981,47.0373],[-117.299,47.0495],[-117.3314,47.05],[-117.3314,47.0574],[-117.341,47.0577],[-117.3411,47.0799],[-117.3628,47.0799],[-117.3804,47.0728],[-117.3813,47.0807],[-117.3862,47.0878]]]}},{"type":"Feature","properties":{"zipCode":"98641"},"geometry":{"type":"Polygon","coordinates":[[[-124.0561,46.5867],[-124.0506,46.6066],[-124.0434,46.6071],[-124.0265,46.5843],[-124.0318,46.5781],[-124.0235,46.578],[-124.0231,46.5641],[-124.0254,46.5263],[-124.0485,46.5265],[-124.0537,46.5338],[-124.0423,46.5335],[-124.039,46.5434],[-124.0483,46.5435],[-124.0463,46.5409],[-124.0522,46.5374],[-124.0482,46.5616],[-124.0544,46.5629],[-124.0561,46.5832],[-124.0561,46.5867]]]}},{"type":"Feature","properties":{"zipCode":"98243"},"geometry":{"type":"MultiPolygon","coordinates":[[[[-123.0174,48.5901],[-123.0106,48.5894],[-123.0174,48.5894],[-123.0174,48.5901]]],[[[-123.0174,48.6039],[-123.0183,48.6033],[-123.0174,48.6039]]],[[[-123.0247,48.6111],[-123.0157,48.6204],[-123.0205,48.6265],[-123.0056,48.623],[-122.9912,48.6448],[-122.9837,48.6451],[-122.9687,48.6301],[-122.9612,48.6319],[-122.9668,48.6285],[-122.9839,48.6421],[-122.9929,48.6346],[-122.9851,48.6299],[-122.9875,48.6225],[-122.9782,48.6189],[-122.9712,48.6038],[-122.977,48.5991],[-122.9887,48.6011],[-122.9885,48.5942],[-123.0039,48.593],[-123.008,48.599],[-122.991,48.6037],[-123.0032,48.6209],[-123.0237,48.6105],[-123.0247,48.6111]]],[[[-123.0262,48.5997],[-123.0181,48.5956],[-123.025,48.5941],[-123.0256,48.5984],[-123.0262,48.5997]]],[[[-123.0336,48.5925],[-123.0349,48.5916],[-123.0336,48.5925]]],[[[-123.0542,48.6185],[-123.0443,48.6195],[-123.0383,48.6121],[-123.0478,48.6108],[-123.0542,48.6175],[-123.0542,48.6185]]]]}},{"type":"Feature","properties":{"zipCode":"99123"},"geometry":{"type":"Polygon","coordinates":[[[-119.1047,47.881],[-119.0982,47.8993],[-119.1033,47.9035],[-119.0915,47.906],[-119.0979,47.9104],[-119.09,47.9151],[-119.0917,47.9183],[-119.0796,47.9264],[-119.0587,47.9275],[-119.0448,47.9361],[-119.0233,47.936],[-119.0223,47.9289],[-119.0028,47.9294],[-118.9923,47.9193],[-118.9959,47.9118],[-118.992,47.904],[-118.9742,47.9036],[-118.9741,47.8819],[-118.9746,47.8663],[-118.997,47.8722],[-119.0039,47.8836],[-119.0174,47.8771],[-119.0364,47.8578],[-119.0469,47.864],[-119.066,47.8662],[-119.0619,47.8733],[-119.0784,47.8676],[-119.1049,47.8755],[-119.1047,47.881]]]}},{"type":"Feature","properties":{"zipCode":"98844"},"geometry":{"type":"Polygon","coordinates":[[[-119.6045,48.9562],[-119.5772,48.9565],[-119.5439,48.9635],[-119.5149,48.9588],[-119.5169,49.0003],[-118.9028,49.0003],[-118.9025,48.9166],[-118.9026,48.8796],[-118.9194,48.8792],[-118.9194,48.872],[-118.9249,48.8718],[-118.9255,48.8577],[-118.9398,48.8568],[-118.9423,48.8758],[-118.949,48.8664],[-118.9566,48.8763],[-118.973,48.881],[-118.9667,48.8744],[-118.9668,48.8499],[-118.996,48.8274],[-119.0546,48.8275],[-119.0547,48.8422],[-119.1653,48.8422],[-119.1654,48.8553],[-119.1688,48.8566],[-119.3073,48.858],[-119.3173,48.8561],[-119.3178,48.8515],[-119.3258,48.8545],[-119.3454,48.841],[-119.3397,48.8304],[-119.3365,48.8336],[-119.3365,48.8289],[-119.3421,48.8289],[-119.336,48.8069],[-119.3187,48.8008],[-119.3193,48.7854],[-119.328,48.7852],[-119.3969,48.7853],[-119.393,48.7965],[-119.3998,48.7983],[-119.3995,48.794],[-119.4062,48.7938],[-119.406,48.7987],[-119.4134,48.7998],[-119.4198,48.8195],[-119.4293,48.8225],[-119.4323,48.8287],[-119.5557,48.8283],[-119.5733,48.8682],[-119.5734,48.8756],[-119.5663,48.8771],[-119.5689,48.9006],[-119.5609,48.9005],[-119.561,48.9157],[-119.6046,48.9158],[-119.6045,48.9562]]]}},{"type":"Feature","properties":{"zipCode":"98146"},"geometry":{"type":"Polygon","coordinates":[[[-122.3959,47.5138],[-122.3343,47.5139],[-122.3338,47.4813],[-122.3615,47.4811],[-122.3685,47.4923],[-122.394,47.5097],[-122.3959,47.5138]]]}},{"type":"Feature","properties":{"zipCode":"99116"},"geometry":{"type":"Polygon","coordinates":[[[-119.0421,48.1273],[-119.0064,48.1265],[-119.0004,48.1206],[-118.9786,48.1226],[-118.9898,48.1048],[-118.982,48.0929],[-118.9823,48.0764],[-118.9741,48.0657],[-118.9744,48.0502],[-118.8456,48.0501],[-118.8458,47.9635],[-118.8517,47.9634],[-118.852,47.9579],[-118.9507,47.9413],[-118.9735,47.9434],[-118.9735,47.936],[-118.9968,47.938],[-118.9986,47.9418],[-118.9942,47.9447],[-119.0005,47.9458],[-118.9953,47.951],[-119.001,47.9547],[-118.9873,47.9603],[-118.9955,47.9648],[-118.9889,47.9642],[-118.9718,47.9776],[-118.9611,47.9957],[-118.951,47.9957],[-118.9442,48.012],[-118.952,48.012],[-118.9521,48.0206],[-118.9758,48.0354],[-119.0047,48.0443],[-119.0207,48.0768],[-119.0208,48.1014],[-119.0395,48.1264],[-119.0421,48.1273]]]}},{"type":"Feature","properties":{"zipCode":"98116"},"geometry":{"type":"Polygon","coordinates":[[[-122.4188,47.577],[-122.3871,47.5957],[-122.3817,47.5939],[-122.3802,47.5575],[-122.4024,47.5573],[-122.4211,47.576],[-122.4188,47.577]]]}},{"type":"Feature","properties":{"zipCode":"99338"},"geometry":{"type":"Polygon","coordinates":[[[-119.3614,46.2145],[-119.3476,46.2173],[-119.3449,46.2133],[-119.3271,46.2133],[-119.327,46.202],[-119.3063,46.2016],[-119.3071,46.2171],[-119.2917,46.2188],[-119.2862,46.2131],[-119.2713,46.2129],[-119.2754,46.2065],[-119.264,46.2072],[-119.2699,46.2044],[-119.2641,46.1984],[-119.2324,46.2001],[-119.2454,46.1974],[-119.2435,46.1944],[-119.2223,46.192],[-119.229,46.1956],[-119.2278,46.1997],[-119.1594,46.1986],[-119.2011,46.1666],[-119.2004,46.1425],[-119.2631,46.1431],[-119.2827,46.1285],[-119.2957,46.1296],[-119.3068,46.1206],[-119.3012,46.1277],[-119.3072,46.1304],[-119.3062,46.1432],[-119.3258,46.1402],[-119.3272,46.1345],[-119.3455,46.1376],[-119.3479,46.1836],[-119.3356,46.1791],[-119.345,46.1862],[-119.3624,46.2138],[-119.3614,46.2145]]]}},{"type":"Feature","properties":{"zipCode":"98258"},"geometry":{"type":"Polygon","coordinates":[[[-122.1498,48.0159],[-122.1492,48.0215],[-122.1094,48.0215],[-122.1114,48.072],[-122.098,48.072],[-122.098,48.0937],[-122.0755,48.0942],[-122.0755,48.1014],[-122.0699,48.1014],[-122.0806,48.1144],[-122.079,48.1234],[-122.0757,48.1084],[-122.0719,48.1084],[-122.0748,48.1235],[-122.0544,48.1235],[-122.054,48.1086],[-122.0327,48.1087],[-122.0316,48.0942],[-122.045,48.0918],[-122.0321,48.0724],[-122.0084,48.0708],[-122.0296,48.0479],[-122.0174,48.0362],[-122.0256,48.0361],[-122.0316,48.0251],[-122.0272,48.0199],[-122.0376,48.0154],[-122.042,47.9903],[-122.0493,47.9968],[-122.0482,47.9826],[-122.0611,47.9786],[-122.0686,47.969],[-122.077,47.9702],[-122.0774,47.9635],[-122.0879,47.9625],[-122.0879,47.953],[-122.1015,47.9533],[-122.102,47.9637],[-122.109,47.9637],[-122.109,47.9688],[-122.1252,47.9633],[-122.1377,47.9778],[-122.1438,47.9783],[-122.1378,48.0034],[-122.1453,48.008],[-122.1393,48.0092],[-122.1404,48.0139],[-122.1496,48.0151],[-122.1498,48.0159]]]}},{"type":"Feature","properties":{"zipCode":"98292"},"geometry":{"type":"Polygon","coordinates":[[[-122.4055,48.252],[-122.397,48.2532],[-122.3871,48.2737],[-122.3635,48.2969],[-122.3532,48.2976],[-122.3483,48.3085],[-122.3303,48.3085],[-122.324,48.2975],[-122.2039,48.2976],[-122.1728,48.2664],[-122.1718,48.2598],[-122.1825,48.2568],[-122.1818,48.2534],[-122.2104,48.2535],[-122.2104,48.2572],[-122.2288,48.2569],[-122.2315,48.2605],[-122.2479,48.2532],[-122.2687,48.2678],[-122.2371,48.235],[-122.2318,48.2207],[-122.222,48.2208],[-122.2262,48.2099],[-122.2169,48.2086],[-122.2109,48.1975],[-122.2241,48.2023],[-122.2164,48.1982],[-122.243,48.1992],[-122.2464,48.1946],[-122.2613,48.192],[-122.2614,48.1884],[-122.256,48.1884],[-122.2537,48.1774],[-122.2651,48.1699],[-122.2595,48.1616],[-122.2754,48.1583],[-122.2768,48.1486],[-122.2653,48.1376],[-122.2775,48.1316],[-122.2817,48.1357],[-122.2871,48.1268],[-122.3027,48.1232],[-122.3029,48.1193],[-122.3508,48.1191],[-122.3635,48.1233],[-122.3621,48.1299],[-122.3678,48.1349],[-122.3647,48.1513],[-122.3703,48.1648],[-122.3575,48.1823],[-122.3703,48.1909],[-122.3712,48.2197],[-122.3854,48.2268],[-122.3764,48.2336],[-122.377,48.2382],[-122.3955,48.2399],[-122.4025,48.2474],[-122.4055,48.252]]]}},{"type":"Feature","properties":{"zipCode":"98002"},"geometry":{"type":"Polygon","coordinates":[[[-122.2323,47.3212],[-122.2277,47.3278],[-122.2323,47.3339],[-122.2251,47.3469],[-122.2309,47.3492],[-122.23,47.3538],[-122.2087,47.3534],[-122.2057,47.3421],[-122.2126,47.333],[-122.2032,47.3256],[-122.2084,47.3175],[-122.1975,47.3028],[-122.2085,47.3034],[-122.1922,47.2997],[-122.1922,47.2838],[-122.23,47.2659],[-122.2319,47.3013],[-122.2277,47.3091],[-122.2324,47.3148],[-122.2323,47.3212]]]}},{"type":"Feature","properties":{"zipCode":"98943"},"geometry":{"type":"Polygon","coordinates":[[[-120.9796,47.1825],[-120.9494,47.1928],[-120.9482,47.1853],[-120.9423,47.1853],[-120.9795,47.1789],[-120.9796,47.1825]]]}},{"type":"Feature","properties":{"zipCode":"98650"},"geometry":{"type":"Polygon","coordinates":[[[-121.6126,45.8989],[-121.6122,46.0441],[-121.4255,46.0444],[-121.4165,46.0128],[-121.4402,45.9859],[-121.4464,45.9593],[-121.4558,45.9437],[-121.4492,45.9354],[-121.452,45.9103],[-121.4265,45.8985],[-121.5119,45.8988],[-121.508,45.9036],[-121.5155,45.9049],[-121.5174,45.9004],[-121.5375,45.9062],[-121.5369,45.9182],[-121.5291,45.9237],[-121.5329,45.9294],[-121.5604,45.9197],[-121.5654,45.9209],[-121.5651,45.9289],[-121.5855,45.9306],[-121.5994,45.9245],[-121.5776,45.9175],[-121.5802,45.9061],[-121.5753,45.8914],[-121.5836,45.8869],[-121.5857,45.8777],[-121.5928,45.8771],[-121.5972,45.863],[-121.5753,45.8451],[-121.5843,45.8354],[-121.6069,45.8389],[-121.6086,45.8704],[-121.6125,45.8704],[-121.6126,45.8989]]]}},{"type":"Feature","properties":{"zipCode":"98662"},"geometry":{"type":"Polygon","coordinates":[[[-122.6005,45.6875],[-122.5993,45.695],[-122.5943,45.6969],[-122.5971,45.7077],[-122.589,45.7077],[-122.589,45.715],[-122.5977,45.715],[-122.5996,45.7477],[-122.5867,45.7478],[-122.5841,45.744],[-122.5843,45.7331],[-122.5893,45.7297],[-122.5761,45.7296],[-122.5681,45.7224],[-122.5525,45.7253],[-122.5517,45.7099],[-122.5468,45.71],[-122.5527,45.708],[-122.5528,45.7042],[-122.5476,45.7044],[-122.5481,45.6958],[-122.5528,45.6961],[-122.5525,45.6699],[-122.5488,45.6682],[-122.5705,45.6568],[-122.5631,45.6421],[-122.5812,45.6395],[-122.5812,45.635],[-122.5856,45.6348],[-122.582,45.6396],[-122.5955,45.6405],[-122.5976,45.6489],[-122.5867,45.6532],[-122.5992,45.6518],[-122.5955,45.656],[-122.5994,45.6577],[-122.5994,45.6822],[-122.5942,45.6834],[-122.6008,45.6873],[-122.6005,45.6875]]]}},{"type":"Feature","properties":{"zipCode":"98832"},"geometry":{"type":"Polygon","coordinates":[[[-119.2129,47.3938],[-119.1921,47.3932],[-119.1916,47.4025],[-119.1743,47.4055],[-119.1706,47.4161],[-119.1626,47.42],[-119.1328,47.4183],[-119.1324,47.4228],[-119.1129,47.4095],[-119.1012,47.4081],[-119.0638,47.4144],[-119.0,47.4096],[-119.0001,47.4148],[-118.9787,47.4149],[-118.9779,47.461],[-118.9851,47.4661],[-118.9778,47.4766],[-118.9778,47.5239],[-118.9569,47.5241],[-118.9572,47.5459],[-118.9142,47.5456],[-118.9136,47.5237],[-118.8385,47.5228],[-118.8362,47.5175],[-118.8113,47.5193],[-118.8041,47.5129],[-118.8418,47.5047],[-118.858,47.4937],[-118.8384,47.4938],[-118.839,47.4793],[-118.8494,47.4793],[-118.8496,47.4355],[-118.9353,47.4365],[-118.9353,47.4216],[-118.8926,47.4213],[-118.8938,47.3637],[-118.914,47.3633],[-118.9789,47.3826],[-118.9799,47.2034],[-118.9589,47.2019],[-118.9586,47.1875],[-118.9595,47.1731],[-118.9808,47.1741],[-118.9812,47.1158],[-119.0447,47.1155],[-119.0445,47.1594],[-119.0867,47.1595],[-119.0867,47.174],[-119.0654,47.174],[-119.0656,47.2031],[-119.0604,47.2031],[-119.0654,47.2032],[-119.0651,47.262],[-119.1491,47.2628],[-119.1494,47.3352],[-119.2129,47.3363],[-119.2129,47.3938]]]}},{"type":"Feature","properties":{"zipCode":"99131"},"geometry":{"type":"Polygon","coordinates":[[[-118.183,48.3749],[-118.1669,48.3747],[-118.1469,48.3068],[-118.1046,48.3124],[-118.115,48.3126],[-118.1064,48.3226],[-118.1015,48.3251],[-118.0948,48.3197],[-118.0831,48.3283],[-118.0466,48.3059],[-118.0555,48.2826],[-118.0729,48.2815],[-118.0727,48.267],[-118.0847,48.2671],[-118.0849,48.2506],[-118.1277,48.2506],[-118.128,48.2434],[-118.1413,48.2401],[-118.1447,48.2301],[-118.141,48.2215],[-118.1496,48.2212],[-118.1577,48.2282],[-118.143,48.2434],[-118.1493,48.2434],[-118.14,48.2683],[-118.1563,48.2987],[-118.1756,48.3195],[-118.1816,48.3718],[-118.183,48.3749]]]}},{"type":"Feature","properties":{"zipCode":"99031"},"geometry":{"type":"Polygon","coordinates":[[[-117.467,47.405],[-117.4563,47.4092],[-117.4556,47.4593],[-117.4399,47.4558],[-117.4401,47.4914],[-117.4166,47.4764],[-117.4221,47.4854],[-117.4113,47.4855],[-117.4114,47.4926],[-117.4008,47.4976],[-117.4074,47.5012],[-117.4031,47.5103],[-117.4158,47.5146],[-117.4002,47.5146],[-117.3939,47.5213],[-117.3969,47.5275],[-117.3923,47.5217],[-117.371,47.526],[-117.3684,47.4779],[-117.3254,47.4782],[-117.3293,47.4889],[-117.3251,47.4878],[-117.3118,47.4751],[-117.3134,47.4655],[-117.2917,47.4577],[-117.2844,47.447],[-117.2696,47.4397],[-117.2738,47.431],[-117.2616,47.4281],[-117.2742,47.4213],[-117.2618,47.4205],[-117.2719,47.4143],[-117.264,47.4085],[-117.2671,47.3975],[-117.2517,47.4023],[-117.2527,47.394],[-117.2398,47.3887],[-117.2508,47.383],[-117.2512,47.3664],[-117.2518,47.3747],[-117.2545,47.3691],[-117.2599,47.3691],[-117.26,47.3618],[-117.2457,47.3619],[-117.2444,47.357],[-117.2563,47.3536],[-117.2465,47.3512],[-117.2621,47.3526],[-117.2814,47.3619],[-117.2813,47.391],[-117.2921,47.3909],[-117.2894,47.3473],[-117.305,47.3473],[-117.3053,47.318],[-117.3241,47.3253],[-117.3262,47.3314],[-117.3438,47.3255],[-117.3373,47.3618],[-117.366,47.3618],[-117.3825,47.3752],[-117.3926,47.3763],[-117.4352,47.3762],[-117.435,47.3659],[-117.4454,47.3658],[-117.4564,47.3688],[-117.4564,47.376],[-117.451,47.3761],[-117.4561,47.3906],[-117.4671,47.3907],[-117.467,47.405]]]}},{"type":"Feature","properties":{"zipCode":"98613"},"geometry":{"type":"Polygon","coordinates":[[[-121.0982,45.8235],[-121.0517,45.8252],[-121.0516,45.8403],[-121.0456,45.8426],[-121.0313,45.8368],[-121.0147,45.8371],[-120.9929,45.8164],[-120.982,45.8143],[-120.9512,45.8157],[-120.9428,45.8096],[-120.9055,45.8163],[-120.9094,45.8134],[-120.9058,45.7957],[-120.8848,45.7972],[-120.8849,45.755],[-120.8442,45.7589],[-120.8439,45.7375],[-120.823,45.746],[-120.8228,45.7078],[-120.8437,45.7078],[-120.8438,45.7042],[-120.8582,45.7007],[-120.8748,45.7009],[-120.8748,45.7075],[-120.885,45.7083],[-120.8856,45.6868],[-120.8959,45.687],[-120.8957,45.6938],[-121.0049,45.6948],[-121.0227,45.6933],[-121.044,45.6769],[-121.0516,45.677],[-121.0517,45.6948],[-121.0723,45.6948],[-121.0724,45.7064],[-121.0546,45.7186],[-121.0874,45.7237],[-121.0876,45.7383],[-121.0732,45.7527],[-121.0719,45.8106],[-121.0946,45.8105],[-121.0963,45.8154],[-121.0918,45.8187],[-121.0981,45.8228],[-121.0982,45.8235]]]}},{"type":"Feature","properties":{"zipCode":"98266"},"geometry":{"type":"Polygon","coordinates":[[[-122.2222,48.9125],[-122.2177,48.9157],[-122.2209,48.9208],[-122.1768,48.9206],[-122.1762,48.9427],[-122.1597,48.9427],[-122.161,48.9717],[-122.1339,48.9779],[-122.1374,48.9838],[-122.1319,48.9836],[-122.1283,49.0022],[-121.9495,49.0001],[-121.9497,48.9924],[-121.9537,48.9919],[-121.9545,48.9315],[-121.9658,48.9232],[-121.9605,48.9204],[-121.9728,48.9162],[-121.961,48.9058],[-121.9636,48.8985],[-121.9895,48.9057],[-121.9938,48.9129],[-121.9793,48.9196],[-122.0001,48.9204],[-121.9998,48.9277],[-121.9942,48.9275],[-121.9941,48.9312],[-121.9997,48.9344],[-122.0439,48.935],[-122.0581,48.9448],[-122.0678,48.9324],[-122.0778,48.9286],[-122.0728,48.9215],[-122.0556,48.9211],[-122.0403,48.9278],[-122.0821,48.9084],[-122.0947,48.9096],[-122.0886,48.9132],[-122.0886,48.9234],[-122.0971,48.9203],[-122.0958,48.9325],[-122.1148,48.9425],[-122.1348,48.9426],[-122.1377,48.9317],[-122.1322,48.9317],[-122.1301,48.9234],[-122.139,48.9245],[-122.1321,48.9174],[-122.1459,48.9153],[-122.1412,48.9062],[-122.2224,48.9056],[-122.2222,48.9125]]]}},{"type":"Feature","properties":{"zipCode":"98119"},"geometry":{"type":"Polygon","coordinates":[[[-122.3854,47.6335],[-122.3791,47.6334],[-122.3821,47.6579],[-122.3762,47.6594],[-122.3566,47.6504],[-122.3574,47.6186],[-122.3837,47.6263],[-122.3853,47.6329],[-122.3854,47.6335]]]}},{"type":"Feature","properties":{"zipCode":"98058"},"geometry":{"type":"Polygon","coordinates":[[[-122.1856,47.4727],[-122.1757,47.4741],[-122.1801,47.4778],[-122.1642,47.4777],[-122.1535,47.474],[-122.1594,47.4694],[-122.1426,47.4661],[-122.145,47.472],[-122.0743,47.4661],[-122.0742,47.4553],[-122.069,47.4541],[-122.077,47.454],[-122.0783,47.4417],[-122.0612,47.431],[-122.082,47.4186],[-122.0749,47.3978],[-122.0833,47.3908],[-122.091,47.3915],[-122.0936,47.4015],[-122.1015,47.4015],[-122.1015,47.4087],[-122.112,47.4086],[-122.1166,47.4014],[-122.1238,47.4014],[-122.1293,47.4126],[-122.1366,47.4136],[-122.1262,47.4157],[-122.1331,47.4233],[-122.131,47.4326],[-122.1373,47.4372],[-122.1438,47.4366],[-122.144,47.4245],[-122.1623,47.4233],[-122.1629,47.4188],[-122.1724,47.4231],[-122.1758,47.4303],[-122.1865,47.4302],[-122.1836,47.4686],[-122.1889,47.4718],[-122.1856,47.4727]]]}},{"type":"Feature","properties":{"zipCode":"98661"},"geometry":{"type":"Polygon","coordinates":[[[-122.6751,45.6181],[-122.6648,45.6316],[-122.6526,45.6284],[-122.6502,45.6323],[-122.663,45.6346],[-122.6617,45.6387],[-122.6472,45.6421],[-122.6373,45.6506],[-122.6365,45.6716],[-122.623,45.6787],[-122.5994,45.6788],[-122.5994,45.6577],[-122.5955,45.656],[-122.5992,45.6518],[-122.5867,45.6532],[-122.5991,45.6457],[-122.5917,45.6339],[-122.601,45.6324],[-122.6015,45.6108],[-122.6439,45.6097],[-122.675,45.618],[-122.6751,45.6181]]]}},{"type":"Feature","properties":{"zipCode":"98932"},"geometry":{"type":"Polygon","coordinates":[[[-120.2276,46.3558],[-120.2214,46.3585],[-120.2228,46.3714],[-120.209,46.3714],[-120.2041,46.3788],[-120.1865,46.3789],[-120.1936,46.3848],[-120.1896,46.3877],[-120.1992,46.3891],[-120.1992,46.4041],[-120.1359,46.4043],[-120.1359,46.3825],[-120.1255,46.3824],[-120.1255,46.375],[-120.1446,46.3752],[-120.1437,46.368],[-120.138,46.368],[-120.1463,46.3608],[-120.1491,46.3464],[-120.1256,46.3461],[-120.1323,46.3386],[-120.1255,46.335],[-120.1254,46.3247],[-120.1136,46.317],[-120.1477,46.3193],[-120.1447,46.313],[-120.1335,46.3129],[-120.1235,46.298],[-120.1138,46.2958],[-120.1133,46.3016],[-120.1047,46.2924],[-120.0986,46.2971],[-120.0945,46.2947],[-120.0981,46.2913],[-120.0922,46.289],[-120.0929,46.2815],[-120.0881,46.2776],[-120.0938,46.2717],[-120.0911,46.2664],[-120.102,46.2653],[-120.0968,46.2604],[-120.099,46.2564],[-120.1068,46.2661],[-120.1115,46.2639],[-120.1067,46.259],[-120.1261,46.2594],[-120.1261,46.255],[-120.225,46.3208],[-120.1998,46.3311],[-120.1976,46.3377],[-120.2024,46.3446],[-120.2273,46.3551],[-120.2276,46.3558]]]}},{"type":"Feature","properties":{"zipCode":"98589"},"geometry":{"type":"Polygon","coordinates":[[[-122.9757,46.8548],[-122.961,46.8966],[-122.9472,46.8962],[-122.9402,46.89],[-122.9183,46.8897],[-122.9303,46.8979],[-122.8772,46.8974],[-122.8611,46.9017],[-122.8598,46.908],[-122.858,46.9027],[-122.8052,46.9217],[-122.7423,46.8932],[-122.7392,46.8879],[-122.752,46.8796],[-122.7303,46.8729],[-122.7387,46.868],[-122.7224,46.8583],[-122.7234,46.8508],[-122.698,46.8506],[-122.6993,46.7831],[-122.6868,46.7825],[-122.6762,46.7708],[-122.6841,46.7709],[-122.6843,46.7637],[-122.7883,46.7636],[-122.7812,46.7685],[-122.8246,46.7748],[-122.8269,46.7828],[-122.8384,46.7876],[-122.8449,46.7946],[-122.8459,46.8052],[-122.8548,46.8115],[-122.8646,46.8044],[-122.8621,46.8195],[-122.9081,46.8143],[-122.9082,46.8071],[-122.9196,46.8063],[-122.9501,46.8221],[-122.9599,46.8222],[-122.9653,46.8291],[-122.9659,46.8512],[-122.9778,46.8512],[-122.9757,46.8548]]]}},{"type":"Feature","properties":{"zipCode":"99027"},"geometry":{"type":"Polygon","coordinates":[[[-117.1755,47.7439],[-117.1554,47.7434],[-117.1557,47.7575],[-117.1332,47.7582],[-117.1332,47.751],[-117.1223,47.7508],[-117.1223,47.747],[-117.1331,47.7445],[-117.1344,47.732],[-117.1226,47.7293],[-117.1227,47.715],[-117.1103,47.7149],[-117.1092,47.7097],[-117.1016,47.7219],[-117.0917,47.726],[-117.0927,47.714],[-117.0802,47.7192],[-117.0797,47.713],[-117.0689,47.7131],[-117.0689,47.7003],[-117.0596,47.6967],[-117.0553,47.7003],[-117.0852,47.6826],[-117.1038,47.6849],[-117.1189,47.6779],[-117.1381,47.6817],[-117.1539,47.6783],[-117.1639,47.6841],[-117.1753,47.6788],[-117.1752,47.6827],[-117.1544,47.6865],[-117.155,47.6992],[-117.1754,47.6963],[-117.1635,47.6981],[-117.1632,47.7149],[-117.1754,47.715],[-117.1755,47.7439]]]}},{"type":"Feature","properties":{"zipCode":"98260"},"geometry":{"type":"Polygon","coordinates":[[[-122.5254,48.0965],[-122.4918,48.0971],[-122.4451,48.0517],[-122.4034,48.0367],[-122.3763,48.0345],[-122.3716,48.0003],[-122.3641,47.9913],[-122.3674,47.9897],[-122.3734,47.9993],[-122.3949,47.9895],[-122.4026,47.9972],[-122.4221,47.9963],[-122.4195,47.9871],[-122.4265,47.9837],[-122.4455,47.9859],[-122.4451,47.9964],[-122.4617,47.9993],[-122.4725,47.9997],[-122.4731,47.9924],[-122.4811,47.9914],[-122.4861,47.9959],[-122.506,47.9931],[-122.5033,47.9971],[-122.5073,48.0008],[-122.5016,48.0075],[-122.5071,48.0089],[-122.5069,48.0251],[-122.488,48.0222],[-122.4882,48.026],[-122.4786,48.0257],[-122.4912,48.0327],[-122.4862,48.0373],[-122.4966,48.0371],[-122.4964,48.0427],[-122.4861,48.0429],[-122.4908,48.0586],[-122.5054,48.0586],[-122.504,48.0659],[-122.5133,48.0687],[-122.5111,48.0753],[-122.5227,48.0898],[-122.5254,48.0965]]]}},{"type":"Feature","properties":{"zipCode":"98576"},"geometry":{"type":"Polygon","coordinates":[[[-122.802,46.9434],[-122.7987,46.9489],[-122.7795,46.9514],[-122.767,46.9425],[-122.7665,46.9523],[-122.6965,46.9524],[-122.6964,46.9378],[-122.6542,46.938],[-122.654,46.9126],[-122.6432,46.912],[-122.6542,46.9036],[-122.6444,46.9045],[-122.6446,46.8948],[-122.6555,46.8942],[-122.6553,46.867],[-122.6502,46.8615],[-122.6346,46.8578],[-122.6348,46.8505],[-122.6208,46.8454],[-122.5972,46.8456],[-122.5554,46.8314],[-122.5509,46.8336],[-122.5512,46.8215],[-122.5294,46.8214],[-122.5216,46.812],[-122.5026,46.8078],[-122.474,46.7953],[-122.4756,46.7922],[-122.4674,46.7927],[-122.4694,46.7774],[-122.5055,46.7677],[-122.5096,46.7627],[-122.6843,46.7637],[-122.6841,46.7709],[-122.6762,46.7708],[-122.6812,46.7778],[-122.6993,46.7831],[-122.698,46.8506],[-122.7234,46.8508],[-122.7224,46.8583],[-122.7387,46.868],[-122.7303,46.8729],[-122.752,46.8796],[-122.7392,46.8879],[-122.7423,46.8932],[-122.7915,46.9155],[-122.7915,46.938],[-122.8021,46.9381],[-122.802,46.9434]]]}},{"type":"Feature","properties":{"zipCode":"99217"},"geometry":{"type":"Polygon","coordinates":[[[-117.3954,47.744],[-117.3899,47.7475],[-117.3953,47.7475],[-117.3952,47.7511],[-117.3822,47.7526],[-117.3599,47.7524],[-117.3608,47.7473],[-117.3559,47.7586],[-117.3505,47.7593],[-117.3038,47.7548],[-117.3039,47.7658],[-117.2938,47.7658],[-117.2937,47.7585],[-117.2616,47.7584],[-117.2589,47.7439],[-117.2402,47.744],[-117.2402,47.7512],[-117.2455,47.7512],[-117.2454,47.7548],[-117.2186,47.7548],[-117.2186,47.7583],[-117.2293,47.7584],[-117.2293,47.7657],[-117.2347,47.7657],[-117.2344,47.7875],[-117.2406,47.7875],[-117.2406,47.7921],[-117.2269,47.8014],[-117.2076,47.8058],[-117.1916,47.8019],[-117.1915,47.8092],[-117.1724,47.8091],[-117.1724,47.802],[-117.1542,47.8017],[-117.1546,47.7691],[-117.1263,47.776],[-117.1245,47.7689],[-117.1313,47.7712],[-117.1332,47.7582],[-117.1557,47.7575],[-117.1554,47.7434],[-117.1755,47.7439],[-117.1754,47.715],[-117.1855,47.715],[-117.1859,47.7077],[-117.197,47.7094],[-117.2004,47.7166],[-117.24,47.7112],[-117.24,47.7004],[-117.2507,47.7004],[-117.2506,47.6957],[-117.2721,47.6976],[-117.2708,47.7039],[-117.2939,47.7078],[-117.3009,47.7137],[-117.3073,47.7075],[-117.3041,47.6944],[-117.3544,47.6718],[-117.3638,47.6728],[-117.3648,47.7005],[-117.3762,47.7001],[-117.3761,47.7082],[-117.3633,47.7077],[-117.3629,47.7149],[-117.3933,47.715],[-117.3904,47.7273],[-117.3792,47.7294],[-117.3792,47.7367],[-117.3953,47.7368],[-117.3954,47.7402],[-117.3954,47.744]]]}},{"type":"Feature","properties":{"zipCode":"98134"},"geometry":{"type":"Polygon","coordinates":[[[-122.36,47.5852],[-122.3361,47.5903],[-122.3342,47.5963],[-122.3333,47.5924],[-122.329,47.5965],[-122.3166,47.5943],[-122.321,47.564],[-122.3241,47.5714],[-122.3283,47.5681],[-122.322,47.5549],[-122.3295,47.5589],[-122.3382,47.5499],[-122.3381,47.5557],[-122.3451,47.5592],[-122.3454,47.5708],[-122.3594,47.5746],[-122.36,47.5852]]]}},{"type":"Feature","properties":{"zipCode":"99323"},"geometry":{"type":"Polygon","coordinates":[[[-119.0399,46.1963],[-119.0235,46.2166],[-118.9765,46.2376],[-118.8635,46.2514],[-118.8271,46.2834],[-118.8068,46.2899],[-118.7772,46.2902],[-118.7621,46.2979],[-118.7763,46.2886],[-118.7627,46.2692],[-118.7524,46.2691],[-118.7524,46.2545],[-118.7439,46.2543],[-118.7418,46.24],[-118.6792,46.2385],[-118.6794,46.1874],[-118.7215,46.1808],[-118.722,46.1375],[-118.7881,46.1383],[-118.803,46.1269],[-118.8125,46.0865],[-118.8096,46.0755],[-118.7992,46.0749],[-118.8084,46.0719],[-118.8428,46.0753],[-118.8665,46.0689],[-118.8518,46.0802],[-118.8608,46.0953],[-118.9139,46.0952],[-118.9249,46.1043],[-118.9228,46.1091],[-118.9333,46.1246],[-118.9667,46.1249],[-118.9741,46.1388],[-118.9966,46.1608],[-119.0415,46.1927],[-119.0399,46.1963]]]}},{"type":"Feature","properties":{"zipCode":"98619"},"geometry":{"type":"Polygon","coordinates":[[[-121.4542,45.945],[-121.4402,45.9859],[-121.4165,46.0128],[-121.4255,46.0444],[-121.0313,46.0428],[-121.0309,46.0361],[-121.0107,46.043],[-121.0346,46.0277],[-121.0724,46.0166],[-121.0863,46.0172],[-121.0926,46.0078],[-121.1251,45.9924],[-121.1166,45.9928],[-121.1262,45.9877],[-121.124,45.9763],[-121.1112,45.9777],[-121.1037,45.9746],[-121.1003,45.9665],[-121.1103,45.9394],[-121.1165,45.9358],[-121.1265,45.9417],[-121.1308,45.9336],[-121.1276,45.9274],[-121.1141,45.9223],[-121.0888,45.9272],[-121.0895,45.9156],[-121.0999,45.9017],[-121.1091,45.898],[-121.1647,45.9015],[-121.1762,45.8984],[-121.196,45.9041],[-121.1955,45.913],[-121.2263,45.9074],[-121.2267,45.9169],[-121.2334,45.9213],[-121.2691,45.9243],[-121.2595,45.9421],[-121.282,45.9498],[-121.3124,45.9229],[-121.326,45.9253],[-121.372,45.8975],[-121.4006,45.8861],[-121.452,45.9103],[-121.4492,45.9354],[-121.4558,45.9437],[-121.4542,45.945]]]}},{"type":"Feature","properties":{"zipCode":"98612"},"geometry":{"type":"Polygon","coordinates":[[[-123.441,46.2778],[-123.427,46.2793],[-123.4273,46.2724],[-123.4227,46.2729],[-123.4228,46.2793],[-123.3798,46.2783],[-123.3797,46.2922],[-123.3178,46.2921],[-123.3199,46.3423],[-123.2585,46.3204],[-123.2536,46.3274],[-123.2554,46.3348],[-123.2439,46.3432],[-123.2441,46.3501],[-123.2235,46.3586],[-123.2171,46.3559],[-123.2135,46.186],[-123.2209,46.186],[-123.2237,46.178],[-123.2236,46.1735],[-123.2133,46.1761],[-123.2131,46.1725],[-123.2802,46.1448],[-123.3714,46.1464],[-123.431,46.1816],[-123.4276,46.2293],[-123.4363,46.2382],[-123.4223,46.2392],[-123.4229,46.2665],[-123.4407,46.2688],[-123.441,46.2778]]]}},{"type":"Feature","properties":{"zipCode":"98583"},"geometry":{"type":"Polygon","coordinates":[[[-123.495,47.0013],[-123.4816,47.0027],[-123.4816,46.9995],[-123.4933,46.9998],[-123.495,47.0013]]]}},{"type":"Feature","properties":{"zipCode":"98261"},"geometry":{"type":"Polygon","coordinates":[[[-122.9457,48.4778],[-122.932,48.5175],[-122.9161,48.523],[-122.922,48.5389],[-122.9203,48.5507],[-122.9058,48.5502],[-122.8909,48.5582],[-122.8901,48.5691],[-122.8847,48.5732],[-122.883,48.5552],[-122.8721,48.5541],[-122.8723,48.5629],[-122.865,48.5614],[-122.8646,48.5554],[-122.8737,48.5447],[-122.8524,48.5378],[-122.8447,48.543],[-122.8418,48.54],[-122.8443,48.5337],[-122.8592,48.5327],[-122.8664,48.5113],[-122.8733,48.506],[-122.8709,48.4989],[-122.8507,48.4817],[-122.8595,48.4601],[-122.8436,48.4611],[-122.8493,48.4472],[-122.8369,48.4507],[-122.8267,48.4607],[-122.834,48.4698],[-122.8337,48.4798],[-122.8183,48.4797],[-122.8132,48.4707],[-122.8186,48.4574],[-122.8001,48.4472],[-122.8077,48.4436],[-122.8077,48.4366],[-122.8141,48.4308],[-122.8016,48.4332],[-122.8021,48.4262],[-122.8126,48.421],[-122.8276,48.4225],[-122.839,48.4317],[-122.8433,48.4303],[-122.839,48.4252],[-122.8422,48.4247],[-122.8607,48.4305],[-122.8626,48.4264],[-122.8495,48.4231],[-122.8537,48.4198],[-122.8842,48.4186],[-122.8953,48.421],[-122.8887,48.4278],[-122.8771,48.4287],[-122.8888,48.437],[-122.8773,48.4391],[-122.8716,48.4322],[-122.8621,48.4396],[-122.8642,48.4423],[-122.9044,48.4462],[-122.9044,48.4398],[-122.9262,48.437],[-122.9308,48.4427],[-122.9196,48.4429],[-122.9175,48.456],[-122.9263,48.4606],[-122.9346,48.4549],[-122.9443,48.4579],[-122.9417,48.4707],[-122.9457,48.4759],[-122.9457,48.4778]]]}},{"type":"Feature","properties":{"zipCode":"98256"},"geometry":{"type":"Polygon","coordinates":[[[-121.5847,47.8164],[-121.5757,47.8313],[-121.5565,47.8368],[-121.542,47.8313],[-121.5291,47.8372],[-121.5259,47.8419],[-121.5306,47.8497],[-121.5133,47.8451],[-121.4989,47.8595],[-121.5118,47.8496],[-121.5059,47.8412],[-121.5016,47.8561],[-121.4721,47.8696],[-121.4362,47.8968],[-121.4072,47.898],[-121.3704,47.889],[-121.339,47.8871],[-121.3502,47.8628],[-121.3127,47.8667],[-121.3065,47.8615],[-121.2927,47.8012],[-121.2962,47.7929],[-121.2473,47.7795],[-121.4925,47.7779],[-121.5124,47.7929],[-121.5172,47.8028],[-121.5659,47.8035],[-121.5733,47.8109],[-121.5707,47.8134],[-121.5847,47.8143],[-121.5847,47.8164]]]}},{"type":"Feature","properties":{"zipCode":"98946"},"geometry":{"type":"Polygon","coordinates":[[[-120.897,47.0649],[-120.8848,47.0729],[-120.8744,47.0912],[-120.872,47.0884],[-120.852,47.103],[-120.861,47.1137],[-120.8845,47.1138],[-120.8607,47.1142],[-120.8478,47.1014],[-120.8177,47.0891],[-120.7503,47.0867],[-120.7592,47.0948],[-120.7552,47.0994],[-120.7624,47.1192],[-120.7274,47.1248],[-120.7269,47.1153],[-120.7173,47.1144],[-120.7203,47.1038],[-120.6921,47.0986],[-120.6864,47.0822],[-120.661,47.0729],[-120.6505,47.054],[-120.6451,47.0526],[-120.6451,47.0467],[-120.6663,47.0545],[-120.6658,47.0433],[-120.6925,47.0433],[-120.6952,47.0412],[-120.6877,47.0387],[-120.6989,47.0268],[-120.6939,47.0159],[-120.7223,47.013],[-120.7593,47.0214],[-120.7737,47.0337],[-120.7863,47.033],[-120.8093,47.0411],[-120.8769,47.0411],[-120.8714,47.0505],[-120.8829,47.0612],[-120.8967,47.0634],[-120.897,47.0649]]]}},{"type":"Feature","properties":{"zipCode":"98591"},"geometry":{"type":"Polygon","coordinates":[[[-122.9338,46.4045],[-122.9253,46.4152],[-122.9063,46.4218],[-122.8876,46.4457],[-122.8831,46.4756],[-122.8635,46.4703],[-122.8614,46.4865],[-122.844,46.4967],[-122.8297,46.4988],[-122.8043,46.5174],[-122.7785,46.5177],[-122.7786,46.5141],[-122.7668,46.5104],[-122.7668,46.5142],[-122.7544,46.5177],[-122.7356,46.5177],[-122.737,46.5031],[-122.7097,46.5072],[-122.7062,46.4893],[-122.6879,46.499],[-122.6817,46.4949],[-122.6788,46.4998],[-122.6837,46.5056],[-122.6783,46.5098],[-122.6644,46.4984],[-122.6501,46.4951],[-122.6446,46.4965],[-122.6431,46.5149],[-122.6276,46.508],[-122.6157,46.5099],[-122.6158,46.4607],[-122.5939,46.4599],[-122.5938,46.431],[-122.5822,46.4312],[-122.5864,46.4265],[-122.5829,46.4204],[-122.5893,46.4155],[-122.5799,46.4169],[-122.5764,46.4078],[-122.5818,46.4053],[-122.5801,46.3878],[-122.9322,46.3874],[-122.9336,46.398],[-122.9338,46.4045]]]}},{"type":"Feature","properties":{"zipCode":"98034"},"geometry":{"type":"Polygon","coordinates":[[[-122.2735,47.7266],[-122.2506,47.7255],[-122.2404,47.7334],[-122.1952,47.733],[-122.1869,47.7429],[-122.1756,47.7339],[-122.1638,47.734],[-122.156,47.724],[-122.1495,47.7257],[-122.154,47.7114],[-122.163,47.7115],[-122.1644,47.7041],[-122.2104,47.704],[-122.2353,47.6885],[-122.2511,47.6936],[-122.2607,47.7023],[-122.2735,47.7265],[-122.2735,47.7266]]]}},{"type":"Feature","properties":{"zipCode":"98367"},"geometry":{"type":"Polygon","coordinates":[[[-122.8012,47.4326],[-122.8007,47.4696],[-122.7957,47.47],[-122.7987,47.472],[-122.7897,47.4742],[-122.7922,47.4764],[-122.7812,47.484],[-122.7777,47.4768],[-122.7514,47.4767],[-122.7515,47.4826],[-122.7659,47.4849],[-122.7551,47.4968],[-122.7547,47.4854],[-122.7463,47.4949],[-122.741,47.4949],[-122.7362,47.5068],[-122.7422,47.5115],[-122.7204,47.5238],[-122.696,47.5247],[-122.695,47.5123],[-122.6791,47.5123],[-122.6789,47.5169],[-122.6834,47.5169],[-122.6789,47.5253],[-122.6841,47.5271],[-122.6649,47.5285],[-122.6456,47.5012],[-122.642,47.5047],[-122.6248,47.5013],[-122.6245,47.5049],[-122.6054,47.5048],[-122.6054,47.4966],[-122.6017,47.4967],[-122.6001,47.5049],[-122.5669,47.5053],[-122.5618,47.4998],[-122.5618,47.5053],[-122.5027,47.5049],[-122.5209,47.4776],[-122.5323,47.4692],[-122.5309,47.4626],[-122.5512,47.4652],[-122.5621,47.4616],[-122.5661,47.4657],[-122.5758,47.4616],[-122.5781,47.4471],[-122.589,47.447],[-122.5891,47.4389],[-122.5944,47.4389],[-122.5962,47.447],[-122.6219,47.4469],[-122.6247,47.4035],[-122.6425,47.4032],[-122.6425,47.4106],[-122.6528,47.4121],[-122.6531,47.4031],[-122.8012,47.4036],[-122.8012,47.4292],[-122.8012,47.4326]]]}},{"type":"Feature","properties":{"zipCode":"98837"},"geometry":{"type":"Polygon","coordinates":[[[-119.6211,47.0586],[-119.6198,47.1038],[-119.5665,47.104],[-119.5662,47.133],[-119.5556,47.133],[-119.5555,47.1405],[-119.5341,47.1405],[-119.5337,47.1626],[-119.5122,47.1627],[-119.4951,47.1922],[-119.4906,47.1922],[-119.4908,47.1775],[-119.4616,47.1771],[-119.4838,47.2088],[-119.3682,47.376],[-119.3585,47.3561],[-119.3429,47.351],[-119.3304,47.3386],[-119.3305,47.3698],[-119.3103,47.3574],[-119.3092,47.3524],[-119.2985,47.3522],[-119.2984,47.3812],[-119.2558,47.3807],[-119.2557,47.395],[-119.2129,47.3938],[-119.2129,47.3363],[-119.1494,47.3352],[-119.1491,47.2628],[-119.0651,47.262],[-119.0654,47.2032],[-119.0604,47.2031],[-119.0656,47.2031],[-119.0654,47.174],[-119.0867,47.174],[-119.0867,47.1595],[-119.0445,47.1594],[-119.0448,47.0977],[-119.0573,47.1024],[-119.0653,47.0938],[-119.0738,47.0958],[-119.0819,47.0908],[-119.0822,47.0494],[-119.1007,47.0391],[-119.1108,47.0427],[-119.1161,47.0298],[-119.137,47.0224],[-119.1301,47.0208],[-119.1373,47.0173],[-119.135,47.012],[-119.1494,47.0085],[-119.1482,47.001],[-119.1666,46.9906],[-119.1882,46.9946],[-119.209,46.9886],[-119.2482,46.9861],[-119.4006,46.9817],[-119.4694,46.9646],[-119.4929,46.9667],[-119.5119,46.9608],[-119.5418,46.961],[-119.5576,46.963],[-119.5576,47.0012],[-119.6209,47.0014],[-119.6218,47.0458],[-119.6211,47.0586]]]}},{"type":"Feature","properties":{"zipCode":"98930"},"geometry":{"type":"Polygon","coordinates":[[[-119.9993,46.2655],[-119.989,46.2657],[-119.9889,46.273],[-119.9837,46.273],[-119.9835,46.2877],[-119.959,46.2963],[-119.946,46.2879],[-119.9364,46.2874],[-119.9364,46.2959],[-119.926,46.2954],[-119.9307,46.2968],[-119.9263,46.3019],[-119.8736,46.3022],[-119.8735,46.3314],[-119.8541,46.3322],[-119.8104,46.3311],[-119.8106,46.2731],[-119.8215,46.2731],[-119.8212,46.2854],[-119.8315,46.2876],[-119.8312,46.2583],[-119.8415,46.2584],[-119.8522,46.2511],[-119.8525,46.2146],[-119.877,46.2146],[-119.877,46.202],[-119.8667,46.1954],[-119.8915,46.2124],[-119.9621,46.2274],[-119.9787,46.2374],[-119.9788,46.2547],[-119.9994,46.2583],[-119.9993,46.2655]]]}},{"type":"Feature","properties":{"zipCode":"98115"},"geometry":{"type":"Polygon","coordinates":[[[-122.33,47.7014],[-122.2623,47.7043],[-122.2328,47.6841],[-122.2319,47.6638],[-122.2515,47.6734],[-122.2926,47.6703],[-122.3119,47.674],[-122.3228,47.6693],[-122.3296,47.6759],[-122.3257,47.6798],[-122.3296,47.6826],[-122.3302,47.7014],[-122.33,47.7014]]]}},{"type":"Feature","properties":{"zipCode":"98117"},"geometry":{"type":"Polygon","coordinates":[[[-122.4097,47.6762],[-122.4034,47.6977],[-122.3905,47.7027],[-122.3574,47.701],[-122.3569,47.676],[-122.4096,47.6758],[-122.4097,47.6762]]]}},{"type":"Feature","properties":{"zipCode":"98118"},"geometry":{"type":"Polygon","coordinates":[[[-122.2919,47.5298],[-122.292,47.5694],[-122.2612,47.5761],[-122.2476,47.5705],[-122.2409,47.562],[-122.2412,47.552],[-122.2549,47.5338],[-122.2512,47.526],[-122.2403,47.5199],[-122.2484,47.5116],[-122.2752,47.5107],[-122.2754,47.5071],[-122.2913,47.5101],[-122.2934,47.5297],[-122.2919,47.5298]]]}},{"type":"Feature","properties":{"zipCode":"98125"},"geometry":{"type":"Polygon","coordinates":[[[-122.33,47.7217],[-122.3289,47.7341],[-122.2744,47.7337],[-122.2623,47.7043],[-122.3293,47.7014],[-122.33,47.7215],[-122.33,47.7217]]]}},{"type":"Feature","properties":{"zipCode":"98236"},"geometry":{"type":"Polygon","coordinates":[[[-122.4861,47.9933],[-122.4731,47.9924],[-122.4725,47.9997],[-122.4617,47.9993],[-122.4451,47.9964],[-122.4455,47.9859],[-122.4265,47.9837],[-122.4195,47.9871],[-122.4221,47.9963],[-122.4026,47.9972],[-122.3949,47.9895],[-122.3734,47.9993],[-122.3674,47.9897],[-122.3543,47.9845],[-122.3507,47.9532],[-122.3588,47.9374],[-122.3768,47.9237],[-122.3758,47.9103],[-122.3805,47.904],[-122.3973,47.9124],[-122.3954,47.9221],[-122.4047,47.9217],[-122.4124,47.913],[-122.431,47.9147],[-122.4455,47.9302],[-122.4408,47.9518],[-122.4467,47.9632],[-122.4692,47.9868],[-122.4847,47.9916],[-122.4861,47.9933]]]}},{"type":"Feature","properties":{"zipCode":"98239"},"geometry":{"type":"Polygon","coordinates":[[[-122.7699,48.2275],[-122.7562,48.2538],[-122.7311,48.2538],[-122.7298,48.2462],[-122.7141,48.2416],[-122.7197,48.2362],[-122.711,48.2383],[-122.7323,48.2295],[-122.7212,48.2138],[-122.693,48.2222],[-122.6483,48.2269],[-122.6346,48.2198],[-122.6284,48.2225],[-122.6064,48.2083],[-122.6058,48.2017],[-122.5858,48.1824],[-122.581,48.1596],[-122.5731,48.1546],[-122.5804,48.1519],[-122.5707,48.1477],[-122.5697,48.1357],[-122.574,48.1357],[-122.5738,48.1303],[-122.5674,48.12],[-122.5717,48.12],[-122.5717,48.113],[-122.5772,48.1128],[-122.5774,48.1056],[-122.599,48.1091],[-122.6021,48.1352],[-122.6127,48.1559],[-122.6461,48.164],[-122.6796,48.1551],[-122.6931,48.1815],[-122.763,48.2153],[-122.77,48.2244],[-122.7699,48.2275]]]}},{"type":"Feature","properties":{"zipCode":"98249"},"geometry":{"type":"Polygon","coordinates":[[[-122.6039,48.0335],[-122.5936,48.0472],[-122.5974,48.0585],[-122.5934,48.06],[-122.589,48.0507],[-122.5667,48.0581],[-122.5643,48.0364],[-122.5369,48.0377],[-122.5415,48.0177],[-122.5282,48.0161],[-122.518,48.0224],[-122.5097,48.0398],[-122.5178,48.0635],[-122.5103,48.0687],[-122.504,48.0659],[-122.5054,48.0586],[-122.4908,48.0586],[-122.4861,48.0429],[-122.4964,48.0427],[-122.4966,48.0371],[-122.4862,48.0373],[-122.4912,48.0327],[-122.4786,48.0257],[-122.4882,48.026],[-122.488,48.0222],[-122.5069,48.0251],[-122.5071,48.0089],[-122.5016,48.0075],[-122.5073,48.0008],[-122.5033,47.9971],[-122.506,47.9931],[-122.4861,47.9959],[-122.4856,47.9898],[-122.5148,47.9812],[-122.5212,47.973],[-122.5468,47.9672],[-122.5521,47.9736],[-122.5431,47.986],[-122.5429,47.9964],[-122.56,48.0065],[-122.5818,48.0104],[-122.6073,48.031],[-122.6039,48.0335]]]}},{"type":"Feature","properties":{"zipCode":"98133"},"geometry":{"type":"Polygon","coordinates":[[[-122.3696,47.7528],[-122.3571,47.754],[-122.3587,47.7778],[-122.3299,47.7776],[-122.3293,47.7014],[-122.3607,47.7022],[-122.3557,47.745],[-122.3709,47.7509],[-122.3696,47.7528]]]}},{"type":"Feature","properties":{"zipCode":"98144"},"geometry":{"type":"Polygon","coordinates":[[[-122.3193,47.5859],[-122.317,47.6009],[-122.2651,47.6013],[-122.2665,47.5838],[-122.2612,47.5761],[-122.2777,47.57],[-122.32,47.5699],[-122.3201,47.5861],[-122.3193,47.5859]]]}},{"type":"Feature","properties":{"zipCode":"98253"},"geometry":{"type":"Polygon","coordinates":[[[-122.6132,48.0795],[-122.599,48.1091],[-122.5774,48.1056],[-122.5772,48.1128],[-122.5717,48.113],[-122.5717,48.12],[-122.5674,48.12],[-122.5738,48.1303],[-122.574,48.1357],[-122.5697,48.1357],[-122.5707,48.1477],[-122.5804,48.1519],[-122.5731,48.1546],[-122.5577,48.1179],[-122.5719,48.1021],[-122.5546,48.0774],[-122.5463,48.076],[-122.5489,48.0537],[-122.539,48.0502],[-122.5369,48.0377],[-122.5643,48.0364],[-122.5667,48.0581],[-122.589,48.0507],[-122.5934,48.06],[-122.5974,48.0585],[-122.614,48.0728],[-122.6132,48.0795]]]}},{"type":"Feature","properties":{"zipCode":"98257"},"geometry":{"type":"MultiPolygon","coordinates":[[[[-122.5077,48.3615],[-122.5013,48.367],[-122.4927,48.3655],[-122.5005,48.3593],[-122.5079,48.3605],[-122.5077,48.3615]]],[[[-122.5711,48.4197],[-122.5579,48.422],[-122.5478,48.4549],[-122.5279,48.4549],[-122.5278,48.458],[-122.4713,48.4476],[-122.4711,48.4209],[-122.4531,48.4208],[-122.4438,48.4157],[-122.4438,48.4097],[-122.456,48.4068],[-122.4559,48.4028],[-122.4719,48.4046],[-122.4758,48.3945],[-122.4854,48.3921],[-122.4832,48.3862],[-122.4923,48.3778],[-122.4903,48.3717],[-122.4777,48.3695],[-122.4734,48.3633],[-122.4955,48.3741],[-122.5186,48.3702],[-122.523,48.377],[-122.5328,48.375],[-122.5394,48.3972],[-122.5538,48.4064],[-122.5555,48.4201],[-122.5715,48.4188],[-122.5711,48.4197]]]]}},{"type":"Feature","properties":{"zipCode":"98262"},"geometry":{"type":"MultiPolygon","coordinates":[[[[-122.5933,48.6514],[-122.5866,48.6605],[-122.578,48.6472],[-122.5838,48.6452],[-122.5819,48.6481],[-122.5933,48.6512],[-122.5933,48.6514]]],[[[-122.7223,48.7316],[-122.7157,48.7487],[-122.6875,48.7347],[-122.6902,48.7308],[-122.6817,48.7238],[-122.6811,48.7164],[-122.668,48.7087],[-122.6652,48.6974],[-122.6449,48.6914],[-122.6182,48.6707],[-122.6086,48.6404],[-122.6353,48.6518],[-122.6735,48.6808],[-122.6918,48.7115],[-122.7022,48.717],[-122.7188,48.7168],[-122.7202,48.728],[-122.7223,48.7316]]]]}},{"type":"Feature","properties":{"zipCode":"98270"},"geometry":{"type":"Polygon","coordinates":[[[-122.1841,48.0492],[-122.1839,48.0957],[-122.1762,48.0843],[-122.1656,48.0928],[-122.1118,48.0918],[-122.1094,48.0215],[-122.145,48.0218],[-122.1567,48.03],[-122.1554,48.0341],[-122.1732,48.0377],[-122.1841,48.049],[-122.1841,48.0492]]]}},{"type":"Feature","properties":{"zipCode":"98004"},"geometry":{"type":"Polygon","coordinates":[[[-122.2351,47.6502],[-122.2121,47.6575],[-122.2098,47.6499],[-122.2138,47.6427],[-122.1804,47.645],[-122.1856,47.639],[-122.1805,47.6357],[-122.1843,47.6319],[-122.1855,47.6082],[-122.1817,47.6034],[-122.1867,47.602],[-122.1887,47.5937],[-122.1856,47.582],[-122.1991,47.574],[-122.2204,47.5968],[-122.22,47.6165],[-122.228,47.621],[-122.2279,47.6355],[-122.2333,47.6356],[-122.2327,47.6414],[-122.2351,47.6502]]]}},{"type":"Feature","properties":{"zipCode":"98033"},"geometry":{"type":"Polygon","coordinates":[[[-122.2434,47.6895],[-122.2353,47.6885],[-122.2104,47.704],[-122.1644,47.7041],[-122.1646,47.6969],[-122.1593,47.6969],[-122.1539,47.6861],[-122.1648,47.6881],[-122.1603,47.6859],[-122.1644,47.6854],[-122.164,47.6666],[-122.1587,47.6654],[-122.1587,47.6606],[-122.1641,47.6608],[-122.1645,47.6462],[-122.2138,47.6427],[-122.2092,47.6667],[-122.2297,47.6687],[-122.2306,47.6809],[-122.2382,47.6871],[-122.2434,47.6895]]]}},{"type":"Feature","properties":{"zipCode":"98274"},"geometry":{"type":"Polygon","coordinates":[[[-122.3358,48.3703],[-122.3306,48.3993],[-122.335,48.4211],[-122.2696,48.4207],[-122.2643,48.4307],[-122.2287,48.4029],[-122.2203,48.4091],[-122.2124,48.4066],[-122.191,48.3834],[-122.1911,48.428],[-122.0135,48.427],[-122.0091,48.4211],[-121.9959,48.4268],[-121.9646,48.4267],[-121.9648,48.4118],[-121.973,48.4071],[-121.9653,48.4023],[-121.966,48.3247],[-121.9356,48.2975],[-122.304,48.2976],[-122.3219,48.3122],[-122.3362,48.3442],[-122.3358,48.3703]]]}},{"type":"Feature","properties":{"zipCode":"98275"},"geometry":{"type":"Polygon","coordinates":[[[-122.3285,47.8979],[-122.3107,47.9251],[-122.307,47.9491],[-122.2823,47.9495],[-122.2894,47.9414],[-122.2873,47.9288],[-122.2813,47.9236],[-122.2884,47.9239],[-122.2892,47.9203],[-122.2867,47.8929],[-122.2824,47.899],[-122.2763,47.8991],[-122.2787,47.8957],[-122.2727,47.8926],[-122.2839,47.8884],[-122.28,47.8827],[-122.2918,47.874],[-122.2983,47.8751],[-122.303,47.8817],[-122.3196,47.8812],[-122.3188,47.8913],[-122.3278,47.894],[-122.3285,47.8979]]]}},{"type":"Feature","properties":{"zipCode":"98043"},"geometry":{"type":"Polygon","coordinates":[[[-122.3334,47.7857],[-122.3298,47.8006],[-122.3171,47.8067],[-122.2897,47.8082],[-122.2816,47.8041],[-122.2861,47.7992],[-122.2815,47.7988],[-122.2815,47.7936],[-122.2862,47.7918],[-122.2901,47.7773],[-122.3272,47.7777],[-122.3334,47.7853],[-122.3334,47.7857]]]}},{"type":"Feature","properties":{"zipCode":"98047"},"geometry":{"type":"Polygon","coordinates":[[[-122.2634,47.2694],[-122.2605,47.2742],[-122.2464,47.2729],[-122.2465,47.2683],[-122.2304,47.2719],[-122.2295,47.2576],[-122.2402,47.2575],[-122.2464,47.2429],[-122.2548,47.2429],[-122.2634,47.2683],[-122.2634,47.2694]]]}},{"type":"Feature","properties":{"zipCode":"98052"},"geometry":{"type":"Polygon","coordinates":[[[-122.1648,47.6881],[-122.1539,47.6861],[-122.1593,47.6969],[-122.1646,47.6969],[-122.1644,47.7079],[-122.154,47.7114],[-122.1501,47.7329],[-122.1421,47.7286],[-122.1361,47.7336],[-122.1254,47.7219],[-122.1157,47.7218],[-122.1102,47.7254],[-122.1113,47.7327],[-122.1048,47.7326],[-122.0941,47.7184],[-122.0766,47.7163],[-122.0858,47.7103],[-122.084,47.6956],[-122.0875,47.6934],[-122.0873,47.6892],[-122.0803,47.688],[-122.0869,47.6839],[-122.0792,47.6823],[-122.0844,47.6786],[-122.079,47.675],[-122.0822,47.6729],[-122.0793,47.664],[-122.0982,47.6484],[-122.0817,47.6352],[-122.0793,47.6275],[-122.1109,47.6276],[-122.1109,47.6461],[-122.1431,47.6279],[-122.1433,47.6606],[-122.1587,47.6606],[-122.1587,47.6654],[-122.164,47.6666],[-122.1644,47.6854],[-122.1603,47.6859],[-122.1647,47.6875],[-122.1648,47.6881]]]}},{"type":"Feature","properties":{"zipCode":"98158"},"geometry":{"type":"Polygon","coordinates":[[[-122.3204,47.4417],[-122.3194,47.4667],[-122.3072,47.4668],[-122.2922,47.459],[-122.2961,47.4507],[-122.3013,47.4506],[-122.2956,47.4345],[-122.3222,47.4389],[-122.3204,47.4417]]]}},{"type":"Feature","properties":{"zipCode":"98178"},"geometry":{"type":"Polygon","coordinates":[[[-122.2856,47.51],[-122.2754,47.5071],[-122.2752,47.5107],[-122.2489,47.5114],[-122.2403,47.5199],[-122.2254,47.5214],[-122.2163,47.5005],[-122.2276,47.4909],[-122.2228,47.4815],[-122.2456,47.4821],[-122.2537,47.4795],[-122.2516,47.4748],[-122.259,47.4776],[-122.2559,47.4791],[-122.2605,47.4842],[-122.2686,47.483],[-122.2668,47.4891],[-122.2801,47.4902],[-122.2778,47.5013],[-122.2835,47.5069],[-122.2856,47.51]]]}},{"type":"Feature","properties":{"zipCode":"98053"},"geometry":{"type":"Polygon","coordinates":[[[-122.0875,47.6934],[-122.0837,47.7102],[-122.068,47.706],[-122.0678,47.7097],[-122.0569,47.7114],[-122.0564,47.717],[-122.0346,47.7166],[-122.0332,47.7263],[-122.0141,47.7164],[-122.0084,47.7023],[-122.0038,47.7052],[-122.003,47.6973],[-121.9959,47.6876],[-121.9922,47.6887],[-121.9866,47.6735],[-121.9814,47.6735],[-121.9845,47.6589],[-121.9658,47.6588],[-121.9544,47.6443],[-121.9496,47.6443],[-121.9496,47.6364],[-121.9564,47.6352],[-121.9563,47.6315],[-121.9704,47.6299],[-121.9705,47.6233],[-121.9607,47.6207],[-121.9574,47.6136],[-121.9627,47.6077],[-121.9618,47.5905],[-121.9532,47.5883],[-121.9652,47.5846],[-121.9707,47.6011],[-121.9798,47.6013],[-121.982,47.6098],[-121.9921,47.6121],[-121.9921,47.619],[-122.0027,47.6199],[-122.003,47.6306],[-122.0137,47.6383],[-122.0103,47.6398],[-122.0477,47.6385],[-122.0556,47.6427],[-122.0558,47.6493],[-122.0789,47.6494],[-122.0789,47.6558],[-122.0873,47.6583],[-122.0793,47.664],[-122.0822,47.6729],[-122.079,47.675],[-122.0844,47.6786],[-122.0792,47.6823],[-122.0869,47.6839],[-122.0803,47.688],[-122.0872,47.6894],[-122.0875,47.6934]]]}},{"type":"Feature","properties":{"zipCode":"98057"},"geometry":{"type":"Polygon","coordinates":[[[-122.2537,47.4795],[-122.2228,47.4815],[-122.2276,47.4909],[-122.2193,47.4947],[-122.2223,47.4967],[-122.219,47.5005],[-122.2091,47.4857],[-122.2064,47.4978],[-122.1969,47.5027],[-122.1918,47.4919],[-122.1966,47.4841],[-122.1757,47.4741],[-122.2179,47.4679],[-122.2175,47.4412],[-122.241,47.4412],[-122.2404,47.4632],[-122.254,47.4788],[-122.2537,47.4795]]]}},{"type":"Feature","properties":{"zipCode":"98198"},"geometry":{"type":"Polygon","coordinates":[[[-122.3359,47.4233],[-122.2816,47.4224],[-122.2814,47.4084],[-122.2866,47.4082],[-122.2902,47.401],[-122.2828,47.3975],[-122.2913,47.3961],[-122.2911,47.3917],[-122.2988,47.3955],[-122.2951,47.3923],[-122.2974,47.3829],[-122.3079,47.3796],[-122.3007,47.3748],[-122.3187,47.3435],[-122.3219,47.3469],[-122.3341,47.3404],[-122.3248,47.3485],[-122.3239,47.3706],[-122.3257,47.3915],[-122.3346,47.4069],[-122.3298,47.4083],[-122.337,47.4223],[-122.3359,47.4233]]]}},{"type":"Feature","properties":{"zipCode":"98204"},"geometry":{"type":"Polygon","coordinates":[[[-122.2884,47.9239],[-122.2337,47.9234],[-122.2336,47.8955],[-122.2375,47.8947],[-122.2335,47.8929],[-122.2335,47.8824],[-122.2443,47.8724],[-122.2496,47.8726],[-122.2521,47.8784],[-122.2752,47.8732],[-122.2776,47.8791],[-122.2713,47.8786],[-122.2705,47.8825],[-122.2782,47.8832],[-122.2782,47.8881],[-122.2727,47.8926],[-122.2787,47.8957],[-122.2763,47.8991],[-122.2824,47.899],[-122.2867,47.8929],[-122.2892,47.9203],[-122.2884,47.9239]]]}},{"type":"Feature","properties":{"zipCode":"98070"},"geometry":{"type":"Polygon","coordinates":[[[-122.526,47.3589],[-122.5163,47.3773],[-122.5277,47.3923],[-122.5147,47.414],[-122.514,47.4489],[-122.4979,47.4759],[-122.4827,47.4831],[-122.4766,47.5111],[-122.4524,47.5035],[-122.4586,47.4982],[-122.46,47.4869],[-122.4334,47.4664],[-122.4431,47.4535],[-122.4399,47.4378],[-122.4299,47.4237],[-122.4399,47.417],[-122.4377,47.4074],[-122.4273,47.4021],[-122.395,47.3993],[-122.3736,47.3887],[-122.4378,47.3656],[-122.4575,47.3426],[-122.4757,47.3471],[-122.4745,47.3591],[-122.4638,47.3751],[-122.4531,47.3725],[-122.4424,47.3847],[-122.4331,47.3881],[-122.4391,47.3945],[-122.4396,47.4042],[-122.46,47.4016],[-122.4659,47.3952],[-122.4645,47.3907],[-122.4522,47.3952],[-122.445,47.3894],[-122.4514,47.383],[-122.4733,47.3871],[-122.4842,47.3801],[-122.4931,47.3303],[-122.5189,47.3333],[-122.5281,47.3455],[-122.526,47.3589]]]}},{"type":"Feature","properties":{"zipCode":"98072"},"geometry":{"type":"Polygon","coordinates":[[[-122.1804,47.7572],[-122.1639,47.7583],[-122.1714,47.7799],[-122.1597,47.7834],[-122.1581,47.7906],[-122.1491,47.7905],[-122.1515,47.7977],[-122.1604,47.7955],[-122.1693,47.8016],[-122.1647,47.8052],[-122.1645,47.8197],[-122.1486,47.8131],[-122.1444,47.8049],[-122.1119,47.8049],[-122.1134,47.7969],[-122.1224,47.7899],[-122.117,47.7898],[-122.1094,47.7759],[-122.0995,47.7759],[-122.0995,47.7702],[-122.1046,47.7687],[-122.1013,47.7614],[-122.0806,47.755],[-122.0805,47.7365],[-122.0876,47.7184],[-122.0941,47.7184],[-122.1048,47.7326],[-122.1113,47.7327],[-122.1102,47.7254],[-122.1157,47.7218],[-122.1254,47.7219],[-122.1361,47.7336],[-122.1421,47.7286],[-122.1501,47.7329],[-122.1495,47.7257],[-122.156,47.724],[-122.1638,47.734],[-122.1756,47.7339],[-122.1742,47.7517],[-122.1804,47.7569],[-122.1804,47.7572]]]}},{"type":"Feature","properties":{"zipCode":"98077"},"geometry":{"type":"Polygon","coordinates":[[[-122.1223,47.7917],[-122.1058,47.7992],[-122.1024,47.7915],[-122.0959,47.7939],[-122.0766,47.7871],[-122.0766,47.7904],[-122.066,47.7904],[-122.0657,47.7759],[-122.0077,47.7754],[-122.0082,47.7446],[-122.0247,47.7473],[-122.0235,47.7325],[-122.0123,47.7326],[-122.0076,47.7134],[-122.0337,47.7265],[-122.0346,47.7166],[-122.0564,47.717],[-122.0569,47.7114],[-122.0678,47.7097],[-122.068,47.706],[-122.0858,47.7103],[-122.0766,47.7163],[-122.0879,47.7176],[-122.08,47.7378],[-122.0806,47.755],[-122.1013,47.7614],[-122.1046,47.7687],[-122.0995,47.7702],[-122.0995,47.7759],[-122.1094,47.7759],[-122.117,47.7898],[-122.1224,47.7899],[-122.1223,47.7917]]]}},{"type":"Feature","properties":{"zipCode":"98208"},"geometry":{"type":"MultiPolygon","coordinates":[[[[-122.1705,47.8629],[-122.1618,47.8809],[-122.1562,47.8814],[-122.1562,47.8777],[-122.1461,47.8776],[-122.1477,47.8631],[-122.1529,47.8632],[-122.1531,47.858],[-122.1738,47.8599],[-122.1705,47.8629]]],[[[-122.2443,47.8724],[-122.2335,47.8824],[-122.2335,47.8929],[-122.2375,47.8947],[-122.2336,47.8955],[-122.2337,47.9234],[-122.2065,47.9189],[-122.1905,47.9217],[-122.197,47.944],[-122.1887,47.9442],[-122.1921,47.9473],[-122.1798,47.9464],[-122.1793,47.9362],[-122.1673,47.9262],[-122.1365,47.9175],[-122.1455,47.8921],[-122.157,47.8923],[-122.166,47.8778],[-122.2151,47.8782],[-122.2241,47.882],[-122.2265,47.8678],[-122.2447,47.8711],[-122.2443,47.8724]]]]}},{"type":"Feature","properties":{"zipCode":"98220"},"geometry":{"type":"Polygon","coordinates":[[[-122.2683,48.7078],[-122.2585,48.709],[-122.2572,48.7308],[-122.2123,48.7339],[-122.2122,48.7295],[-122.2035,48.7289],[-122.2065,48.7208],[-122.1897,48.7132],[-122.1918,48.709],[-122.1687,48.7016],[-122.1704,48.6976],[-122.1623,48.6874],[-122.1697,48.6836],[-122.1656,48.6779],[-122.1545,48.6783],[-122.1521,48.6829],[-122.137,48.6738],[-122.1417,48.6702],[-122.1216,48.6576],[-122.1252,48.6522],[-122.1212,48.6454],[-122.2103,48.6457],[-122.2129,48.6551],[-122.2167,48.6553],[-122.216,48.6677],[-122.2441,48.6969],[-122.2679,48.7067],[-122.2683,48.7078]]]}},{"type":"Feature","properties":{"zipCode":"98087"},"geometry":{"type":"Polygon","coordinates":[[[-122.2989,47.8669],[-122.28,47.8827],[-122.2839,47.8884],[-122.2782,47.8881],[-122.2782,47.8832],[-122.2705,47.8825],[-122.2713,47.8786],[-122.2776,47.8791],[-122.2752,47.8732],[-122.2521,47.8784],[-122.2416,47.8682],[-122.228,47.8671],[-122.2279,47.8594],[-122.2358,47.8494],[-122.2609,47.8498],[-122.2732,47.8365],[-122.2773,47.85],[-122.2981,47.8502],[-122.2989,47.8665],[-122.2989,47.8669]]]}},{"type":"Feature","properties":{"zipCode":"98104"},"geometry":{"type":"Polygon","coordinates":[[[-122.3429,47.5912],[-122.3395,47.5991],[-122.3423,47.6043],[-122.325,47.6109],[-122.3208,47.6113],[-122.3234,47.6091],[-122.3173,47.5958],[-122.329,47.5965],[-122.3333,47.5924],[-122.3342,47.5963],[-122.3361,47.5903],[-122.3431,47.5912],[-122.3429,47.5912]],[[-122.3362,47.6047],[-122.3345,47.6044],[-122.3351,47.6052],[-122.3362,47.6047]],[[-122.3329,47.6061],[-122.3318,47.6066],[-122.3329,47.6061]]]}},{"type":"Feature","properties":{"zipCode":"98225"},"geometry":{"type":"Polygon","coordinates":[[[-122.5837,48.7901],[-122.5744,48.7833],[-122.5805,48.7882],[-122.5777,48.792],[-122.5576,48.7964],[-122.5515,48.802],[-122.5517,48.7897],[-122.549,48.7851],[-122.5407,48.7851],[-122.5403,48.7798],[-122.5198,48.7888],[-122.4755,48.7811],[-122.4644,48.7726],[-122.4616,48.763],[-122.4783,48.7047],[-122.4755,48.7021],[-122.4858,48.7024],[-122.4859,48.7102],[-122.5022,48.7165],[-122.499,48.7091],[-122.5088,48.7033],[-122.5046,48.689],[-122.5156,48.7015],[-122.5192,48.7172],[-122.5076,48.7217],[-122.4912,48.7424],[-122.4945,48.7455],[-122.4904,48.7511],[-122.5124,48.7571],[-122.5142,48.7632],[-122.5358,48.7761],[-122.5635,48.7785],[-122.57,48.7744],[-122.5837,48.7888],[-122.5837,48.7901]]]}},{"type":"Feature","properties":{"zipCode":"98229"},"geometry":{"type":"Polygon","coordinates":[[[-122.5114,48.6678],[-122.5033,48.6657],[-122.4903,48.6712],[-122.4974,48.7007],[-122.5075,48.6991],[-122.5088,48.7033],[-122.499,48.7091],[-122.5022,48.7165],[-122.4859,48.7102],[-122.4858,48.7024],[-122.4755,48.7021],[-122.4783,48.7047],[-122.4616,48.763],[-122.4139,48.7625],[-122.38,48.7443],[-122.3616,48.7469],[-122.3068,48.7181],[-122.304,48.7067],[-122.3166,48.6991],[-122.3142,48.6878],[-122.3628,48.6875],[-122.3527,48.6737],[-122.3562,48.6653],[-122.3516,48.6595],[-122.3565,48.6594],[-122.3572,48.6486],[-122.35,48.6451],[-122.3564,48.6451],[-122.353,48.636],[-122.3491,48.6312],[-122.3323,48.6312],[-122.3316,48.6278],[-122.3318,48.6237],[-122.3398,48.6237],[-122.3456,48.6159],[-122.3496,48.6197],[-122.3479,48.6095],[-122.3625,48.6267],[-122.3684,48.6243],[-122.3767,48.6373],[-122.3913,48.645],[-122.4888,48.6454],[-122.4932,48.6537],[-122.5035,48.6567],[-122.5099,48.6644],[-122.5114,48.6678]]]}},{"type":"Feature","properties":{"zipCode":"98108"},"geometry":{"type":"Polygon","coordinates":[[[-122.3417,47.5559],[-122.3381,47.5557],[-122.3382,47.5499],[-122.3295,47.5589],[-122.322,47.5549],[-122.3284,47.5619],[-122.3256,47.5715],[-122.321,47.564],[-122.32,47.5699],[-122.2967,47.572],[-122.291,47.5616],[-122.2924,47.5102],[-122.337,47.5139],[-122.3315,47.521],[-122.3347,47.5424],[-122.3433,47.556],[-122.3417,47.5559]]]}},{"type":"Feature","properties":{"zipCode":"98109"},"geometry":{"type":"Polygon","coordinates":[[[-122.358,47.6209],[-122.3578,47.651],[-122.3261,47.6323],[-122.3287,47.6185],[-122.3581,47.619],[-122.358,47.6209]]]}},{"type":"Feature","properties":{"zipCode":"98110"},"geometry":{"type":"Polygon","coordinates":[[[-122.5908,47.6633],[-122.5709,47.6747],[-122.5708,47.6637],[-122.5657,47.6659],[-122.561,47.6739],[-122.5639,47.7101],[-122.5528,47.7208],[-122.5441,47.7182],[-122.5432,47.7109],[-122.5283,47.7],[-122.5254,47.7076],[-122.5112,47.7087],[-122.5038,47.6944],[-122.5087,47.6708],[-122.4978,47.6618],[-122.5183,47.6521],[-122.4891,47.6332],[-122.4938,47.6214],[-122.5045,47.6259],[-122.5259,47.6192],[-122.5004,47.6178],[-122.4985,47.5972],[-122.5161,47.5957],[-122.4799,47.5848],[-122.5184,47.5741],[-122.548,47.6037],[-122.5569,47.6017],[-122.5676,47.5907],[-122.5733,47.5946],[-122.5778,47.6437],[-122.5908,47.6616],[-122.5908,47.6633]]]}},{"type":"Feature","properties":{"zipCode":"98232"},"geometry":{"type":"Polygon","coordinates":[[[-122.5603,48.5832],[-122.5546,48.5884],[-122.54,48.5763],[-122.4959,48.5759],[-122.4864,48.5702],[-122.4914,48.5678],[-122.4824,48.5597],[-122.4689,48.5573],[-122.4626,48.5672],[-122.4437,48.5698],[-122.443,48.5758],[-122.4331,48.5816],[-122.4292,48.594],[-122.4241,48.5957],[-122.4487,48.6226],[-122.4643,48.6257],[-122.4888,48.6454],[-122.3913,48.645],[-122.3767,48.6373],[-122.3684,48.6243],[-122.3625,48.6267],[-122.3479,48.6095],[-122.3496,48.6197],[-122.3454,48.6189],[-122.3429,48.6093],[-122.3383,48.6098],[-122.3349,48.6034],[-122.3448,48.602],[-122.3477,48.5675],[-122.3329,48.5639],[-122.3395,48.5639],[-122.3372,48.5586],[-122.3496,48.5575],[-122.3518,48.5422],[-122.3513,48.5293],[-122.3391,48.5077],[-122.3653,48.5083],[-122.3754,48.5146],[-122.368,48.5084],[-122.3776,48.5087],[-122.378,48.4938],[-122.3949,48.4928],[-122.4116,48.4982],[-122.4391,48.4977],[-122.4391,48.5013],[-122.4445,48.501],[-122.4444,48.4939],[-122.4609,48.4939],[-122.4611,48.5011],[-122.4832,48.5009],[-122.4883,48.5135],[-122.4825,48.5184],[-122.4853,48.5281],[-122.4881,48.5362],[-122.4978,48.5428],[-122.5044,48.5648],[-122.5224,48.567],[-122.5366,48.5744],[-122.5591,48.5744],[-122.5564,48.5772],[-122.5608,48.5816],[-122.5603,48.5832]]]}},{"type":"Feature","properties":{"zipCode":"98233"},"geometry":{"type":"Polygon","coordinates":[[[-122.4445,48.501],[-122.378,48.4938],[-122.3776,48.5087],[-122.368,48.5084],[-122.3754,48.5146],[-122.3653,48.5083],[-122.3391,48.5077],[-122.3513,48.5293],[-122.3518,48.5422],[-122.3496,48.5575],[-122.3372,48.5586],[-122.3395,48.5639],[-122.3329,48.5639],[-122.3477,48.5675],[-122.3448,48.602],[-122.3349,48.6034],[-122.3456,48.6159],[-122.3398,48.6237],[-122.3318,48.6237],[-122.3329,48.6164],[-122.3242,48.6127],[-122.3188,48.6024],[-122.3277,48.6023],[-122.3179,48.591],[-122.3177,48.5836],[-122.3238,48.5833],[-122.3204,48.581],[-122.3228,48.5655],[-122.3308,48.562],[-122.332,48.5485],[-122.3129,48.5471],[-122.314,48.5327],[-122.2859,48.5327],[-122.286,48.4928],[-122.2914,48.4885],[-122.2916,48.4749],[-122.2951,48.4796],[-122.298,48.4694],[-122.3103,48.4666],[-122.3222,48.4457],[-122.3469,48.4456],[-122.3478,48.4575],[-122.381,48.4573],[-122.3571,48.4661],[-122.3815,48.4579],[-122.4441,48.4575],[-122.4444,48.4867],[-122.4388,48.4891],[-122.4391,48.494],[-122.4444,48.4939],[-122.4445,48.501]]]}},{"type":"Feature","properties":{"zipCode":"98003"},"geometry":{"type":"MultiPolygon","coordinates":[[[[-122.3093,47.262],[-122.3063,47.2613],[-122.3095,47.2612],[-122.3093,47.262]]],[[[-122.3449,47.2967],[-122.3324,47.3031],[-122.3364,47.3245],[-122.3341,47.3404],[-122.3219,47.3469],[-122.3187,47.3435],[-122.3123,47.3518],[-122.3132,47.3579],[-122.2967,47.3578],[-122.2945,47.3254],[-122.3032,47.3006],[-122.3009,47.2931],[-122.2926,47.2988],[-122.2921,47.2621],[-122.3228,47.2645],[-122.3349,47.2574],[-122.3346,47.2899],[-122.3439,47.2948],[-122.3449,47.2967]]]]}},{"type":"Feature","properties":{"zipCode":"98007"},"geometry":{"type":"Polygon","coordinates":[[[-122.1536,47.5893],[-122.1534,47.6606],[-122.1433,47.6606],[-122.1431,47.6279],[-122.1324,47.6327],[-122.129,47.6282],[-122.1324,47.6262],[-122.1323,47.5832],[-122.1511,47.5793],[-122.1538,47.5891],[-122.1536,47.5893]]]}},{"type":"Feature","properties":{"zipCode":"98008"},"geometry":{"type":"Polygon","coordinates":[[[-122.1403,47.5793],[-122.1316,47.5847],[-122.1324,47.6262],[-122.129,47.6282],[-122.1323,47.6351],[-122.1109,47.6461],[-122.1109,47.6276],[-122.0793,47.6275],[-122.0809,47.6185],[-122.0965,47.6023],[-122.0991,47.5649],[-122.1402,47.5791],[-122.1403,47.5793]]]}},{"type":"Feature","properties":{"zipCode":"98019"},"geometry":{"type":"Polygon","coordinates":[[[-122.0247,47.7473],[-122.0082,47.7446],[-122.0077,47.7754],[-121.8496,47.7769],[-121.8541,47.763],[-121.8478,47.7433],[-121.8565,47.7229],[-121.8712,47.7204],[-121.865,47.7125],[-121.8925,47.7144],[-121.9005,47.6942],[-121.9122,47.7046],[-121.936,47.7116],[-121.9533,47.7005],[-121.9472,47.6982],[-121.9453,47.6909],[-121.9729,47.695],[-121.9844,47.709],[-122.0059,47.709],[-122.0046,47.7021],[-122.0084,47.7023],[-122.014,47.709],[-122.014,47.7141],[-122.0076,47.7134],[-122.0104,47.7295],[-122.0237,47.7347],[-122.0247,47.7473]]]}},{"type":"Feature","properties":{"zipCode":"98020"},"geometry":{"type":"Polygon","coordinates":[[[-122.3968,47.7824],[-122.3913,47.7924],[-122.3956,47.8068],[-122.3815,47.8139],[-122.3566,47.8375],[-122.3555,47.8144],[-122.3617,47.8103],[-122.3563,47.8085],[-122.3535,47.7898],[-122.356,47.7778],[-122.397,47.7797],[-122.3968,47.7824]]]}},{"type":"Feature","properties":{"zipCode":"98023"},"geometry":{"type":"Polygon","coordinates":[[[-122.4134,47.3198],[-122.4034,47.3191],[-122.3962,47.3269],[-122.3811,47.3261],[-122.3743,47.3331],[-122.3334,47.343],[-122.3364,47.3245],[-122.3324,47.3031],[-122.3449,47.2967],[-122.3346,47.2899],[-122.3336,47.2677],[-122.3358,47.2641],[-122.4145,47.318],[-122.4134,47.3198]]]}},{"type":"Feature","properties":{"zipCode":"98042"},"geometry":{"type":"MultiPolygon","coordinates":[[[[-122.0447,47.315],[-122.0388,47.315],[-122.0388,47.3109],[-122.0446,47.3115],[-122.0447,47.315]]],[[[-122.1693,47.3887],[-122.1654,47.3888],[-122.1657,47.4191],[-122.1615,47.4193],[-122.1623,47.4233],[-122.144,47.4245],[-122.1438,47.4366],[-122.1373,47.4372],[-122.131,47.4326],[-122.1331,47.4233],[-122.1262,47.4157],[-122.1366,47.4136],[-122.1293,47.4126],[-122.1238,47.4014],[-122.1166,47.4014],[-122.112,47.4086],[-122.1015,47.4087],[-122.1015,47.4015],[-122.0936,47.4015],[-122.091,47.3915],[-122.0804,47.387],[-122.0806,47.3762],[-122.0626,47.3727],[-122.059,47.358],[-122.0657,47.358],[-122.0658,47.3544],[-122.0601,47.3544],[-122.0536,47.3478],[-122.0523,47.3369],[-122.0455,47.3347],[-122.0543,47.3263],[-122.0666,47.3258],[-122.0679,47.317],[-122.0868,47.3057],[-122.0871,47.3143],[-122.0925,47.3148],[-122.0917,47.3223],[-122.0955,47.3217],[-122.0982,47.3292],[-122.1276,47.3294],[-122.1269,47.3229],[-122.132,47.3198],[-122.1603,47.3182],[-122.155,47.3296],[-122.1582,47.3304],[-122.1458,47.3435],[-122.1655,47.3434],[-122.1682,47.3873],[-122.1693,47.3887]]]]}},{"type":"Feature","properties":{"zipCode":"98026"},"geometry":{"type":"Polygon","coordinates":[[[-122.3617,47.8105],[-122.3555,47.8144],[-122.3566,47.8375],[-122.3359,47.8523],[-122.3295,47.8694],[-122.3335,47.8802],[-122.3279,47.8936],[-122.3202,47.8933],[-122.3196,47.8812],[-122.303,47.8817],[-122.2929,47.8751],[-122.2989,47.8669],[-122.2958,47.8472],[-122.3222,47.8539],[-122.3304,47.8449],[-122.3194,47.8448],[-122.3318,47.8286],[-122.3377,47.8287],[-122.3358,47.8106],[-122.3256,47.8083],[-122.3334,47.7857],[-122.3272,47.7777],[-122.356,47.7778],[-122.355,47.8045],[-122.3617,47.8103],[-122.3617,47.8105]]]}},{"type":"Feature","properties":{"zipCode":"98036"},"geometry":{"type":"Polygon","coordinates":[[[-122.3377,47.8287],[-122.269,47.8266],[-122.2628,47.8321],[-122.2539,47.8257],[-122.2388,47.829],[-122.234,47.8218],[-122.2385,47.8175],[-122.2331,47.8075],[-122.2432,47.8076],[-122.243,47.8029],[-122.2593,47.7957],[-122.2556,47.7917],[-122.2646,47.7918],[-122.2606,47.7872],[-122.267,47.7771],[-122.2901,47.7773],[-122.2862,47.7918],[-122.2815,47.7936],[-122.2815,47.7988],[-122.2861,47.7992],[-122.2816,47.8041],[-122.2897,47.8082],[-122.3118,47.8073],[-122.3316,47.7997],[-122.3256,47.8083],[-122.3358,47.8106],[-122.3359,47.8259],[-122.3377,47.8287]]]}},{"type":"Feature","properties":{"zipCode":"98321"},"geometry":{"type":"Polygon","coordinates":[[[-122.1442,47.161],[-122.1174,47.1659],[-122.1442,47.1688],[-122.1334,47.1738],[-122.1442,47.1756],[-122.1441,47.1866],[-122.1388,47.1874],[-122.1408,47.1965],[-122.1336,47.1968],[-122.1333,47.2175],[-122.1412,47.2242],[-122.1309,47.2249],[-122.1256,47.2325],[-122.1159,47.2313],[-122.1159,47.2162],[-122.095,47.1952],[-122.0634,47.1859],[-122.0481,47.1714],[-122.0119,47.176],[-122.004,47.1701],[-121.9939,47.1726],[-121.9914,47.1632],[-121.9803,47.1645],[-121.97,47.1565],[-121.9521,47.1545],[-121.9478,47.1428],[-122.0118,47.1237],[-122.0164,47.1324],[-122.0232,47.1328],[-122.0371,47.1265],[-122.0385,47.1119],[-122.0503,47.1239],[-122.0552,47.1198],[-122.0517,47.11],[-122.0673,47.1118],[-122.067,47.1082],[-122.0578,47.1082],[-122.0575,47.0973],[-122.0809,47.0973],[-122.0804,47.1044],[-122.1025,47.1044],[-122.1026,47.1117],[-122.1134,47.1114],[-122.1151,47.1286],[-122.1335,47.1272],[-122.1152,47.1344],[-122.0857,47.1337],[-122.0858,47.1372],[-122.0656,47.1393],[-122.1077,47.1427],[-122.1267,47.1313],[-122.1086,47.1405],[-122.1236,47.14],[-122.1195,47.1475],[-122.1228,47.1523],[-122.1443,47.1582],[-122.1442,47.161]]]}},{"type":"Feature","properties":{"zipCode":"98323"},"geometry":{"type":"Polygon","coordinates":[[[-122.1052,47.0169],[-122.1013,47.0279],[-122.1045,47.0542],[-122.0775,47.0544],[-122.0777,47.0677],[-122.0716,47.0683],[-122.0663,47.0765],[-122.078,47.0863],[-122.0809,47.0973],[-122.0736,47.0972],[-122.0631,47.0795],[-122.0642,47.0865],[-122.0572,47.0941],[-122.0336,47.1029],[-122.0193,47.0904],[-121.9883,47.0848],[-121.9761,47.0775],[-121.9793,47.0703],[-121.9721,47.0654],[-121.9712,47.0243],[-121.9638,47.0142],[-121.9076,47.011],[-121.9086,46.9996],[-121.916,46.9963],[-121.9183,46.8582],[-121.9589,46.8649],[-122.0103,46.8868],[-122.0531,46.9183],[-122.0689,46.9537],[-122.0774,46.9576],[-122.0853,46.9553],[-122.093,46.9637],[-122.1056,46.9657],[-122.1052,47.0169]]]}},{"type":"Feature","properties":{"zipCode":"98366"},"geometry":{"type":"Polygon","coordinates":[[[-122.6822,47.5276],[-122.6673,47.5318],[-122.6611,47.5394],[-122.6475,47.5369],[-122.62,47.548],[-122.6063,47.5469],[-122.5697,47.5837],[-122.555,47.59],[-122.5485,47.5867],[-122.5501,47.5786],[-122.5444,47.577],[-122.5527,47.5699],[-122.5328,47.5655],[-122.544,47.5556],[-122.5397,47.5438],[-122.5473,47.5236],[-122.5211,47.5233],[-122.5178,47.5172],[-122.5033,47.518],[-122.4953,47.511],[-122.5027,47.5049],[-122.5618,47.5053],[-122.5618,47.4998],[-122.5669,47.5053],[-122.6001,47.5049],[-122.6017,47.4967],[-122.6054,47.4966],[-122.6054,47.5048],[-122.6245,47.5049],[-122.6248,47.5013],[-122.642,47.5047],[-122.6456,47.5012],[-122.663,47.5273],[-122.6757,47.5282],[-122.6822,47.5276]]]}},{"type":"Feature","properties":{"zipCode":"98368"},"geometry":{"type":"Polygon","coordinates":[[[-122.9515,47.9543],[-122.9492,47.9926],[-122.9123,47.9784],[-122.9208,47.9865],[-122.92,47.9912],[-122.9044,47.9948],[-122.9058,48.0024],[-122.903,47.9992],[-122.8804,48.0108],[-122.8786,48.0225],[-122.8824,48.0287],[-122.8754,48.0455],[-122.8584,48.0177],[-122.8675,48.0029],[-122.8884,47.9923],[-122.8492,47.9964],[-122.8335,48.0096],[-122.8269,48.0461],[-122.8499,48.0543],[-122.8577,48.0658],[-122.8744,48.0748],[-122.8892,48.0771],[-122.8787,48.0917],[-122.8849,48.1051],[-122.8817,48.1083],[-122.8379,48.1365],[-122.7545,48.1443],[-122.7625,48.1312],[-122.7489,48.117],[-122.7812,48.1053],[-122.8014,48.0876],[-122.7881,48.0781],[-122.7844,48.0687],[-122.7653,48.0576],[-122.7705,48.0482],[-122.7839,48.0507],[-122.7917,48.0425],[-122.7998,48.0456],[-122.7998,48.0246],[-122.8108,48.0242],[-122.811,47.9991],[-122.8218,47.9989],[-122.8217,47.9259],[-122.8545,47.941],[-122.8809,47.9443],[-122.8835,47.9576],[-122.9452,47.9512],[-122.9509,47.954],[-122.9515,47.9543]]]}},{"type":"Feature","properties":{"zipCode":"98371"},"geometry":{"type":"MultiPolygon","coordinates":[[[[-122.2939,47.2564],[-122.2882,47.2545],[-122.2939,47.2507],[-122.294,47.2559],[-122.2939,47.2564]]],[[[-122.3624,47.1736],[-122.3571,47.1736],[-122.3596,47.199],[-122.3563,47.207],[-122.362,47.2136],[-122.3483,47.2172],[-122.3204,47.2075],[-122.3205,47.2288],[-122.3256,47.2391],[-122.2939,47.2427],[-122.2939,47.2027],[-122.287,47.1988],[-122.2933,47.1986],[-122.2934,47.1683],[-122.3429,47.1668],[-122.3624,47.1718],[-122.3624,47.1736]]]]}},{"type":"Feature","properties":{"zipCode":"98372"},"geometry":{"type":"Polygon","coordinates":[[[-122.2939,47.2427],[-122.2939,47.2507],[-122.2882,47.2545],[-122.2937,47.2573],[-122.2622,47.2574],[-122.2544,47.2382],[-122.2522,47.2111],[-122.2473,47.2058],[-122.2598,47.2053],[-122.2538,47.2034],[-122.2603,47.1995],[-122.2314,47.1852],[-122.2164,47.188],[-122.2145,47.178],[-122.2189,47.1731],[-122.2158,47.1697],[-122.2294,47.1642],[-122.2293,47.1697],[-122.2464,47.1716],[-122.2935,47.1691],[-122.2933,47.1986],[-122.287,47.1988],[-122.2939,47.2027],[-122.294,47.2355],[-122.2939,47.2427]]]}},{"type":"Feature","properties":{"zipCode":"98373"},"geometry":{"type":"Polygon","coordinates":[[[-122.3601,47.1363],[-122.3577,47.17],[-122.2881,47.1681],[-122.2933,47.1666],[-122.293,47.1548],[-122.2879,47.154],[-122.2929,47.1512],[-122.2929,47.1402],[-122.2895,47.1401],[-122.2931,47.1257],[-122.3324,47.125],[-122.3373,47.1297],[-122.3388,47.1257],[-122.3575,47.1254],[-122.3597,47.1329],[-122.3601,47.1363]]]}},{"type":"Feature","properties":{"zipCode":"98390"},"geometry":{"type":"Polygon","coordinates":[[[-122.2604,47.2015],[-122.2538,47.2034],[-122.2598,47.2053],[-122.2473,47.2058],[-122.2549,47.2212],[-122.2589,47.2507],[-122.2548,47.2429],[-122.2464,47.2429],[-122.2402,47.2575],[-122.2298,47.2576],[-122.2261,47.2433],[-122.2187,47.2427],[-122.2188,47.2172],[-122.2082,47.2135],[-122.2082,47.2064],[-122.2029,47.2064],[-122.1969,47.1739],[-122.1973,47.1681],[-122.2139,47.1662],[-122.2124,47.1697],[-122.2189,47.1731],[-122.2145,47.178],[-122.2164,47.188],[-122.2314,47.1852],[-122.2603,47.1995],[-122.2604,47.2015]]]}},{"type":"Feature","properties":{"zipCode":"98391"},"geometry":{"type":"Polygon","coordinates":[[[-122.2255,47.1443],[-122.2201,47.1556],[-122.2124,47.1572],[-122.2154,47.1697],[-122.2139,47.1662],[-122.1973,47.1681],[-122.2029,47.2064],[-122.2082,47.2064],[-122.2082,47.2135],[-122.2188,47.2172],[-122.2187,47.2417],[-122.2083,47.2417],[-122.2056,47.2466],[-122.1954,47.2432],[-122.1869,47.2541],[-122.2083,47.2537],[-122.2083,47.2574],[-122.144,47.2575],[-122.1368,47.2545],[-122.1376,47.2468],[-122.1224,47.238],[-122.1309,47.2249],[-122.1412,47.2242],[-122.1333,47.2175],[-122.1336,47.1968],[-122.1408,47.1965],[-122.1388,47.1874],[-122.1441,47.1866],[-122.1442,47.1756],[-122.1334,47.1738],[-122.1442,47.1688],[-122.1174,47.1659],[-122.1443,47.1582],[-122.1228,47.1523],[-122.1195,47.1475],[-122.1236,47.14],[-122.1086,47.1405],[-122.1277,47.131],[-122.1232,47.1377],[-122.1341,47.1349],[-122.1371,47.1248],[-122.1336,47.1204],[-122.1427,47.1218],[-122.1509,47.1074],[-122.1554,47.107],[-122.1517,47.1038],[-122.1792,47.0882],[-122.1901,47.0907],[-122.1915,47.0975],[-122.2151,47.1109],[-122.22,47.1179],[-122.2203,47.1373],[-122.2251,47.1383],[-122.2204,47.14],[-122.2201,47.1464],[-122.2268,47.1402],[-122.2255,47.1443]]]}},{"type":"Feature","properties":{"zipCode":"98375"},"geometry":{"type":"Polygon","coordinates":[[[-122.3617,47.0978],[-122.3572,47.101],[-122.3575,47.1254],[-122.3388,47.1257],[-122.3373,47.1297],[-122.3324,47.125],[-122.2931,47.1257],[-122.2934,47.1111],[-122.2832,47.1111],[-122.283,47.0982],[-122.2935,47.0986],[-122.2938,47.0819],[-122.3475,47.0785],[-122.3609,47.0964],[-122.3617,47.0978]]]}},{"type":"Feature","properties":{"zipCode":"98394"},"geometry":{"type":"Polygon","coordinates":[[[-122.7968,47.3483],[-122.7909,47.3525],[-122.78,47.3513],[-122.7639,47.3447],[-122.7587,47.3371],[-122.759,47.3154],[-122.7629,47.3153],[-122.7543,47.31],[-122.7698,47.3026],[-122.7642,47.2952],[-122.7906,47.2865],[-122.794,47.2907],[-122.7871,47.2997],[-122.7949,47.3192],[-122.789,47.3384],[-122.7691,47.3405],[-122.7961,47.347],[-122.7968,47.3483]]]}},{"type":"Feature","properties":{"zipCode":"98396"},"geometry":{"type":"Polygon","coordinates":[[[-122.0734,47.0961],[-122.0575,47.0973],[-122.0578,47.1082],[-122.067,47.1082],[-122.0673,47.1118],[-122.0517,47.11],[-122.0552,47.1198],[-122.0503,47.1239],[-122.0385,47.1119],[-122.0371,47.1265],[-122.0232,47.1328],[-122.0164,47.1324],[-122.0118,47.1237],[-121.9743,47.1341],[-121.9719,47.0653],[-121.9793,47.0703],[-121.9761,47.0775],[-121.9883,47.0848],[-122.0193,47.0904],[-122.0336,47.1029],[-122.0572,47.0941],[-122.0642,47.0865],[-122.0631,47.0795],[-122.0745,47.0942],[-122.0734,47.0961]]]}},{"type":"Feature","properties":{"zipCode":"98404"},"geometry":{"type":"Polygon","coordinates":[[[-122.4316,47.2292],[-122.4312,47.2334],[-122.4166,47.2384],[-122.402,47.2401],[-122.3889,47.2343],[-122.3939,47.2246],[-122.389,47.2246],[-122.3879,47.2195],[-122.3944,47.22],[-122.3945,47.2022],[-122.3891,47.2014],[-122.3944,47.1964],[-122.3894,47.1918],[-122.3945,47.1918],[-122.3905,47.1809],[-122.4314,47.1809],[-122.4315,47.2284],[-122.4316,47.2292]]]}},{"type":"Feature","properties":{"zipCode":"98327"},"geometry":{"type":"Polygon","coordinates":[[[-122.7079,47.0789],[-122.7075,47.0853],[-122.6972,47.0896],[-122.6927,47.1013],[-122.6847,47.097],[-122.6765,47.1021],[-122.658,47.1272],[-122.6451,47.1351],[-122.6359,47.1165],[-122.6246,47.1155],[-122.6225,47.0977],[-122.6235,47.0924],[-122.6466,47.0874],[-122.6466,47.0935],[-122.6699,47.0973],[-122.6752,47.0814],[-122.7039,47.0717],[-122.7081,47.0776],[-122.7079,47.0789]]]}},{"type":"Feature","properties":{"zipCode":"98329"},"geometry":{"type":"Polygon","coordinates":[[[-122.8012,47.3894],[-122.8012,47.4036],[-122.6531,47.4031],[-122.6528,47.4121],[-122.6425,47.4106],[-122.6425,47.4032],[-122.6306,47.4034],[-122.6325,47.3907],[-122.6285,47.3823],[-122.6839,47.3652],[-122.6946,47.3541],[-122.7256,47.3383],[-122.7362,47.3455],[-122.7302,47.3408],[-122.736,47.3327],[-122.7509,47.3335],[-122.7434,47.3406],[-122.7473,47.3447],[-122.7633,47.3441],[-122.7906,47.3511],[-122.7913,47.3556],[-122.7862,47.358],[-122.7892,47.3615],[-122.8011,47.3586],[-122.8013,47.3888],[-122.8012,47.3894]]]}},{"type":"Feature","properties":{"zipCode":"98330"},"geometry":{"type":"Polygon","coordinates":[[[-122.192,46.7632],[-122.136,46.7606],[-122.1269,46.7591],[-122.1295,46.7548],[-122.1253,46.7528],[-122.1779,46.7552],[-122.1922,46.7622],[-122.192,46.7632]]]}},{"type":"Feature","properties":{"zipCode":"98333"},"geometry":{"type":"Polygon","coordinates":[[[-122.6696,47.2765],[-122.6495,47.2752],[-122.6281,47.2675],[-122.6271,47.2605],[-122.5889,47.2371],[-122.5905,47.2278],[-122.6025,47.2175],[-122.6142,47.2209],[-122.6703,47.2736],[-122.6696,47.2765]]]}},{"type":"Feature","properties":{"zipCode":"98337"},"geometry":{"type":"Polygon","coordinates":[[[-122.6554,47.5585],[-122.6532,47.5638],[-122.6463,47.5637],[-122.6438,47.5821],[-122.6284,47.5783],[-122.6214,47.5713],[-122.6264,47.5609],[-122.6554,47.5564],[-122.6554,47.5585]],[[-122.6459,47.5592],[-122.6271,47.5635],[-122.6462,47.5618],[-122.6459,47.5592]]]}},{"type":"Feature","properties":{"zipCode":"98335"},"geometry":{"type":"Polygon","coordinates":[[[-122.6961,47.2868],[-122.6842,47.3031],[-122.6902,47.3074],[-122.6806,47.3184],[-122.678,47.3315],[-122.6661,47.3336],[-122.6607,47.33],[-122.5817,47.3311],[-122.5475,47.2853],[-122.5656,47.2654],[-122.5858,47.2539],[-122.6001,47.2624],[-122.5924,47.272],[-122.6143,47.2696],[-122.6713,47.2862],[-122.6863,47.2794],[-122.6974,47.284],[-122.6961,47.2868]]]}},{"type":"Feature","properties":{"zipCode":"98338"},"geometry":{"type":"MultiPolygon","coordinates":[[[[-122.2613,46.9523],[-122.255,46.9577],[-122.2548,46.9544],[-122.2619,46.9514],[-122.2613,46.9523]]],[[[-122.4002,46.9804],[-122.3848,46.9818],[-122.3795,46.9964],[-122.354,46.9986],[-122.3579,47.0202],[-122.3673,47.0203],[-122.3679,47.0403],[-122.343,47.0458],[-122.3374,47.0534],[-122.3267,47.0533],[-122.3265,47.0579],[-122.3187,47.0533],[-122.3164,47.057],[-122.3212,47.0626],[-122.3113,47.0714],[-122.311,47.0819],[-122.261,47.0819],[-122.2612,47.0784],[-122.252,47.0782],[-122.2499,47.0821],[-122.2436,47.0745],[-122.2217,47.0817],[-122.2144,47.0777],[-122.2157,47.0745],[-122.2002,47.0746],[-122.1933,47.0604],[-122.2087,47.0435],[-122.2108,47.0252],[-122.2169,47.0162],[-122.1948,46.9921],[-122.2278,46.9856],[-122.2359,46.954],[-122.2545,46.954],[-122.255,46.9605],[-122.2604,46.9611],[-122.3024,46.9575],[-122.2979,46.9756],[-122.3084,46.973],[-122.3085,46.9774],[-122.3156,46.9784],[-122.3276,46.9767],[-122.3287,46.9727],[-122.3633,46.9753],[-122.3999,46.9622],[-122.4002,46.9804]]]]}},{"type":"Feature","properties":{"zipCode":"98339"},"geometry":{"type":"Polygon","coordinates":[[[-122.7998,48.0357],[-122.7998,48.0456],[-122.7917,48.0425],[-122.7839,48.0507],[-122.7705,48.0482],[-122.7485,48.0301],[-122.7343,48.035],[-122.7423,48.0493],[-122.7393,48.0692],[-122.7483,48.0721],[-122.7259,48.0879],[-122.7276,48.0825],[-122.7182,48.0715],[-122.72,48.0607],[-122.7125,48.0458],[-122.716,48.0408],[-122.7054,48.0332],[-122.701,48.0185],[-122.7219,48.0263],[-122.731,48.0213],[-122.7136,47.984],[-122.7425,47.9842],[-122.7589,48.007],[-122.7745,48.0118],[-122.7708,48.021],[-122.7751,48.0277],[-122.7999,48.0321],[-122.7998,48.0357]]]}},{"type":"Feature","properties":{"zipCode":"98345"},"geometry":{"type":"Polygon","coordinates":[[[-122.6344,47.7071],[-122.6305,47.7098],[-122.6312,47.7052],[-122.6145,47.7016],[-122.6189,47.6909],[-122.628,47.6909],[-122.6288,47.6987],[-122.6344,47.7014],[-122.6344,47.7071]]]}},{"type":"Feature","properties":{"zipCode":"98346"},"geometry":{"type":"Polygon","coordinates":[[[-122.6068,47.8097],[-122.5837,47.8113],[-122.5854,47.8243],[-122.5772,47.8186],[-122.5777,47.8561],[-122.5737,47.8576],[-122.5731,47.8741],[-122.5776,47.8835],[-122.5468,47.8851],[-122.5468,47.8897],[-122.5159,47.8862],[-122.5118,47.8776],[-122.5145,47.866],[-122.5059,47.849],[-122.5061,47.8317],[-122.4825,47.8155],[-122.4852,47.8041],[-122.5016,47.795],[-122.5019,47.7907],[-122.4835,47.7819],[-122.4781,47.769],[-122.4714,47.766],[-122.4703,47.7571],[-122.4773,47.746],[-122.4988,47.7445],[-122.4986,47.7657],[-122.542,47.7657],[-122.5416,47.7877],[-122.5631,47.7872],[-122.5632,47.7945],[-122.5786,47.7954],[-122.5667,47.805],[-122.5767,47.8015],[-122.5744,47.7988],[-122.5838,47.801],[-122.6069,47.7938],[-122.6068,47.8097]]]}},{"type":"Feature","properties":{"zipCode":"98351"},"geometry":{"type":"Polygon","coordinates":[[[-122.8075,47.218],[-122.8012,47.2246],[-122.7783,47.2213],[-122.7743,47.2283],[-122.7591,47.2281],[-122.7591,47.2208],[-122.7558,47.2213],[-122.7486,47.2272],[-122.7471,47.2355],[-122.7378,47.2356],[-122.7379,47.223],[-122.7271,47.2227],[-122.7268,47.2161],[-122.7457,47.2065],[-122.7486,47.2197],[-122.7552,47.2097],[-122.7498,47.1992],[-122.7385,47.1992],[-122.7472,47.1892],[-122.7441,47.1786],[-122.7638,47.1661],[-122.7716,47.1671],[-122.779,47.1853],[-122.7897,47.1876],[-122.8075,47.2172],[-122.8075,47.218]]]}},{"type":"Feature","properties":{"zipCode":"98357"},"geometry":{"type":"Polygon","coordinates":[[[-124.7317,48.3812],[-124.7169,48.3898],[-124.7065,48.3861],[-124.6527,48.3906],[-124.6357,48.3882],[-124.6394,48.3855],[-124.6217,48.3678],[-124.6103,48.3667],[-124.5907,48.3736],[-124.5729,48.3662],[-124.5648,48.3679],[-124.5479,48.3548],[-124.5525,48.3547],[-124.5525,48.3474],[-124.5574,48.3474],[-124.5575,48.275],[-124.6808,48.2752],[-124.6863,48.2874],[-124.6809,48.2976],[-124.6659,48.2993],[-124.6589,48.3311],[-124.6762,48.3443],[-124.6844,48.3385],[-124.696,48.3443],[-124.7138,48.3663],[-124.727,48.3711],[-124.7318,48.3812],[-124.7317,48.3812]]]}},{"type":"Feature","properties":{"zipCode":"98295"},"geometry":{"type":"Polygon","coordinates":[[[-122.331,48.9783],[-122.3244,48.9987],[-122.319,49.0024],[-122.1283,49.0022],[-122.1282,48.9962],[-122.1321,48.996],[-122.1319,48.9836],[-122.1374,48.9838],[-122.1339,48.9779],[-122.161,48.9717],[-122.1597,48.9427],[-122.1762,48.9427],[-122.1768,48.9206],[-122.2209,48.9208],[-122.2324,48.9344],[-122.26,48.9311],[-122.2601,48.9347],[-122.2545,48.9346],[-122.2545,48.9418],[-122.2435,48.9417],[-122.2435,48.9562],[-122.254,48.9564],[-122.2541,48.9513],[-122.2803,48.9529],[-122.2748,48.9567],[-122.2691,48.9541],[-122.2714,48.9621],[-122.2619,48.9584],[-122.2605,48.9674],[-122.2656,48.9675],[-122.2591,48.9747],[-122.2721,48.9749],[-122.2872,48.964],[-122.2939,48.9713],[-122.3091,48.9711],[-122.3089,48.9784],[-122.3311,48.9764],[-122.331,48.9783]]]}},{"type":"Feature","properties":{"zipCode":"98311"},"geometry":{"type":"MultiPolygon","coordinates":[[[[-122.6172,47.6539],[-122.6171,47.6534],[-122.6172,47.6539]]],[[[-122.6916,47.6251],[-122.6862,47.6498],[-122.6788,47.6468],[-122.6749,47.654],[-122.659,47.6505],[-122.6636,47.6559],[-122.6608,47.6666],[-122.6577,47.6541],[-122.6503,47.6541],[-122.6504,47.6505],[-122.6463,47.6577],[-122.6407,47.6577],[-122.6395,47.653],[-122.6195,47.6516],[-122.5911,47.6355],[-122.5981,47.6023],[-122.6019,47.6024],[-122.5993,47.6066],[-122.6609,47.6072],[-122.6618,47.6004],[-122.6731,47.6051],[-122.6732,47.5961],[-122.6825,47.5965],[-122.6846,47.6108],[-122.692,47.622],[-122.6916,47.6251]]]]}},{"type":"Feature","properties":{"zipCode":"98279"},"geometry":{"type":"MultiPolygon","coordinates":[[[[-122.8218,48.5909],[-122.8133,48.6006],[-122.8045,48.5962],[-122.8217,48.5892],[-122.8218,48.5909]]],[[[-122.8563,48.649],[-122.8467,48.6471],[-122.8528,48.6549],[-122.8482,48.6494],[-122.8205,48.6517],[-122.8224,48.6561],[-122.8336,48.6544],[-122.8379,48.6665],[-122.8247,48.6667],[-122.8245,48.6811],[-122.8012,48.6813],[-122.7415,48.6603],[-122.7548,48.6564],[-122.7548,48.6494],[-122.8088,48.6199],[-122.7999,48.6018],[-122.8134,48.6068],[-122.8298,48.6012],[-122.8279,48.6158],[-122.832,48.6205],[-122.846,48.6212],[-122.8463,48.6352],[-122.8563,48.639],[-122.8563,48.649]]]]}},{"type":"Feature","properties":{"zipCode":"98280"},"geometry":{"type":"Polygon","coordinates":[[[-122.9612,48.6319],[-122.9448,48.6308],[-122.9445,48.618],[-122.9384,48.618],[-122.9317,48.6082],[-122.9257,48.6146],[-122.9203,48.6114],[-122.9282,48.6059],[-122.9283,48.6016],[-122.9222,48.6002],[-122.8981,48.6047],[-122.894,48.6344],[-122.88,48.6341],[-122.8758,48.6227],[-122.8619,48.6123],[-122.8624,48.6042],[-122.8842,48.5887],[-122.9264,48.5914],[-122.9532,48.6027],[-122.9561,48.6185],[-122.953,48.6253],[-122.9612,48.6311],[-122.9612,48.6319]]]}},{"type":"Feature","properties":{"zipCode":"98281"},"geometry":{"type":"Polygon","coordinates":[[[-123.0905,49.002],[-123.0354,49.0022],[-123.0246,48.984],[-123.0215,48.9773],[-123.0265,48.9741],[-123.0441,48.9772],[-123.084,48.9715],[-123.0905,49.0019],[-123.0905,49.002]]]}},{"type":"Feature","properties":{"zipCode":"98282"},"geometry":{"type":"Polygon","coordinates":[[[-122.5389,48.2097],[-122.531,48.2498],[-122.5038,48.257],[-122.4809,48.2517],[-122.464,48.2705],[-122.4055,48.252],[-122.3955,48.2399],[-122.377,48.2382],[-122.3764,48.2336],[-122.3874,48.226],[-122.3923,48.2306],[-122.424,48.2282],[-122.4306,48.2362],[-122.4496,48.2326],[-122.4536,48.2268],[-122.4495,48.2147],[-122.4421,48.2094],[-122.4549,48.1966],[-122.4785,48.1881],[-122.479,48.1757],[-122.4758,48.1668],[-122.4659,48.1623],[-122.4424,48.1308],[-122.4231,48.1223],[-122.4215,48.1158],[-122.4116,48.1132],[-122.3795,48.0874],[-122.3568,48.0568],[-122.3724,48.056],[-122.3884,48.0636],[-122.4007,48.0853],[-122.4156,48.0927],[-122.4237,48.1029],[-122.4468,48.1092],[-122.4675,48.1304],[-122.49,48.1206],[-122.5106,48.1322],[-122.5157,48.1419],[-122.5135,48.1484],[-122.5372,48.1837],[-122.5319,48.1906],[-122.5385,48.2027],[-122.5389,48.2097]]]}},{"type":"Feature","properties":{"zipCode":"98286"},"geometry":{"type":"Polygon","coordinates":[[[-123.0165,48.5813],[-123.011,48.5893],[-123.0034,48.5857],[-122.9666,48.5947],[-122.9661,48.5905],[-122.9409,48.5861],[-122.943,48.5794],[-122.9378,48.5746],[-122.93,48.5757],[-122.9333,48.5809],[-122.9221,48.5871],[-122.9048,48.5824],[-122.9039,48.5757],[-122.9247,48.5546],[-122.9289,48.5595],[-122.9264,48.5637],[-122.9392,48.5628],[-122.9399,48.5518],[-122.9483,48.5469],[-122.9662,48.5491],[-122.9682,48.5551],[-122.978,48.5518],[-122.988,48.5618],[-122.9725,48.5587],[-122.9808,48.568],[-122.9847,48.5661],[-122.9994,48.5802],[-123.0142,48.579],[-123.0165,48.5813]]]}},{"type":"Feature","properties":{"zipCode":"98590"},"geometry":{"type":"Polygon","coordinates":[[[-124.0373,46.7221],[-124.0356,46.7324],[-124.0141,46.7323],[-124.0058,46.7259],[-123.9786,46.7223],[-123.9669,46.7052],[-123.9737,46.7034],[-123.9989,46.706],[-124.0171,46.7193],[-124.0291,46.7177],[-124.0367,46.7217],[-124.0373,46.7221]]]}},{"type":"Feature","properties":{"zipCode":"98593"},"geometry":{"type":"Polygon","coordinates":[[[-123.0802,46.4155],[-123.0517,46.4162],[-123.0524,46.4312],[-123.0316,46.4311],[-123.0315,46.4378],[-122.9999,46.4381],[-122.9955,46.4184],[-122.991,46.4131],[-122.9843,46.4142],[-122.9869,46.4095],[-122.9824,46.4061],[-122.9629,46.402],[-122.9631,46.4128],[-122.9492,46.4128],[-122.9491,46.4055],[-122.9282,46.4116],[-122.9338,46.4045],[-122.9313,46.3893],[-123.047,46.3876],[-123.0411,46.3909],[-123.0413,46.3971],[-123.0718,46.4017],[-123.0809,46.4123],[-123.0802,46.4155]]]}},{"type":"Feature","properties":{"zipCode":"98596"},"geometry":{"type":"Polygon","coordinates":[[[-123.0747,46.5353],[-123.0578,46.5377],[-123.042,46.5294],[-123.0376,46.5383],[-123.0323,46.5353],[-123.0323,46.5463],[-123.0218,46.5463],[-123.0224,46.562],[-122.9807,46.5615],[-122.9703,46.5732],[-122.9634,46.5727],[-122.9608,46.5838],[-122.9608,46.5764],[-122.9188,46.5763],[-122.9135,46.5727],[-122.9136,46.5618],[-122.9083,46.5653],[-122.8767,46.5617],[-122.873,46.5324],[-122.8655,46.5324],[-122.8655,46.5438],[-122.8557,46.5453],[-122.8558,46.5251],[-122.8159,46.5251],[-122.8124,46.5211],[-122.8207,46.5046],[-122.8614,46.4865],[-122.8635,46.4703],[-122.8831,46.4756],[-122.8876,46.4457],[-122.9063,46.4218],[-122.9441,46.4056],[-122.9491,46.4055],[-122.9492,46.4128],[-122.9631,46.4128],[-122.9629,46.402],[-122.9699,46.4019],[-122.9869,46.4095],[-122.9858,46.4152],[-122.991,46.4131],[-122.9999,46.4381],[-123.0315,46.4378],[-123.0316,46.4311],[-123.0524,46.4312],[-123.0526,46.4744],[-123.0283,46.4794],[-123.0484,46.4846],[-123.0558,46.492],[-123.0741,46.5343],[-123.0747,46.5353]]]}},{"type":"Feature","properties":{"zipCode":"98604"},"geometry":{"type":"Polygon","coordinates":[[[-122.6301,45.8281],[-122.6189,45.8265],[-122.6255,45.8334],[-122.6092,45.8333],[-122.5473,45.8609],[-122.5377,45.8739],[-122.5163,45.8739],[-122.5217,45.8606],[-122.5194,45.8563],[-122.5008,45.8606],[-122.5007,45.8543],[-122.4956,45.8544],[-122.4956,45.8498],[-122.5061,45.8498],[-122.5078,45.8372],[-122.5007,45.8332],[-122.453,45.8389],[-122.3862,45.8318],[-122.3731,45.8174],[-122.373,45.7573],[-122.378,45.7592],[-122.3781,45.7653],[-122.3862,45.758],[-122.4183,45.7589],[-122.4135,45.7556],[-122.4196,45.7533],[-122.4348,45.7591],[-122.4347,45.7663],[-122.445,45.7735],[-122.4522,45.767],[-122.4607,45.7669],[-122.4607,45.7628],[-122.4866,45.7619],[-122.5008,45.7668],[-122.5107,45.7579],[-122.5192,45.758],[-122.5268,45.749],[-122.5852,45.7284],[-122.5892,45.7331],[-122.5843,45.7331],[-122.5841,45.744],[-122.5996,45.7504],[-122.5996,45.7657],[-122.6205,45.7654],[-122.6152,45.7661],[-122.6156,45.7788],[-122.6255,45.7834],[-122.6205,45.7871],[-122.6205,45.7952],[-122.6126,45.7954],[-122.6067,45.8133],[-122.6217,45.8162],[-122.6314,45.8267],[-122.6301,45.8281]]]}},{"type":"Feature","properties":{"zipCode":"98605"},"geometry":{"type":"MultiPolygon","coordinates":[[[[-121.4815,45.7137],[-121.4816,45.7229],[-121.4642,45.7208],[-121.461,45.7162],[-121.4607,45.7207],[-121.4453,45.7104],[-121.427,45.7063],[-121.4251,45.6994],[-121.3956,45.6978],[-121.3833,45.7045],[-121.3835,45.6993],[-121.4017,45.6929],[-121.4236,45.694],[-121.4628,45.7014],[-121.4837,45.7125],[-121.4815,45.7137]]],[[[-121.738,45.7494],[-121.7229,45.759],[-121.7271,45.77],[-121.7084,45.7708],[-121.6786,45.796],[-121.6685,45.7954],[-121.6957,45.8253],[-121.6714,45.8298],[-121.6498,45.8613],[-121.6282,45.8694],[-121.6166,45.8685],[-121.6085,45.8581],[-121.6091,45.7509],[-121.6379,45.7447],[-121.6321,45.7298],[-121.6345,45.7228],[-121.6453,45.7173],[-121.6427,45.7131],[-121.6719,45.7097],[-121.697,45.7334],[-121.7066,45.7327],[-121.7113,45.7412],[-121.7359,45.7485],[-121.738,45.7494]]]]}},{"type":"Feature","properties":{"zipCode":"98606"},"geometry":{"type":"Polygon","coordinates":[[[-122.5761,45.7296],[-122.5268,45.749],[-122.5192,45.758],[-122.5107,45.7579],[-122.5008,45.7668],[-122.4866,45.7619],[-122.4607,45.7628],[-122.4607,45.7669],[-122.4522,45.767],[-122.445,45.7735],[-122.4347,45.7663],[-122.4348,45.7591],[-122.4196,45.7533],[-122.4135,45.7556],[-122.4183,45.7589],[-122.3862,45.758],[-122.3781,45.7653],[-122.378,45.7592],[-122.3672,45.75],[-122.3706,45.7447],[-122.3638,45.7264],[-122.3464,45.716],[-122.3724,45.7156],[-122.3735,45.6942],[-122.3935,45.6943],[-122.3935,45.6906],[-122.4348,45.6941],[-122.4346,45.7085],[-122.4399,45.7143],[-122.4398,45.7084],[-122.4522,45.7047],[-122.4688,45.6902],[-122.4925,45.6942],[-122.4953,45.6906],[-122.4958,45.7084],[-122.5061,45.7084],[-122.5061,45.6937],[-122.5061,45.7002],[-122.5164,45.7011],[-122.5164,45.7083],[-122.5242,45.7082],[-122.5242,45.7046],[-122.5372,45.7045],[-122.5371,45.7099],[-122.5509,45.708],[-122.5468,45.71],[-122.5517,45.7099],[-122.5525,45.7253],[-122.5681,45.7224],[-122.5682,45.726],[-122.576,45.7259],[-122.5761,45.7296]]]}},{"type":"Feature","properties":{"zipCode":"98621"},"geometry":{"type":"Polygon","coordinates":[[[-123.6442,46.3487],[-123.6433,46.3845],[-123.5581,46.3841],[-123.5635,46.3882],[-123.5601,46.3925],[-123.5628,46.3967],[-123.5481,46.4098],[-123.5552,46.4209],[-123.547,46.4356],[-123.5651,46.4544],[-123.6304,46.4569],[-123.6334,46.4602],[-123.6294,46.4707],[-123.5283,46.466],[-123.4542,46.4699],[-123.4722,46.4539],[-123.4609,46.4457],[-123.4634,46.4304],[-123.4547,46.4265],[-123.4616,46.4246],[-123.4636,46.4127],[-123.4769,46.4037],[-123.4798,46.3942],[-123.4624,46.3897],[-123.4603,46.3837],[-123.5103,46.3838],[-123.523,46.3745],[-123.523,46.3475],[-123.5129,46.3457],[-123.5115,46.3394],[-123.5166,46.3304],[-123.5839,46.3296],[-123.5914,46.3379],[-123.6082,46.3395],[-123.6125,46.3438],[-123.6297,46.3395],[-123.645,46.3487],[-123.6442,46.3487]]]}},{"type":"Feature","properties":{"zipCode":"98624"},"geometry":{"type":"Polygon","coordinates":[[[-124.0799,46.2996],[-124.0714,46.3055],[-124.0678,46.3169],[-124.0473,46.3166],[-124.055,46.3239],[-124.0475,46.3239],[-124.0447,46.3312],[-124.0365,46.3312],[-124.0367,46.3238],[-124.0471,46.3231],[-124.0453,46.3197],[-124.0385,46.3214],[-124.0339,46.3126],[-124.0206,46.3191],[-124.0203,46.3275],[-124.0154,46.331],[-123.9776,46.3306],[-123.9592,46.3481],[-123.9644,46.3762],[-124.0009,46.3727],[-123.9848,46.3787],[-123.9537,46.3788],[-123.952,46.4028],[-123.9391,46.4035],[-123.9347,46.4161],[-123.922,46.422],[-123.9341,46.4337],[-123.9306,46.4396],[-123.9387,46.4508],[-123.9351,46.4586],[-123.9263,46.4541],[-123.9249,46.4338],[-123.8931,46.4268],[-123.8823,46.3861],[-123.8698,46.3857],[-123.8698,46.3791],[-123.8488,46.3788],[-123.8497,46.3362],[-123.9636,46.3374],[-123.9639,46.3013],[-124.0206,46.3157],[-124.0329,46.3033],[-124.0493,46.2958],[-124.0516,46.2915],[-124.0416,46.2858],[-124.042,46.2761],[-124.061,46.2788],[-124.0778,46.2723],[-124.0794,46.2991],[-124.0799,46.2996]]]}},{"type":"Feature","properties":{"zipCode":"98632"},"geometry":{"type":"Polygon","coordinates":[[[-123.2237,46.178],[-123.2209,46.186],[-123.2135,46.186],[-123.2161,46.3241],[-123.188,46.3327],[-123.1506,46.33],[-123.1494,46.3332],[-123.1399,46.3286],[-123.1498,46.3264],[-123.1324,46.3197],[-123.1268,46.3101],[-123.1118,46.3146],[-123.103,46.3096],[-123.0967,46.3133],[-123.0853,46.3109],[-123.082,46.2944],[-123.0774,46.2932],[-123.0771,46.2801],[-123.053,46.2829],[-123.0521,46.2724],[-123.0299,46.2583],[-123.0301,46.2453],[-123.0201,46.2429],[-123.0202,46.2356],[-122.9895,46.2354],[-122.9895,46.2283],[-122.9686,46.2282],[-122.9686,46.2209],[-122.9585,46.221],[-122.9591,46.2066],[-122.9392,46.2089],[-122.9267,46.1984],[-122.9196,46.1852],[-122.9298,46.1868],[-122.9321,46.1834],[-122.9209,46.1821],[-122.9146,46.1743],[-122.9161,46.1515],[-122.9241,46.1445],[-122.9148,46.1427],[-122.9204,46.1236],[-122.8969,46.1135],[-122.8917,46.1069],[-122.8791,46.1069],[-122.8663,46.0798],[-122.87,46.0576],[-122.8813,46.046],[-122.8845,46.0603],[-122.9041,46.0837],[-122.9627,46.1048],[-123.0042,46.1338],[-123.0413,46.1464],[-123.1159,46.1853],[-123.1664,46.189],[-123.2131,46.1725],[-123.2133,46.1761],[-123.2236,46.1735],[-123.2237,46.178]]]}},{"type":"Feature","properties":{"zipCode":"98635"},"geometry":{"type":"Polygon","coordinates":[[[-121.3836,45.7174],[-121.3625,45.7176],[-121.3623,45.7385],[-121.3781,45.7587],[-121.3697,45.7872],[-121.3428,45.8024],[-121.3336,45.8171],[-121.3413,45.8209],[-121.3424,45.8301],[-121.3221,45.848],[-121.3222,45.8048],[-121.3173,45.8047],[-121.3173,45.7976],[-121.2808,45.8022],[-121.2756,45.812],[-121.2703,45.812],[-121.2704,45.8041],[-121.1747,45.8217],[-121.1739,45.8094],[-121.1504,45.8151],[-121.1464,45.8215],[-121.12,45.8178],[-121.1136,45.8252],[-121.1001,45.8245],[-121.0918,45.8187],[-121.0963,45.8154],[-121.0946,45.8105],[-121.0719,45.8106],[-121.0732,45.7527],[-121.0876,45.7383],[-121.0874,45.7237],[-121.0546,45.7186],[-121.0724,45.7064],[-121.0723,45.6948],[-121.0517,45.6948],[-121.0515,45.6618],[-121.0931,45.6541],[-121.0929,45.6656],[-121.084,45.6689],[-121.0993,45.6883],[-121.1489,45.6635],[-121.1767,45.6704],[-121.1769,45.6511],[-121.1983,45.6474],[-121.2158,45.6712],[-121.2873,45.687],[-121.3122,45.6999],[-121.3378,45.7049],[-121.3835,45.6993],[-121.3833,45.7045],[-121.3836,45.7174]]]}},{"type":"Feature","properties":{"zipCode":"98640"},"geometry":{"type":"Polygon","coordinates":[[[-124.0696,46.6307],[-124.0578,46.6453],[-124.0353,46.636],[-124.0341,46.6312],[-124.0524,46.62],[-124.0236,46.5826],[-124.0235,46.578],[-124.0318,46.5781],[-124.0265,46.5843],[-124.0434,46.6071],[-124.0506,46.6066],[-124.0542,46.5982],[-124.0544,46.5629],[-124.0482,46.5616],[-124.0479,46.548],[-124.0533,46.548],[-124.0535,46.541],[-124.0522,46.5374],[-124.0463,46.5409],[-124.0483,46.5435],[-124.0387,46.5408],[-124.0423,46.5335],[-124.0537,46.5338],[-124.0538,46.5305],[-124.0486,46.5304],[-124.0485,46.5265],[-124.0254,46.5263],[-124.0237,46.5121],[-124.0317,46.4964],[-124.0253,46.4594],[-124.0348,46.4604],[-124.0351,46.4467],[-124.0419,46.4467],[-124.0436,46.4539],[-124.0441,46.4468],[-124.0572,46.4465],[-124.057,46.4933],[-124.0684,46.6014],[-124.0696,46.6307]]]}},{"type":"Feature","properties":{"zipCode":"98644"},"geometry":{"type":"Polygon","coordinates":[[[-124.0646,46.3269],[-124.0633,46.3394],[-124.0536,46.3392],[-124.0528,46.3323],[-124.0444,46.3322],[-124.0385,46.3457],[-124.0284,46.3455],[-124.0287,46.335],[-124.005,46.3335],[-124.0203,46.3275],[-124.0206,46.3191],[-124.0285,46.3137],[-124.0369,46.3126],[-124.0385,46.3214],[-124.0453,46.3197],[-124.0471,46.3231],[-124.0367,46.3238],[-124.0365,46.3312],[-124.0447,46.3312],[-124.0475,46.3239],[-124.055,46.3239],[-124.0473,46.3166],[-124.0678,46.3169],[-124.0646,46.3269]]]}},{"type":"Feature","properties":{"zipCode":"98663"},"geometry":{"type":"Polygon","coordinates":[[[-122.6908,45.6718],[-122.6915,45.6762],[-122.6706,45.6649],[-122.6579,45.6633],[-122.6365,45.6716],[-122.6373,45.6506],[-122.6472,45.6421],[-122.6617,45.6387],[-122.663,45.6346],[-122.6502,45.6323],[-122.6526,45.6284],[-122.6716,45.6319],[-122.6706,45.6537],[-122.6888,45.6541],[-122.6916,45.6708],[-122.6908,45.6718]]]}},{"type":"Feature","properties":{"zipCode":"98664"},"geometry":{"type":"Polygon","coordinates":[[[-122.6064,45.6104],[-122.6004,45.6129],[-122.6042,45.6141],[-122.601,45.6324],[-122.5917,45.6339],[-122.5944,45.6404],[-122.582,45.6396],[-122.5856,45.6348],[-122.5812,45.635],[-122.5812,45.6395],[-122.5631,45.6421],[-122.55,45.5972],[-122.6077,45.6079],[-122.6064,45.6104]]]}},{"type":"Feature","properties":{"zipCode":"98466"},"geometry":{"type":"Polygon","coordinates":[[[-122.5757,47.215],[-122.5649,47.2272],[-122.5623,47.2452],[-122.5264,47.2427],[-122.5263,47.2499],[-122.5159,47.25],[-122.5178,47.2431],[-122.5049,47.2429],[-122.5008,47.2138],[-122.5052,47.2174],[-122.5266,47.2127],[-122.5771,47.2137],[-122.5757,47.215]]]}},{"type":"Feature","properties":{"zipCode":"98671"},"geometry":{"type":"Polygon","coordinates":[[[-122.3864,45.5957],[-122.3775,45.6012],[-122.3807,45.6062],[-122.372,45.6052],[-122.3737,45.6227],[-122.3831,45.6289],[-122.3831,45.6351],[-122.3523,45.645],[-122.3429,45.6574],[-122.2764,45.6561],[-122.2726,45.66],[-122.2765,45.665],[-122.2499,45.6641],[-122.2492,45.6729],[-122.2393,45.6633],[-122.2416,45.6715],[-122.2358,45.6801],[-122.2211,45.6813],[-122.2167,45.6893],[-122.2102,45.6821],[-122.2021,45.6814],[-122.2031,45.6774],[-122.1854,45.6758],[-122.1764,45.6795],[-122.176,45.6747],[-122.1691,45.6773],[-122.1641,45.6724],[-122.1599,45.6792],[-122.1516,45.6809],[-122.1517,45.6869],[-122.1553,45.6752],[-122.1457,45.6697],[-122.1338,45.679],[-122.1299,45.6758],[-122.137,45.6732],[-122.1343,45.6695],[-122.1396,45.6584],[-122.1468,45.6583],[-122.1425,45.6548],[-122.1447,45.6509],[-122.1661,45.6509],[-122.1666,45.6378],[-122.1362,45.6273],[-122.1257,45.6379],[-122.1259,45.6284],[-122.1047,45.6339],[-122.1048,45.6218],[-122.1113,45.6218],[-122.1137,45.6152],[-122.1017,45.5835],[-122.1407,45.5845],[-122.1837,45.5777],[-122.2017,45.5641],[-122.249,45.5477],[-122.2949,45.5435],[-122.3315,45.5482],[-122.3528,45.5694],[-122.3834,45.5756],[-122.3819,45.5829],[-122.3691,45.5817],[-122.3673,45.5853],[-122.3856,45.5918],[-122.3856,45.5953],[-122.3864,45.5957]]]}},{"type":"Feature","properties":{"zipCode":"98673"},"geometry":{"type":"Polygon","coordinates":[[[-121.0931,45.6541],[-121.0515,45.6618],[-121.0516,45.677],[-121.044,45.6769],[-121.0227,45.6933],[-120.8957,45.6938],[-120.8959,45.687],[-120.8856,45.6868],[-120.8852,45.6937],[-120.8854,45.676],[-120.9318,45.6683],[-120.9407,45.6656],[-120.9396,45.6596],[-120.9561,45.6593],[-120.9813,45.6527],[-120.9835,45.6483],[-121.0074,45.6532],[-121.0932,45.651],[-121.0931,45.6541]]]}},{"type":"Feature","properties":{"zipCode":"98682"},"geometry":{"type":"Polygon","coordinates":[[[-122.5705,45.6568],[-122.5488,45.6682],[-122.5525,45.6699],[-122.5528,45.6961],[-122.5481,45.6958],[-122.5476,45.7044],[-122.5528,45.7042],[-122.5527,45.708],[-122.5371,45.7099],[-122.5372,45.7045],[-122.5242,45.7046],[-122.5242,45.7082],[-122.5164,45.7083],[-122.5164,45.7011],[-122.5061,45.7002],[-122.506,45.6937],[-122.5061,45.7084],[-122.4958,45.7084],[-122.4953,45.6906],[-122.4925,45.6942],[-122.4688,45.6902],[-122.4522,45.7047],[-122.4398,45.7084],[-122.4399,45.7143],[-122.4346,45.7085],[-122.4348,45.6941],[-122.3935,45.6906],[-122.3934,45.6597],[-122.4172,45.6569],[-122.4063,45.6501],[-122.4348,45.6505],[-122.4347,45.6565],[-122.469,45.6564],[-122.4543,45.6409],[-122.4591,45.6379],[-122.4803,45.6456],[-122.4812,45.6421],[-122.5307,45.6429],[-122.532,45.6393],[-122.5372,45.6429],[-122.5631,45.6421],[-122.5683,45.6542],[-122.5705,45.6568]]]}},{"type":"Feature","properties":{"zipCode":"98683"},"geometry":{"type":"Polygon","coordinates":[[[-122.5589,45.621],[-122.5156,45.6168],[-122.5151,45.613],[-122.4956,45.6171],[-122.4956,45.6212],[-122.4759,45.6213],[-122.4782,45.5984],[-122.471,45.5764],[-122.55,45.5972],[-122.5578,45.6184],[-122.5589,45.621]]]}},{"type":"Feature","properties":{"zipCode":"98684"},"geometry":{"type":"Polygon","coordinates":[[[-122.5613,45.6424],[-122.5372,45.6429],[-122.532,45.6393],[-122.5307,45.6429],[-122.4812,45.6421],[-122.4803,45.6456],[-122.4568,45.6388],[-122.4759,45.635],[-122.4759,45.6213],[-122.4956,45.6212],[-122.4956,45.6171],[-122.5112,45.6163],[-122.5111,45.6131],[-122.5589,45.621],[-122.5631,45.6421],[-122.5613,45.6424]]]}},{"type":"Feature","properties":{"zipCode":"98686"},"geometry":{"type":"Polygon","coordinates":[[[-122.6567,45.7022],[-122.655,45.7183],[-122.6513,45.7197],[-122.6581,45.7363],[-122.6307,45.7364],[-122.6359,45.7454],[-122.6311,45.7599],[-122.6256,45.7581],[-122.6256,45.7645],[-122.5996,45.7657],[-122.5996,45.7504],[-122.5945,45.7478],[-122.5996,45.7477],[-122.5994,45.7219],[-122.5977,45.715],[-122.589,45.715],[-122.589,45.7077],[-122.5971,45.7077],[-122.5943,45.6969],[-122.6074,45.6927],[-122.6614,45.693],[-122.6567,45.7022]]]}},{"type":"Feature","properties":{"zipCode":"98587"},"geometry":{"type":"Polygon","coordinates":[[[-124.2998,47.3482],[-124.2589,47.3407],[-124.2533,47.3318],[-124.2438,47.3354],[-124.2456,47.3438],[-124.2311,47.3455],[-124.1995,47.3382],[-124.1878,47.345],[-124.1939,47.3537],[-124.1673,47.3617],[-124.168,47.3695],[-124.1568,47.3676],[-124.1434,47.3738],[-124.1209,47.3755],[-124.1088,47.3717],[-124.0871,47.3853],[-124.078,47.3821],[-124.0848,47.3783],[-124.0834,47.3712],[-124.0703,47.3668],[-124.0622,47.3698],[-124.0322,47.3571],[-124.0304,47.3439],[-124.0418,47.3258],[-124.0299,47.3197],[-124.0649,47.2892],[-124.0657,47.2943],[-124.0821,47.3002],[-124.0962,47.2957],[-124.1112,47.3014],[-124.109,47.3084],[-124.1164,47.3187],[-124.1291,47.3183],[-124.1666,47.2602],[-124.1781,47.2528],[-124.1774,47.2483],[-124.1742,47.2496],[-124.179,47.2449],[-124.2193,47.2442],[-124.2363,47.2873],[-124.2575,47.3041],[-124.2794,47.3043],[-124.2992,47.3473],[-124.2998,47.3482]]]}},{"type":"Feature","properties":{"zipCode":"98588"},"geometry":{"type":"Polygon","coordinates":[[[-123.1202,47.3915],[-123.0856,47.4413],[-123.0671,47.4552],[-123.0589,47.4708],[-123.0338,47.4941],[-123.0316,47.5114],[-123.0237,47.5203],[-123.0112,47.5183],[-123.0203,47.504],[-123.0176,47.496],[-123.0122,47.4954],[-123.0156,47.4872],[-123.006,47.4862],[-123.0036,47.4921],[-122.9919,47.4893],[-122.994,47.4834],[-123.0086,47.4801],[-123.0181,47.4722],[-122.994,47.4826],[-122.9864,47.4781],[-122.9707,47.4837],[-122.9728,47.4764],[-122.9462,47.4775],[-122.9396,47.4688],[-122.9134,47.4808],[-122.9145,47.4689],[-122.9079,47.4621],[-122.9143,47.4399],[-122.9507,47.4381],[-122.9526,47.4293],[-122.9779,47.4179],[-123.0016,47.4137],[-123.0067,47.397],[-123.0216,47.385],[-123.0503,47.3728],[-123.0532,47.3653],[-123.0816,47.3748],[-123.1106,47.3728],[-123.1135,47.3826],[-123.1197,47.3855],[-123.1202,47.3915]]]}},{"type":"Feature","properties":{"zipCode":"98526"},"geometry":{"type":"Polygon","coordinates":[[[-124.1407,47.5186],[-124.1323,47.5228],[-124.1167,47.5196],[-124.0826,47.5337],[-124.0608,47.5337],[-124.0465,47.5337],[-124.0467,47.5185],[-123.7795,47.5177],[-123.8002,47.5066],[-123.8022,47.4985],[-123.8173,47.5013],[-123.8224,47.4952],[-123.832,47.4982],[-123.8418,47.492],[-123.8314,47.4809],[-123.833,47.4748],[-123.8612,47.462],[-123.9059,47.4227],[-123.9218,47.4372],[-123.9274,47.433],[-123.947,47.4325],[-123.9516,47.4219],[-123.9607,47.4185],[-123.9478,47.4174],[-123.9771,47.4181],[-123.9944,47.4274],[-124.0331,47.4077],[-124.0326,47.4157],[-124.0243,47.4225],[-124.0243,47.4325],[-124.1271,47.4324],[-124.1221,47.4359],[-124.1277,47.4328],[-124.1398,47.4381],[-124.1407,47.5186]]]}},{"type":"Feature","properties":{"zipCode":"98555"},"geometry":{"type":"Polygon","coordinates":[[[-123.1299,47.4812],[-123.095,47.5199],[-123.1147,47.5239],[-123.1021,47.5269],[-123.0981,47.5332],[-123.1105,47.5345],[-123.0805,47.5412],[-123.0681,47.5635],[-123.0469,47.5701],[-123.1153,47.5911],[-123.0964,47.5978],[-123.0861,47.607],[-122.9816,47.6062],[-123.0042,47.5834],[-123.022,47.5565],[-123.0301,47.5528],[-123.0253,47.5485],[-123.0309,47.54],[-123.0401,47.5385],[-123.0486,47.5292],[-123.0465,47.5237],[-123.0562,47.5095],[-123.0532,47.5071],[-123.0757,47.4876],[-123.0757,47.4822],[-123.1013,47.4634],[-123.1144,47.4633],[-123.1125,47.4579],[-123.1308,47.4676],[-123.1299,47.4812]]]}},{"type":"Feature","properties":{"zipCode":"98560"},"geometry":{"type":"Polygon","coordinates":[[[-123.5053,47.3294],[-123.5051,47.3441],[-123.493,47.3484],[-123.4882,47.3592],[-123.3766,47.3593],[-123.3343,47.3443],[-123.3766,47.3448],[-123.3766,47.2795],[-123.3906,47.2769],[-123.4084,47.2659],[-123.4217,47.2499],[-123.4079,47.2381],[-123.4218,47.2276],[-123.422,47.2204],[-123.4275,47.2205],[-123.426,47.2277],[-123.4486,47.2278],[-123.447,47.2648],[-123.468,47.2638],[-123.4687,47.2679],[-123.482,47.2564],[-123.505,47.2585],[-123.5055,47.281],[-123.5053,47.3294]]]}},{"type":"Feature","properties":{"zipCode":"98564"},"geometry":{"type":"Polygon","coordinates":[[[-122.6157,46.5099],[-122.5965,46.5031],[-122.5808,46.5041],[-122.5659,46.516],[-122.5575,46.5393],[-122.5381,46.5375],[-122.5109,46.557],[-122.5029,46.5569],[-122.4965,46.5507],[-122.4844,46.5529],[-122.4618,46.536],[-122.4397,46.54],[-122.3686,46.5213],[-122.3245,46.4898],[-122.276,46.4694],[-122.2449,46.4683],[-122.2329,46.4445],[-122.2381,46.4202],[-122.2266,46.4148],[-122.2283,46.4057],[-122.238,46.4023],[-122.2386,46.4074],[-122.2522,46.4061],[-122.2907,46.3855],[-122.5801,46.3878],[-122.5818,46.4053],[-122.5764,46.4078],[-122.5799,46.4169],[-122.5893,46.4155],[-122.5829,46.4204],[-122.5864,46.4265],[-122.5822,46.4312],[-122.5938,46.431],[-122.5939,46.4599],[-122.6158,46.4607],[-122.6157,46.5099]]]}},{"type":"Feature","properties":{"zipCode":"98572"},"geometry":{"type":"Polygon","coordinates":[[[-123.3656,46.5771],[-123.3654,46.6196],[-123.3416,46.6228],[-123.3367,46.6296],[-123.3207,46.6282],[-123.3205,46.6201],[-123.2751,46.6204],[-123.2876,46.6068],[-123.2773,46.6005],[-123.2908,46.5905],[-123.2882,46.5866],[-123.2997,46.5808],[-123.2899,46.5756],[-123.2929,46.5668],[-123.2814,46.5625],[-123.2816,46.5559],[-123.2994,46.5535],[-123.3014,46.5597],[-123.3058,46.5595],[-123.3047,46.5483],[-123.2905,46.5375],[-123.2936,46.5314],[-123.2877,46.5299],[-123.2926,46.524],[-123.2791,46.5271],[-123.2768,46.5235],[-123.281,46.5224],[-123.2733,46.5169],[-123.273,46.5121],[-123.2901,46.5022],[-123.2962,46.4932],[-123.2912,46.491],[-123.2923,46.4825],[-123.2981,46.4816],[-123.2945,46.4772],[-123.3116,46.4728],[-123.3504,46.4787],[-123.3576,46.4839],[-123.3595,46.5626],[-123.365,46.563],[-123.3656,46.5771]]]}},{"type":"Feature","properties":{"zipCode":"98579"},"geometry":{"type":"Polygon","coordinates":[[[-123.3302,46.75],[-123.2877,46.7512],[-123.2877,46.7652],[-123.2771,46.7652],[-123.277,46.7794],[-123.2665,46.7795],[-123.2665,46.7867],[-123.2563,46.7865],[-123.2563,46.7928],[-123.182,46.794],[-123.182,46.8028],[-123.1603,46.7992],[-123.1606,46.8241],[-123.1569,46.8269],[-123.1605,46.8272],[-123.1608,46.8526],[-123.124,46.8529],[-123.1262,46.844],[-123.1327,46.8432],[-123.1175,46.8308],[-123.0983,46.8503],[-123.0882,46.8542],[-123.0582,46.8489],[-123.0431,46.8537],[-123.0239,46.8729],[-123.0275,46.8787],[-123.0238,46.8956],[-123.0112,46.9018],[-122.9805,46.8966],[-122.9803,46.8886],[-122.976,46.8869],[-122.9621,46.8932],[-122.9778,46.8512],[-122.9659,46.8512],[-122.9653,46.8291],[-122.9599,46.8222],[-122.9501,46.8221],[-122.9204,46.8067],[-122.9293,46.8053],[-122.9294,46.7928],[-122.9714,46.7931],[-122.9727,46.7735],[-122.9818,46.7788],[-122.9818,46.7933],[-123.0107,46.7936],[-123.0141,46.7994],[-123.0224,46.799],[-123.0318,46.7921],[-123.0495,46.7932],[-123.0538,46.7893],[-123.0869,46.7969],[-123.0619,46.7913],[-123.0662,46.7823],[-123.0816,46.7821],[-123.0873,46.775],[-123.0977,46.7749],[-123.0981,46.7602],[-123.1191,46.7586],[-123.119,46.7352],[-123.1398,46.7349],[-123.1415,46.7222],[-123.2244,46.7207],[-123.2246,46.7062],[-123.2831,46.7067],[-123.2827,46.7365],[-123.3305,46.7363],[-123.3302,46.75]]]}},{"type":"Feature","properties":{"zipCode":"98581"},"geometry":{"type":"Polygon","coordinates":[[[-123.1549,46.3688],[-123.1492,46.3744],[-123.1509,46.3835],[-123.1395,46.3866],[-122.9898,46.3874],[-122.9894,46.3439],[-123.0105,46.3437],[-123.0102,46.3295],[-123.0725,46.3292],[-123.0726,46.3219],[-123.0902,46.3209],[-123.0853,46.3109],[-123.0967,46.3133],[-123.0997,46.3092],[-123.1118,46.3146],[-123.0973,46.328],[-123.1138,46.3282],[-123.1142,46.3427],[-123.1345,46.3426],[-123.1344,46.3569],[-123.1549,46.3567],[-123.1549,46.3688]]]}},{"type":"Feature","properties":{"zipCode":"98405"},"geometry":{"type":"Polygon","coordinates":[[[-122.5051,47.2501],[-122.5045,47.2549],[-122.4671,47.2547],[-122.4477,47.2638],[-122.4414,47.2362],[-122.4952,47.2349],[-122.505,47.2443],[-122.5051,47.2501]]]}},{"type":"Feature","properties":{"zipCode":"98407"},"geometry":{"type":"MultiPolygon","coordinates":[[[[-122.5316,47.2745],[-122.5285,47.272],[-122.5336,47.2723],[-122.5316,47.2745]]],[[[-122.5474,47.3177],[-122.5333,47.3166],[-122.5121,47.307],[-122.4867,47.2857],[-122.4646,47.2761],[-122.4733,47.2706],[-122.5242,47.2708],[-122.533,47.2764],[-122.5289,47.2931],[-122.5477,47.3164],[-122.5474,47.3177]],[[-122.4989,47.2947],[-122.5051,47.2976],[-122.4995,47.2943],[-122.4989,47.2947]],[[-122.5051,47.2976],[-122.5077,47.2986],[-122.5051,47.2976]]]]}},{"type":"Feature","properties":{"zipCode":"98408"},"geometry":{"type":"Polygon","coordinates":[[[-122.4638,47.1847],[-122.462,47.2156],[-122.4327,47.2152],[-122.4314,47.1809],[-122.458,47.181],[-122.4632,47.1847],[-122.4638,47.1847]]]}},{"type":"Feature","properties":{"zipCode":"98409"},"geometry":{"type":"Polygon","coordinates":[[[-122.5088,47.192],[-122.5019,47.2101],[-122.5052,47.2138],[-122.5008,47.2138],[-122.5052,47.2436],[-122.4952,47.2349],[-122.4405,47.2353],[-122.4432,47.2308],[-122.463,47.2283],[-122.4638,47.1847],[-122.4837,47.1847],[-122.4854,47.1904],[-122.4872,47.1847],[-122.501,47.1828],[-122.5088,47.1906],[-122.5088,47.192]]]}},{"type":"Feature","properties":{"zipCode":"98418"},"geometry":{"type":"Polygon","coordinates":[[[-122.4633,47.223],[-122.4607,47.2304],[-122.429,47.2307],[-122.4313,47.2148],[-122.4626,47.2147],[-122.4633,47.221],[-122.4633,47.223]]]}},{"type":"Feature","properties":{"zipCode":"98421"},"geometry":{"type":"Polygon","coordinates":[[[-122.4368,47.2619],[-122.4213,47.2702],[-122.4107,47.2874],[-122.3573,47.259],[-122.3595,47.2463],[-122.3995,47.2472],[-122.3996,47.2404],[-122.3943,47.2364],[-122.402,47.2401],[-122.4312,47.2334],[-122.4345,47.2433],[-122.431,47.2435],[-122.4314,47.2519],[-122.4376,47.2619],[-122.4368,47.2619]]]}},{"type":"Feature","properties":{"zipCode":"98444"},"geometry":{"type":"Polygon","coordinates":[[[-122.4725,47.1702],[-122.4638,47.1847],[-122.4314,47.1809],[-122.4315,47.1609],[-122.4237,47.1606],[-122.4316,47.1583],[-122.4262,47.1571],[-122.4316,47.1554],[-122.4297,47.1281],[-122.4348,47.1273],[-122.4304,47.1252],[-122.4334,47.1217],[-122.4291,47.1123],[-122.4347,47.1124],[-122.4349,47.1195],[-122.4696,47.1276],[-122.4638,47.1387],[-122.4695,47.1413],[-122.4672,47.1626],[-122.472,47.1702],[-122.4725,47.1702]],[[-122.4503,47.1449],[-122.4398,47.1419],[-122.4397,47.1476],[-122.4503,47.1463],[-122.4503,47.1449]]]}},{"type":"Feature","properties":{"zipCode":"98445"},"geometry":{"type":"Polygon","coordinates":[[[-122.4348,47.1273],[-122.4297,47.1281],[-122.4316,47.1554],[-122.4261,47.1553],[-122.4316,47.1583],[-122.4237,47.1586],[-122.4315,47.1609],[-122.4314,47.1809],[-122.3905,47.1809],[-122.3889,47.1622],[-122.3928,47.1585],[-122.3889,47.1581],[-122.3929,47.1549],[-122.3889,47.1549],[-122.3892,47.1394],[-122.3973,47.1301],[-122.3893,47.1276],[-122.3892,47.0968],[-122.3897,47.0821],[-122.4003,47.0823],[-122.3999,47.1082],[-122.4219,47.1086],[-122.4293,47.1045],[-122.4291,47.1179],[-122.4334,47.1217],[-122.4304,47.1252],[-122.4348,47.1262],[-122.4348,47.1273]]]}},{"type":"Feature","properties":{"zipCode":"98498"},"geometry":{"type":"Polygon","coordinates":[[[-122.6031,47.1429],[-122.603,47.1595],[-122.5826,47.1611],[-122.5825,47.1698],[-122.5743,47.1755],[-122.5773,47.185],[-122.5709,47.1948],[-122.527,47.1979],[-122.5349,47.1725],[-122.5408,47.1687],[-122.5281,47.157],[-122.5391,47.1544],[-122.5419,47.1449],[-122.5264,47.1411],[-122.5252,47.1366],[-122.5569,47.1184],[-122.5704,47.1249],[-122.5632,47.1394],[-122.5685,47.1395],[-122.5685,47.1459],[-122.596,47.1381],[-122.6054,47.1407],[-122.6031,47.1429]]]}},{"type":"Feature","properties":{"zipCode":"98499"},"geometry":{"type":"Polygon","coordinates":[[[-122.5418,47.1486],[-122.5391,47.1544],[-122.5281,47.157],[-122.5408,47.1687],[-122.5349,47.1725],[-122.527,47.1979],[-122.5051,47.1905],[-122.501,47.1828],[-122.4872,47.1847],[-122.4854,47.1904],[-122.4837,47.1847],[-122.4638,47.1847],[-122.4725,47.1702],[-122.468,47.1542],[-122.4888,47.1558],[-122.4956,47.1521],[-122.4974,47.1392],[-122.5149,47.1414],[-122.5252,47.1366],[-122.5264,47.1411],[-122.5419,47.1449],[-122.5418,47.1486]]]}},{"type":"Feature","properties":{"zipCode":"98502"},"geometry":{"type":"Polygon","coordinates":[[[-123.2019,47.0851],[-123.0898,47.0853],[-123.0907,47.0953],[-123.075,47.0894],[-123.0737,47.1062],[-123.0587,47.1145],[-123.0214,47.1181],[-123.0057,47.1489],[-122.9612,47.1644],[-122.9492,47.1739],[-122.947,47.1856],[-122.9399,47.1899],[-122.9348,47.182],[-122.9113,47.176],[-122.9035,47.1575],[-122.9157,47.1339],[-122.9163,47.0819],[-122.9095,47.0595],[-122.9078,47.0288],[-122.9033,47.0238],[-122.9064,47.0211],[-122.9656,47.042],[-122.9852,47.0425],[-123.0205,47.0583],[-123.0555,47.041],[-123.1164,47.0327],[-123.1213,47.0258],[-123.137,47.0222],[-123.2009,47.0148],[-123.201,47.0681],[-123.2019,47.0851]],[[-122.9818,47.0753],[-122.9779,47.0686],[-122.9643,47.0756],[-122.9818,47.0761],[-122.9818,47.0753]]]}},{"type":"Feature","properties":{"zipCode":"98503"},"geometry":{"type":"Polygon","coordinates":[[[-122.8394,47.032],[-122.8392,47.0454],[-122.7646,47.054],[-122.7673,47.0244],[-122.7544,47.0175],[-122.7544,47.0033],[-122.7858,47.0054],[-122.8079,47.0034],[-122.8073,46.9962],[-122.8336,46.9963],[-122.8341,47.0207],[-122.8384,47.0216],[-122.8396,47.0312],[-122.8394,47.032]]]}},{"type":"Feature","properties":{"zipCode":"98506"},"geometry":{"type":"Polygon","coordinates":[[[-122.9166,47.0864],[-122.915,47.1383],[-122.9057,47.1556],[-122.8773,47.159],[-122.8584,47.1678],[-122.8441,47.1645],[-122.8384,47.1513],[-122.8441,47.1477],[-122.8478,47.1306],[-122.8429,47.1305],[-122.8317,47.1154],[-122.8284,47.0948],[-122.8233,47.0942],[-122.8318,47.0942],[-122.8337,47.0885],[-122.8327,47.0815],[-122.8282,47.0809],[-122.8337,47.0764],[-122.8337,47.0541],[-122.824,47.0541],[-122.8231,47.0505],[-122.8518,47.0457],[-122.8519,47.0414],[-122.8591,47.0463],[-122.8955,47.0453],[-122.8962,47.0498],[-122.8928,47.0496],[-122.9012,47.0625],[-122.9095,47.0595],[-122.9167,47.0862],[-122.9166,47.0864]]]}},{"type":"Feature","properties":{"zipCode":"98512"},"geometry":{"type":"Polygon","coordinates":[[[-123.2009,47.0105],[-123.201,47.0147],[-123.1213,47.0258],[-123.1164,47.0327],[-123.0555,47.041],[-123.0205,47.0583],[-122.9852,47.0425],[-122.9656,47.042],[-122.9267,47.0261],[-122.9124,47.0253],[-122.9064,47.0211],[-122.9065,47.0102],[-122.9291,46.978],[-122.9288,46.9693],[-122.9132,46.967],[-122.9099,46.9596],[-122.9142,46.9528],[-122.8972,46.9517],[-122.9037,46.9485],[-122.9079,46.9363],[-122.9079,46.9208],[-122.9036,46.9166],[-122.8656,46.9165],[-122.8664,46.9003],[-122.9303,46.8979],[-122.9183,46.8897],[-122.9402,46.89],[-122.9472,46.8962],[-122.961,46.8966],[-122.9742,46.8867],[-122.9803,46.8886],[-122.9805,46.8966],[-123.0184,46.9007],[-123.0238,46.8956],[-123.0275,46.8787],[-123.0239,46.8729],[-123.0431,46.8537],[-123.0582,46.8489],[-123.0882,46.8542],[-123.1186,46.8311],[-123.1327,46.8432],[-123.1262,46.844],[-123.124,46.8529],[-123.1608,46.8526],[-123.1584,46.9959],[-123.2031,46.997],[-123.2009,47.0105]],[[-123.1433,46.8825],[-123.1373,46.8881],[-123.1462,46.8837],[-123.1433,46.8825]]]}},{"type":"Feature","properties":{"zipCode":"98524"},"geometry":{"type":"MultiPolygon","coordinates":[[[[-122.8657,47.3812],[-122.8493,47.3855],[-122.8543,47.399],[-122.8468,47.418],[-122.8415,47.4109],[-122.8291,47.4126],[-122.8193,47.4068],[-122.8284,47.4052],[-122.8241,47.3916],[-122.8329,47.3764],[-122.8247,47.3697],[-122.8244,47.339],[-122.8323,47.3335],[-122.8551,47.3358],[-122.8617,47.3426],[-122.8457,47.3602],[-122.8657,47.3603],[-122.8657,47.3812]]],[[[-122.8959,47.324],[-122.8658,47.3395],[-122.8659,47.323],[-122.8761,47.3229],[-122.876,47.3193],[-122.8995,47.3229],[-122.8959,47.324]]]]}},{"type":"Feature","properties":{"zipCode":"99349"},"geometry":{"type":"Polygon","coordinates":[[[-119.973,46.7371],[-119.97,46.755],[-119.9431,46.7747],[-119.9274,46.7984],[-119.9262,46.8142],[-119.9173,46.8174],[-119.9209,46.8203],[-119.8832,46.8282],[-119.7408,46.8315],[-119.7624,46.8012],[-119.7614,46.7956],[-119.3694,46.7956],[-119.3692,46.6782],[-119.4532,46.6792],[-119.4523,46.6892],[-119.4858,46.7157],[-119.5166,46.7276],[-119.5817,46.6699],[-119.6255,46.6447],[-119.6592,46.6403],[-119.7111,46.6488],[-119.751,46.6357],[-119.8224,46.6261],[-119.8667,46.6266],[-119.9015,46.6356],[-119.9173,46.6554],[-119.9442,46.6732],[-119.9736,46.7294],[-119.973,46.7371]]]}},{"type":"Feature","properties":{"zipCode":"99352"},"geometry":{"type":"Polygon","coordinates":[[[-119.3685,46.2644],[-119.3558,46.2563],[-119.3313,46.257],[-119.3266,46.2583],[-119.3263,46.2714],[-119.3146,46.2714],[-119.3187,46.279],[-119.2832,46.2804],[-119.2849,46.2857],[-119.2714,46.2852],[-119.2616,46.2704],[-119.2382,46.2621],[-119.2104,46.2389],[-119.1916,46.2334],[-119.1909,46.2295],[-119.2295,46.2294],[-119.2437,46.2356],[-119.249,46.2336],[-119.2491,46.2272],[-119.2439,46.2272],[-119.2428,46.2085],[-119.2641,46.1984],[-119.2699,46.2044],[-119.264,46.2072],[-119.2754,46.2065],[-119.2713,46.2129],[-119.2862,46.2131],[-119.2917,46.2188],[-119.3071,46.2171],[-119.3063,46.2016],[-119.327,46.202],[-119.3271,46.2133],[-119.3449,46.2133],[-119.369,46.25],[-119.3685,46.2644]]]}},{"type":"Feature","properties":{"zipCode":"99354"},"geometry":{"type":"Polygon","coordinates":[[[-119.3919,46.3671],[-119.3656,46.3613],[-119.3625,46.3654],[-119.3053,46.3611],[-119.3049,46.3971],[-119.2838,46.3977],[-119.2849,46.3727],[-119.2694,46.3703],[-119.2569,46.3454],[-119.2505,46.3183],[-119.2519,46.3082],[-119.2675,46.2826],[-119.2849,46.2857],[-119.2832,46.2804],[-119.3187,46.279],[-119.329,46.2875],[-119.324,46.2946],[-119.3364,46.3],[-119.3291,46.3077],[-119.3396,46.3129],[-119.34,46.3289],[-119.3486,46.3334],[-119.3462,46.3415],[-119.3927,46.3669],[-119.3919,46.3671]]]}},{"type":"Feature","properties":{"zipCode":"99357"},"geometry":{"type":"Polygon","coordinates":[[[-119.9673,46.9708],[-119.704,46.9718],[-119.6511,46.9639],[-119.6253,47.0014],[-119.5576,47.0012],[-119.5578,46.945],[-119.5624,46.9405],[-119.5149,46.9489],[-119.5155,46.9132],[-119.4957,46.9131],[-119.496,46.8974],[-119.4746,46.8977],[-119.475,46.8756],[-119.5052,46.8752],[-119.5052,46.8691],[-119.4534,46.8559],[-119.4542,46.7955],[-119.7614,46.7956],[-119.7624,46.8012],[-119.7408,46.8315],[-119.7902,46.8306],[-119.7905,46.8839],[-119.9178,46.8836],[-119.9205,46.9279],[-119.9579,46.9318],[-119.9674,46.9662],[-119.9673,46.9708]]]}},{"type":"Feature","properties":{"zipCode":"99360"},"geometry":{"type":"Polygon","coordinates":[[[-118.8417,46.0751],[-118.7992,46.0749],[-118.8116,46.0774],[-118.8093,46.1063],[-118.8051,46.1249],[-118.7881,46.1383],[-118.722,46.1375],[-118.7215,46.1808],[-118.6794,46.1874],[-118.6792,46.2385],[-118.5927,46.2111],[-118.5808,46.201],[-118.5835,46.1975],[-118.5749,46.1851],[-118.5811,46.1654],[-118.5543,46.1654],[-118.5548,46.064],[-118.5758,46.0625],[-118.5807,46.0558],[-118.5759,46.0546],[-118.5906,46.0562],[-118.5914,46.0522],[-118.5548,46.048],[-118.5549,46.0287],[-118.5513,46.0271],[-118.4925,46.0273],[-118.4909,46.0201],[-118.4544,46.0158],[-118.4464,46.0094],[-118.446,46.0006],[-118.7887,46.0008],[-118.833,46.0327],[-118.8399,46.0741],[-118.8417,46.0751]]]}},{"type":"Feature","properties":{"zipCode":"99403"},"geometry":{"type":"Polygon","coordinates":[[[-117.4208,46.3387],[-117.4196,46.412],[-117.3634,46.4122],[-117.356,46.4158],[-117.3576,46.4715],[-117.2379,46.4701],[-117.2065,46.4489],[-117.2145,46.4304],[-117.1999,46.4202],[-117.1516,46.4306],[-117.0895,46.4168],[-117.0536,46.43],[-117.0398,46.4259],[-117.0347,46.4183],[-117.0469,46.3796],[-117.0628,46.3653],[-117.0596,46.3443],[-117.0672,46.3478],[-117.0752,46.3425],[-117.1123,46.3524],[-117.1123,46.3451],[-117.1335,46.3452],[-117.1335,46.3378],[-117.256,46.338],[-117.256,46.3236],[-117.2721,46.3237],[-117.2721,46.3088],[-117.3148,46.3091],[-117.3146,46.2942],[-117.3565,46.2944],[-117.3565,46.2906],[-117.3671,46.2906],[-117.3672,46.2831],[-117.4025,46.2837],[-117.4194,46.2776],[-117.4208,46.2942],[-117.4208,46.3387]]]}},{"type":"Feature","properties":{"zipCode":"98860"},"geometry":{"type":"Polygon","coordinates":[[[-119.2768,47.5079],[-119.2546,47.5399],[-119.214,47.5401],[-119.1924,47.5392],[-119.1925,47.5247],[-119.128,47.524],[-119.1281,47.5385],[-119.0858,47.5385],[-119.0857,47.5095],[-119.014,47.5093],[-119.0033,47.5041],[-118.9777,47.5086],[-118.9778,47.4766],[-118.9851,47.4661],[-118.9779,47.461],[-118.9787,47.4149],[-119.0001,47.4148],[-119.0,47.4096],[-119.0638,47.4144],[-119.1012,47.4081],[-119.1129,47.4095],[-119.1317,47.4227],[-119.1328,47.4183],[-119.1626,47.42],[-119.1706,47.4161],[-119.1743,47.4055],[-119.1916,47.4025],[-119.1921,47.3932],[-119.2343,47.3946],[-119.2339,47.4717],[-119.2409,47.473],[-119.246,47.4869],[-119.2625,47.4972],[-119.2762,47.4998],[-119.2768,47.504],[-119.2768,47.5079]]]}},{"type":"Feature","properties":{"zipCode":"98950"},"geometry":{"type":"Polygon","coordinates":[[[-120.0488,46.9461],[-120.0488,46.9564],[-120.0277,46.9567],[-120.0275,46.9857],[-120.0063,46.9854],[-120.0071,46.9988],[-120.0021,46.9973],[-119.9661,46.9437],[-119.9646,46.8572],[-119.9256,46.8114],[-119.9279,46.7975],[-119.9431,46.7747],[-119.97,46.755],[-119.973,46.7371],[-120.0226,46.7374],[-120.0232,46.8816],[-119.9859,46.879],[-119.9949,46.9052],[-119.9894,46.9404],[-120.0488,46.9418],[-120.0488,46.9461]]]}},{"type":"Feature","properties":{"zipCode":"99017"},"geometry":{"type":"Polygon","coordinates":[[[-117.9609,47.2606],[-117.7492,47.2602],[-117.7494,47.2291],[-117.7439,47.2272],[-117.7477,47.2143],[-117.7396,47.2081],[-117.77,47.2077],[-117.7896,47.1973],[-117.8265,47.1898],[-117.8331,47.1924],[-117.8293,47.1703],[-117.8148,47.1609],[-117.7911,47.1593],[-117.7912,47.156],[-117.802,47.156],[-117.8019,47.134],[-117.8125,47.1339],[-117.8121,47.1193],[-117.8466,47.1161],[-117.8533,47.1099],[-117.8531,47.0915],[-117.857,47.09],[-117.9145,47.0885],[-117.9361,47.073],[-117.9596,47.067],[-117.9604,47.2211],[-117.9609,47.2606]]]}},{"type":"Feature","properties":{"zipCode":"99203"},"geometry":{"type":"Polygon","coordinates":[[[-117.4366,47.6406],[-117.3765,47.6428],[-117.378,47.6392],[-117.373,47.638],[-117.3781,47.6367],[-117.3739,47.6318],[-117.3784,47.63],[-117.3789,47.6133],[-117.4059,47.6137],[-117.422,47.6189],[-117.4394,47.6405],[-117.4366,47.6406]]]}},{"type":"Feature","properties":{"zipCode":"99223"},"geometry":{"type":"Polygon","coordinates":[[[-117.4165,47.6137],[-117.3779,47.6136],[-117.3792,47.6254],[-117.3739,47.6355],[-117.3781,47.6367],[-117.373,47.638],[-117.378,47.6392],[-117.3765,47.6428],[-117.3363,47.6426],[-117.3363,47.639],[-117.3194,47.64],[-117.3096,47.6352],[-117.3096,47.6279],[-117.3043,47.6299],[-117.2935,47.6207],[-117.2977,47.5943],[-117.2816,47.5944],[-117.2814,47.5798],[-117.2598,47.5798],[-117.26,47.5727],[-117.2417,47.573],[-117.2525,47.561],[-117.2709,47.5652],[-117.2711,47.5435],[-117.2811,47.5435],[-117.2819,47.5363],[-117.345,47.554],[-117.3429,47.55],[-117.3523,47.5436],[-117.3779,47.542],[-117.3683,47.5526],[-117.3809,47.5583],[-117.3797,47.5803],[-117.3903,47.5803],[-117.3902,47.5876],[-117.4021,47.5874],[-117.3994,47.5919],[-117.4072,47.5986],[-117.4019,47.6009],[-117.4134,47.6047],[-117.4099,47.6072],[-117.4177,47.6137],[-117.4165,47.6137]]]}},{"type":"Feature","properties":{"zipCode":"99322"},"geometry":{"type":"Polygon","coordinates":[[[-120.4645,46.0102],[-120.4559,46.019],[-120.4405,46.0172],[-120.3762,46.0287],[-120.3403,46.0414],[-120.0088,46.041],[-119.9898,46.0235],[-119.9923,45.9102],[-119.9979,45.9082],[-119.982,45.8986],[-119.9818,45.8854],[-119.9766,45.8806],[-119.9514,45.8691],[-119.9238,45.867],[-119.9272,45.8616],[-119.9214,45.8569],[-119.9189,45.8453],[-119.9289,45.8355],[-119.9087,45.8351],[-119.9089,45.828],[-119.9764,45.8206],[-120.055,45.8221],[-120.0554,45.8073],[-120.1177,45.8082],[-120.1178,45.7933],[-120.1896,45.7937],[-120.2207,45.8371],[-120.2595,45.8711],[-120.2626,45.8956],[-120.2729,45.8956],[-120.273,45.9142],[-120.2828,45.9175],[-120.2832,45.9346],[-120.2913,45.939],[-120.325,45.9391],[-120.3264,45.983],[-120.3221,45.9902],[-120.3616,45.9976],[-120.3283,46.0196],[-120.3772,46.0202],[-120.4278,46.006],[-120.464,46.0074],[-120.4645,46.0102]]]}},{"type":"Feature","properties":{"zipCode":"99324"},"geometry":{"type":"Polygon","coordinates":[[[-118.4094,46.0421],[-118.4095,46.0493],[-118.4017,46.0482],[-118.3894,46.0566],[-118.3724,46.0602],[-118.3744,46.0569],[-118.3628,46.0416],[-118.373,46.0312],[-118.3887,46.0275],[-118.394,46.0275],[-118.3888,46.0284],[-118.3886,46.0353],[-118.4095,46.0384],[-118.4094,46.0421]]]}},{"type":"Feature","properties":{"zipCode":"99330"},"geometry":{"type":"Polygon","coordinates":[[[-119.2407,46.5097],[-119.2379,46.5142],[-119.2381,46.507],[-119.2127,46.5103],[-119.1877,46.5196],[-119.1498,46.5196],[-119.1457,46.5084],[-119.1331,46.4955],[-119.1201,46.4958],[-119.118,46.506],[-119.111,46.5018],[-119.111,46.5181],[-119.0495,46.518],[-119.0493,46.5326],[-119.0285,46.5328],[-119.0279,46.5471],[-119.0066,46.5465],[-118.9923,46.5669],[-118.9841,46.571],[-118.9217,46.5638],[-118.9063,46.5681],[-118.8866,46.5617],[-118.8661,46.5617],[-118.8936,46.5173],[-118.9188,46.5059],[-118.9318,46.4939],[-118.9748,46.4808],[-118.9871,46.4722],[-118.987,46.4664],[-118.9793,46.4608],[-118.931,46.4595],[-118.9266,46.4498],[-118.9314,46.4382],[-118.9747,46.4488],[-118.9591,46.4307],[-119.0086,46.431],[-119.0089,46.3947],[-119.0212,46.3947],[-119.0188,46.4043],[-119.0318,46.4117],[-119.0329,46.423],[-119.0248,46.4311],[-119.0331,46.4232],[-119.0349,46.4288],[-119.0296,46.4311],[-119.058,46.431],[-119.058,46.4346],[-119.0715,46.4377],[-119.1125,46.4381],[-119.1122,46.4453],[-119.1389,46.4496],[-119.1326,46.4529],[-119.1323,46.4598],[-119.1742,46.4597],[-119.1742,46.4754],[-119.1836,46.4762],[-119.1848,46.4823],[-119.1953,46.4776],[-119.1954,46.4907],[-119.2059,46.4915],[-119.2403,46.5081],[-119.2407,46.5097]]]}},{"type":"Feature","properties":{"zipCode":"99337"},"geometry":{"type":"Polygon","coordinates":[[[-119.2458,46.0053],[-119.228,46.0157],[-119.2246,46.0253],[-119.1827,46.024],[-119.1825,46.0389],[-119.1199,46.0383],[-119.1194,46.0601],[-119.1402,46.0603],[-119.1401,46.0676],[-119.1457,46.0699],[-119.1424,46.0781],[-119.1568,46.0844],[-119.1566,46.0974],[-119.1657,46.111],[-119.1675,46.1266],[-119.1806,46.127],[-119.1811,46.1346],[-119.2015,46.1349],[-119.2011,46.1666],[-119.1592,46.1986],[-119.0948,46.1982],[-119.107,46.2071],[-119.0976,46.215],[-119.0276,46.1851],[-118.9741,46.1388],[-118.9668,46.1275],[-118.9678,46.1156],[-118.9423,46.0744],[-118.9477,46.0475],[-118.9412,46.03],[-118.9617,46.0193],[-119.0086,45.9793],[-119.0932,45.9427],[-119.1261,45.9329],[-119.1695,45.9276],[-119.1955,45.9279],[-119.2466,45.9375],[-119.2458,46.0053]]]}},{"type":"Feature","properties":{"zipCode":"99341"},"geometry":{"type":"Polygon","coordinates":[[[-118.9399,47.028],[-118.7685,47.0281],[-118.7682,47.0573],[-118.7581,47.0578],[-118.758,47.0766],[-118.7477,47.0776],[-118.7475,47.0579],[-118.6631,47.0581],[-118.6633,47.0289],[-118.6211,47.0294],[-118.6213,47.0149],[-118.6015,47.0149],[-118.601,47.0741],[-118.5554,47.0753],[-118.5565,47.022],[-118.5342,47.0232],[-118.5305,47.0085],[-118.4889,47.0229],[-118.4808,47.019],[-118.5235,47.0058],[-118.5191,46.9983],[-118.5226,46.9835],[-118.5373,46.9703],[-118.5144,46.9622],[-118.5143,46.9702],[-118.4612,46.9716],[-118.4606,46.9461],[-118.4684,46.9422],[-118.4506,46.9424],[-118.45,46.9493],[-118.431,46.9512],[-118.3955,46.9685],[-118.3938,46.9565],[-118.3968,46.9496],[-118.4074,46.9496],[-118.4073,46.9423],[-118.3968,46.9423],[-118.3996,46.8537],[-118.4629,46.8541],[-118.4631,46.8395],[-118.4831,46.8394],[-118.4836,46.7809],[-118.5049,46.7809],[-118.5055,46.7366],[-118.6809,46.736],[-118.6522,46.7504],[-118.6514,46.7653],[-118.751,46.7647],[-118.7512,46.779],[-118.7683,46.779],[-118.7353,46.7938],[-118.7726,46.7934],[-118.7725,46.8366],[-118.8062,46.8361],[-118.7673,46.8815],[-118.8351,46.8814],[-118.8332,46.9533],[-118.8662,46.9526],[-118.8761,46.9584],[-118.8765,46.9988],[-118.9404,46.9988],[-118.9399,47.028]]]}},{"type":"Feature","properties":{"zipCode":"99343"},"geometry":{"type":"Polygon","coordinates":[[[-119.457,46.6762],[-119.3037,46.6784],[-119.3,46.6581],[-119.3036,46.6534],[-119.304,46.6274],[-119.2576,46.6323],[-119.2406,46.6435],[-119.2407,46.6491],[-119.2189,46.6492],[-119.2174,46.6202],[-119.1914,46.62],[-119.2018,46.6408],[-119.1768,46.6475],[-119.1766,46.6719],[-119.0933,46.6387],[-119.0063,46.6426],[-119.0063,46.6348],[-118.9004,46.6343],[-118.9034,46.5907],[-118.8977,46.5783],[-118.9046,46.5677],[-118.9201,46.5639],[-118.9841,46.571],[-118.9923,46.5669],[-119.0066,46.5465],[-119.0279,46.5471],[-119.0285,46.5328],[-119.0493,46.5326],[-119.0495,46.518],[-119.111,46.5181],[-119.111,46.5018],[-119.118,46.506],[-119.1201,46.4958],[-119.1331,46.4955],[-119.1457,46.5084],[-119.1498,46.5196],[-119.1877,46.5196],[-119.2127,46.5103],[-119.2381,46.507],[-119.2379,46.5142],[-119.2403,46.5081],[-119.227,46.5005],[-119.248,46.4949],[-119.2411,46.4778],[-119.2634,46.4763],[-119.2586,46.4909],[-119.2714,46.5223],[-119.3052,46.5394],[-119.3298,46.5653],[-119.3674,46.5827],[-119.4053,46.616],[-119.4074,46.6425],[-119.413,46.6526],[-119.4575,46.6731],[-119.457,46.6762]]]}},{"type":"Feature","properties":{"zipCode":"99345"},"geometry":{"type":"Polygon","coordinates":[[[-119.8683,45.8359],[-119.8675,45.9526],[-119.6853,45.9537],[-119.6866,45.9996],[-119.6028,45.999],[-119.6031,45.9369],[-119.5716,45.9405],[-119.5823,45.9435],[-119.5602,45.9812],[-119.5708,46.0109],[-119.5697,46.0202],[-119.6028,46.0208],[-119.6024,46.0435],[-119.4556,46.0424],[-119.456,45.9469],[-119.4664,45.9465],[-119.4667,45.9317],[-119.4667,45.9231],[-119.4562,45.9203],[-119.4562,45.9156],[-119.4878,45.9063],[-119.5246,45.9086],[-119.5716,45.9255],[-119.6005,45.9196],[-119.6234,45.9056],[-119.6699,45.8569],[-119.7729,45.8456],[-119.8027,45.8475],[-119.8681,45.836],[-119.8683,45.8359]]]}},{"type":"Feature","properties":{"zipCode":"99025"},"geometry":{"type":"Polygon","coordinates":[[[-117.1542,47.7741],[-117.1534,47.8162],[-117.1306,47.8155],[-117.1307,47.8442],[-117.1098,47.8439],[-117.1101,47.8741],[-117.0424,47.8745],[-117.0416,47.6977],[-117.0564,47.6967],[-117.0791,47.6862],[-117.0553,47.7003],[-117.0596,47.6967],[-117.0689,47.7003],[-117.0689,47.7131],[-117.0797,47.713],[-117.0802,47.7192],[-117.0927,47.714],[-117.0917,47.726],[-117.1016,47.7219],[-117.1092,47.7097],[-117.1103,47.7149],[-117.1227,47.715],[-117.1226,47.7293],[-117.1344,47.732],[-117.1331,47.7445],[-117.1223,47.747],[-117.1223,47.7508],[-117.1332,47.751],[-117.1313,47.7712],[-117.1245,47.7689],[-117.1246,47.7757],[-117.1546,47.7691],[-117.1542,47.7741]]]}},{"type":"Feature","properties":{"zipCode":"99026"},"geometry":{"type":"Polygon","coordinates":[[[-117.7338,47.8006],[-117.7125,47.8028],[-117.7127,47.8471],[-117.6978,47.8563],[-117.7018,47.8651],[-117.6944,47.881],[-117.6852,47.8865],[-117.6863,47.9037],[-117.6758,47.8989],[-117.673,47.8923],[-117.6675,47.8979],[-117.6591,47.8979],[-117.6594,47.9031],[-117.6384,47.8995],[-117.6271,47.9136],[-117.6267,47.8887],[-117.6217,47.8867],[-117.6339,47.8839],[-117.6416,47.8881],[-117.6343,47.8887],[-117.6494,47.8937],[-117.6593,47.8861],[-117.6456,47.8602],[-117.6207,47.8601],[-117.6207,47.8502],[-117.6103,47.8501],[-117.6104,47.8455],[-117.6213,47.8447],[-117.6145,47.8406],[-117.5942,47.8454],[-117.5935,47.8385],[-117.5726,47.8362],[-117.5724,47.8416],[-117.5672,47.8415],[-117.567,47.8311],[-117.5616,47.8308],[-117.5616,47.838],[-117.5567,47.8379],[-117.5564,47.8269],[-117.5429,47.8218],[-117.5417,47.817],[-117.5342,47.8179],[-117.5338,47.7959],[-117.5271,47.7872],[-117.5435,47.7791],[-117.5397,47.769],[-117.5074,47.7703],[-117.5073,47.7587],[-117.5149,47.7587],[-117.506,47.7516],[-117.5029,47.7377],[-117.4968,47.7325],[-117.5439,47.7299],[-117.5453,47.7507],[-117.549,47.7522],[-117.5609,47.7442],[-117.6773,47.7448],[-117.685,47.7518],[-117.6688,47.7549],[-117.6948,47.772],[-117.7339,47.7871],[-117.7338,47.8006]]]}},{"type":"Feature","properties":{"zipCode":"98831"},"geometry":{"type":"Polygon","coordinates":[[[-120.2048,47.9104],[-120.2047,47.9326],[-120.1969,47.9475],[-120.1999,47.9659],[-120.1856,47.972],[-120.1781,47.983],[-120.1582,47.9971],[-120.1067,48.0063],[-120.1062,48.0118],[-120.0902,48.018],[-120.0782,47.9993],[-120.0811,47.993],[-120.0637,47.9812],[-120.0702,47.9686],[-120.0598,47.9569],[-120.0526,47.9381],[-120.0691,47.9101],[-120.0803,47.9021],[-120.0794,47.8757],[-120.0874,47.8686],[-120.1084,47.8739],[-120.102,47.8648],[-120.0935,47.8643],[-120.0936,47.8588],[-120.0985,47.8546],[-120.1743,47.8724],[-120.2004,47.8895],[-120.2077,47.9073],[-120.2048,47.9104]]]}},{"type":"Feature","properties":{"zipCode":"98834"},"geometry":{"type":"Polygon","coordinates":[[[-120.2372,48.0982],[-120.2229,48.1064],[-120.2335,48.1135],[-120.2279,48.1189],[-120.1969,48.1116],[-120.1739,48.1223],[-120.1668,48.13],[-120.1675,48.146],[-120.1205,48.1792],[-120.0923,48.1791],[-120.0905,48.1834],[-120.0884,48.1791],[-119.9929,48.1776],[-119.9929,48.1923],[-119.9888,48.1924],[-119.9752,48.1789],[-119.9748,48.1826],[-119.961,48.1752],[-119.9566,48.162],[-119.9795,48.1377],[-119.9984,48.1347],[-120.0048,48.1117],[-120.0097,48.1153],[-120.013,48.1027],[-120.0231,48.0982],[-120.011,48.0778],[-120.0243,48.0636],[-120.0488,48.049],[-120.1032,48.0523],[-120.1413,48.0423],[-120.1375,48.0485],[-120.1425,48.0537],[-120.1317,48.0546],[-120.1439,48.0654],[-120.1703,48.0697],[-120.1877,48.0785],[-120.2131,48.079],[-120.2351,48.089],[-120.2385,48.0968],[-120.2372,48.0982]]]}},{"type":"Feature","properties":{"zipCode":"98836"},"geometry":{"type":"Polygon","coordinates":[[[-120.4629,47.5166],[-120.426,47.4972],[-120.4264,47.504],[-120.4194,47.4918],[-120.399,47.4822],[-120.3999,47.4723],[-120.3937,47.4654],[-120.4098,47.4654],[-120.4126,47.4473],[-120.422,47.4444],[-120.4305,47.4484],[-120.4367,47.4437],[-120.4371,47.4603],[-120.4458,47.462],[-120.4452,47.4708],[-120.4563,47.4878],[-120.4578,47.5008],[-120.4459,47.5011],[-120.4631,47.5159],[-120.4629,47.5166]]]}},{"type":"Feature","properties":{"zipCode":"99029"},"geometry":{"type":"Polygon","coordinates":[[[-117.9394,47.6533],[-117.9278,47.6716],[-117.9279,47.7305],[-117.9065,47.7307],[-117.9067,47.7423],[-117.8879,47.7508],[-117.8963,47.7725],[-117.8931,47.7808],[-117.9107,47.7929],[-117.9108,47.8013],[-117.8927,47.8028],[-117.8918,47.8118],[-117.8742,47.8157],[-117.875,47.8246],[-117.8371,47.8204],[-117.8207,47.8138],[-117.8204,47.7887],[-117.8094,47.7886],[-117.7985,47.7814],[-117.7337,47.7811],[-117.7239,47.777],[-117.7251,47.7688],[-117.7333,47.7698],[-117.7331,47.7344],[-117.7223,47.7333],[-117.7226,47.7231],[-117.7296,47.7231],[-117.7298,47.7159],[-117.7332,47.7159],[-117.7332,47.7014],[-117.7116,47.7013],[-117.7117,47.6741],[-117.7009,47.6722],[-117.701,47.6577],[-117.7118,47.6578],[-117.7099,47.6424],[-117.7334,47.6406],[-117.7333,47.6289],[-117.7765,47.629],[-117.7763,47.6145],[-117.8839,47.6145],[-117.8881,47.6234],[-117.9052,47.6249],[-117.9062,47.6435],[-117.9374,47.6437],[-117.9399,47.6502],[-117.9394,47.6533]]]}},{"type":"Feature","properties":{"zipCode":"99033"},"geometry":{"type":"Polygon","coordinates":[[[-117.1829,47.2041],[-117.1502,47.2225],[-117.1505,47.2404],[-117.1719,47.237],[-117.1729,47.2463],[-117.1721,47.2596],[-117.1506,47.2594],[-117.1526,47.2666],[-117.1475,47.2739],[-117.153,47.2761],[-117.1471,47.2726],[-117.1518,47.2666],[-117.1379,47.2601],[-117.0886,47.2595],[-117.0883,47.2741],[-117.078,47.2741],[-117.0776,47.3034],[-117.0456,47.3069],[-117.0456,47.3106],[-117.0399,47.3105],[-117.0399,47.318],[-117.0339,47.3158],[-117.0339,47.2865],[-117.0285,47.2829],[-117.04,47.2803],[-117.0399,47.1818],[-117.0668,47.1814],[-117.0688,47.2038],[-117.0858,47.2039],[-117.0861,47.1818],[-117.1072,47.182],[-117.1071,47.1673],[-117.1279,47.1673],[-117.1284,47.178],[-117.1498,47.1746],[-117.1499,47.1819],[-117.1717,47.182],[-117.1719,47.1967],[-117.1852,47.1968],[-117.1829,47.2041]]]}},{"type":"Feature","properties":{"zipCode":"99036"},"geometry":{"type":"Polygon","coordinates":[[[-117.3701,47.541],[-117.3454,47.5471],[-117.345,47.554],[-117.2819,47.5363],[-117.2811,47.5435],[-117.2711,47.5435],[-117.2709,47.5652],[-117.2525,47.561],[-117.2414,47.5737],[-117.2228,47.5731],[-117.2143,47.5619],[-117.2138,47.556],[-117.233,47.5581],[-117.2385,47.5521],[-117.2353,47.5433],[-117.2137,47.5476],[-117.2146,47.5412],[-117.2074,47.535],[-117.1886,47.5369],[-117.1849,47.5473],[-117.1639,47.5436],[-117.1639,47.5508],[-117.1426,47.551],[-117.143,47.5363],[-117.1534,47.5362],[-117.1533,47.529],[-117.1958,47.5254],[-117.2013,47.4773],[-117.1956,47.4688],[-117.202,47.4768],[-117.2082,47.4725],[-117.2143,47.4791],[-117.2269,47.4804],[-117.2277,47.485],[-117.2395,47.4829],[-117.2438,47.4879],[-117.2758,47.4922],[-117.2877,47.4994],[-117.3039,47.4991],[-117.3039,47.4924],[-117.3293,47.4889],[-117.3254,47.4782],[-117.3684,47.4779],[-117.3684,47.5355],[-117.365,47.5372],[-117.3703,47.5405],[-117.3701,47.541]]]}},{"type":"Feature","properties":{"zipCode":"99118"},"geometry":{"type":"Polygon","coordinates":[[[-118.8368,48.935],[-118.8366,49.0003],[-118.5793,49.0003],[-118.5764,48.9835],[-118.5566,48.9932],[-118.5264,48.9937],[-118.5307,48.9923],[-118.5275,48.9849],[-118.5331,48.977],[-118.5344,48.9586],[-118.5473,48.9531],[-118.5561,48.9381],[-118.5359,48.9356],[-118.5152,48.9196],[-118.4684,48.9094],[-118.4777,48.8982],[-118.4683,48.8865],[-118.463,48.8866],[-118.4745,48.8821],[-118.4197,48.8631],[-118.3952,48.8639],[-118.4033,48.8586],[-118.4029,48.8512],[-118.4197,48.8456],[-118.4209,48.8319],[-118.4122,48.8261],[-118.4087,48.8297],[-118.4044,48.8228],[-118.3822,48.8209],[-118.3795,48.8143],[-118.3859,48.82],[-118.3982,48.8192],[-118.3954,48.8137],[-118.3937,48.8169],[-118.3882,48.8141],[-118.3895,48.8085],[-118.3945,48.8019],[-118.3972,48.8072],[-118.3981,48.7999],[-118.4097,48.797],[-118.3989,48.7914],[-118.3782,48.764],[-118.4264,48.7587],[-118.4438,48.7716],[-118.4589,48.775],[-118.4696,48.7892],[-118.4865,48.7951],[-118.5132,48.794],[-118.5286,48.7852],[-118.5219,48.8059],[-118.5142,48.8116],[-118.5186,48.8202],[-118.535,48.8253],[-118.5675,48.8221],[-118.5908,48.8264],[-118.6086,48.8694],[-118.6197,48.8581],[-118.6218,48.8468],[-118.6309,48.8478],[-118.6398,48.8356],[-118.6488,48.8365],[-118.6475,48.8279],[-118.7482,48.8284],[-118.7565,48.8443],[-118.7681,48.8282],[-118.7715,48.8359],[-118.7812,48.8298],[-118.7907,48.8361],[-118.8027,48.828],[-118.8369,48.8286],[-118.8368,48.935]]]}},{"type":"Feature","properties":{"zipCode":"99113"},"geometry":{"type":"Polygon","coordinates":[[[-117.4181,46.6617],[-117.3681,46.6616],[-117.3686,46.6543],[-117.358,46.6541],[-117.3589,46.6468],[-117.337,46.647],[-117.3384,46.6321],[-117.3165,46.6319],[-117.3176,46.617],[-117.2413,46.617],[-117.2408,46.6243],[-117.2322,46.6243],[-117.2075,46.6111],[-117.1662,46.6221],[-117.1873,46.6455],[-117.1382,46.6389],[-117.1195,46.6475],[-117.1189,46.6635],[-117.0936,46.6681],[-117.0828,46.664],[-117.0394,46.6789],[-117.0396,46.5877],[-117.0924,46.5877],[-117.0934,46.566],[-117.1097,46.5623],[-117.1119,46.5426],[-117.1247,46.5427],[-117.1302,46.5343],[-117.1439,46.5428],[-117.1692,46.5429],[-117.1795,46.5197],[-117.1777,46.508],[-117.1865,46.4909],[-117.1759,46.4688],[-117.185,46.4581],[-117.2065,46.4511],[-117.2342,46.4716],[-117.2291,46.5031],[-117.2499,46.5431],[-117.283,46.5613],[-117.3014,46.5775],[-117.3375,46.582],[-117.349,46.5877],[-117.3591,46.6023],[-117.3862,46.6189],[-117.3885,46.6305],[-117.3851,46.6445],[-117.381,46.645],[-117.3845,46.6511],[-117.4107,46.6593],[-117.4181,46.6617]]]}},{"type":"Feature","properties":{"zipCode":"99126"},"geometry":{"type":"Polygon","coordinates":[[[-118.0696,48.6651],[-118.0262,48.677],[-118.0153,48.6848],[-118.0156,48.6976],[-118.0402,48.7188],[-118.0524,48.7358],[-118.0539,48.75],[-118.0382,48.7632],[-118.008,48.7764],[-118.0009,48.7886],[-118.0097,48.8041],[-117.9896,48.8155],[-117.9893,48.8019],[-117.901,48.8023],[-117.896,48.7977],[-117.8951,48.7562],[-117.9018,48.7488],[-117.9441,48.7293],[-117.944,48.7219],[-117.9336,48.7221],[-117.9337,48.7034],[-117.9223,48.6994],[-117.9227,48.692],[-117.9282,48.6921],[-117.9282,48.685],[-117.9335,48.6847],[-117.9335,48.6774],[-117.9391,48.6737],[-117.9556,48.6737],[-117.9499,48.6552],[-117.998,48.6552],[-117.998,48.6625],[-118.0511,48.6625],[-118.0532,48.6674],[-118.0771,48.6622],[-118.0696,48.6651]]]}},{"type":"Feature","properties":{"zipCode":"99128"},"geometry":{"type":"Polygon","coordinates":[[[-117.1995,47.1257],[-117.1872,47.1441],[-117.1647,47.1421],[-117.1387,47.1531],[-117.139,47.1745],[-117.1498,47.1746],[-117.1284,47.178],[-117.1279,47.1673],[-117.1071,47.1673],[-117.1072,47.182],[-117.0861,47.1818],[-117.0858,47.2039],[-117.0688,47.2038],[-117.0668,47.1814],[-117.0399,47.1818],[-117.0398,47.0877],[-117.0014,47.0829],[-117.0014,47.0673],[-117.0229,47.0694],[-117.0229,47.0331],[-117.0282,47.0331],[-117.0281,47.0186],[-117.0398,47.0188],[-117.0397,46.9906],[-117.0728,47.0077],[-117.0997,47.0101],[-117.0956,47.0382],[-117.1166,47.0418],[-117.1167,47.0639],[-117.1459,47.0678],[-117.147,47.0716],[-117.1377,47.0716],[-117.139,47.0942],[-117.1323,47.0943],[-117.1241,47.1088],[-117.1496,47.1086],[-117.1557,47.1233],[-117.1959,47.1233],[-117.1995,47.1257]]]}},{"type":"Feature","properties":{"zipCode":"99135"},"geometry":{"type":"Polygon","coordinates":[[[-119.235,47.7104],[-119.2191,47.7137],[-119.2198,47.7266],[-119.2134,47.7281],[-119.2131,47.7313],[-119.229,47.7317],[-119.2315,47.7419],[-119.2032,47.7676],[-119.1826,47.7985],[-119.1559,47.8087],[-119.1571,47.814],[-119.1333,47.8253],[-119.1165,47.8437],[-119.1061,47.8387],[-119.1029,47.8408],[-119.1096,47.8444],[-119.1043,47.8524],[-119.0858,47.8633],[-119.0693,47.8681],[-119.0469,47.864],[-119.0436,47.8602],[-119.0862,47.7865],[-119.1049,47.7865],[-119.1054,47.7283],[-119.0839,47.7281],[-119.0838,47.7136],[-119.0405,47.7134],[-119.0407,47.699],[-118.976,47.6991],[-118.9777,47.5091],[-119.0019,47.5041],[-119.014,47.5093],[-119.0857,47.5095],[-119.0858,47.5385],[-119.1281,47.5385],[-119.128,47.524],[-119.1925,47.5247],[-119.1924,47.5392],[-119.2345,47.5396],[-119.2342,47.5541],[-119.1709,47.5535],[-119.1705,47.6123],[-119.192,47.6123],[-119.192,47.6295],[-119.1532,47.6848],[-119.1903,47.6833],[-119.1916,47.6992],[-119.234,47.6992],[-119.2333,47.7085],[-119.235,47.7104]]]}},{"type":"Feature","properties":{"zipCode":"99147"},"geometry":{"type":"Polygon","coordinates":[[[-118.4842,47.8763],[-118.4642,47.8819],[-118.457,47.8749],[-118.4562,47.8545],[-118.4458,47.8455],[-118.4165,47.835],[-118.3804,47.8311],[-118.3634,47.8194],[-118.366,47.8027],[-118.3695,47.8027],[-118.3669,47.8161],[-118.3724,47.8112],[-118.3832,47.8167],[-118.383,47.8123],[-118.4226,47.8024],[-118.4257,47.8123],[-118.4406,47.8161],[-118.4416,47.824],[-118.4629,47.8241],[-118.4626,47.8313],[-118.4837,47.8313],[-118.4842,47.8763]]]}},{"type":"Feature","properties":{"zipCode":"99148"},"geometry":{"type":"Polygon","coordinates":[[[-117.7361,48.0593],[-117.706,48.067],[-117.6625,48.0634],[-117.6627,48.0927],[-117.6527,48.0924],[-117.6509,48.1246],[-117.6561,48.1357],[-117.6448,48.1357],[-117.6452,48.145],[-117.6376,48.1471],[-117.6351,48.1435],[-117.6208,48.1527],[-117.5915,48.1892],[-117.5783,48.1961],[-117.585,48.1882],[-117.5781,48.1778],[-117.5644,48.1776],[-117.5649,48.1918],[-117.5025,48.1947],[-117.5024,48.1347],[-117.4376,48.1347],[-117.4373,48.1018],[-117.4567,48.0985],[-117.4622,48.0908],[-117.5137,48.0882],[-117.5127,48.0767],[-117.545,48.0769],[-117.5452,48.0696],[-117.5652,48.0691],[-117.5652,48.0624],[-117.5882,48.0629],[-117.5884,48.0553],[-117.6084,48.0551],[-117.5946,48.0297],[-117.6041,48.0298],[-117.6085,48.019],[-117.6187,48.0209],[-117.6305,48.0104],[-117.6432,48.0123],[-117.6428,48.0205],[-117.6509,48.0268],[-117.6504,48.0334],[-117.6607,48.0327],[-117.6638,48.0279],[-117.6737,48.0297],[-117.6834,48.0222],[-117.6931,48.0236],[-117.693,48.0557],[-117.6827,48.0558],[-117.6826,48.0626],[-117.6974,48.062],[-117.7095,48.0546],[-117.7234,48.0605],[-117.7361,48.0584],[-117.7361,48.0593]]]}},{"type":"Feature","properties":{"zipCode":"98846"},"geometry":{"type":"Polygon","coordinates":[[[-120.1501,48.0465],[-120.1484,48.0528],[-120.1425,48.0537],[-120.1375,48.0485],[-120.1413,48.0423],[-120.1032,48.0523],[-120.0674,48.0481],[-120.0359,48.0535],[-120.011,48.0778],[-120.0231,48.0982],[-120.013,48.1027],[-120.0097,48.1153],[-120.0048,48.1117],[-119.9984,48.1347],[-119.9795,48.1377],[-119.9663,48.152],[-119.9684,48.1445],[-119.9479,48.1408],[-119.9507,48.1381],[-119.946,48.1325],[-119.9054,48.0947],[-119.8954,48.0718],[-119.8785,48.0609],[-119.8953,48.05],[-119.8692,48.0183],[-119.8674,48.0097],[-119.8839,47.973],[-119.8681,47.9587],[-119.8597,47.9424],[-119.8634,47.937],[-119.8668,47.9431],[-119.8743,47.9406],[-119.8789,47.931],[-119.8976,47.9171],[-119.8824,47.9308],[-119.8937,47.9227],[-119.8883,47.9312],[-119.9015,47.9312],[-119.9097,47.9379],[-119.9097,47.9604],[-119.9269,47.9605],[-119.9269,47.9748],[-119.9483,47.9749],[-119.9484,47.9892],[-119.9699,47.9892],[-119.9699,47.9963],[-119.9912,47.9964],[-119.9911,47.9892],[-120.0119,47.9891],[-120.0117,47.9605],[-120.0537,47.9617],[-120.0702,47.9686],[-120.0637,47.9812],[-120.0811,47.993],[-120.0782,47.9993],[-120.0902,48.018],[-120.1195,48.0271],[-120.1218,48.0322],[-120.1433,48.0358],[-120.1501,48.0445],[-120.1501,48.0465]]]}},{"type":"Feature","properties":{"zipCode":"98848"},"geometry":{"type":"Polygon","coordinates":[[[-120.0491,47.2913],[-120.0377,47.2912],[-120.0371,47.2991],[-120.0261,47.2991],[-120.0257,47.307],[-120.0048,47.3058],[-120.0047,47.32],[-119.9831,47.3204],[-119.9832,47.3346],[-119.9618,47.335],[-119.9613,47.3488],[-119.9404,47.3494],[-119.9402,47.3644],[-119.9189,47.3645],[-119.9187,47.3934],[-119.8974,47.3935],[-119.8972,47.408],[-119.8758,47.4083],[-119.8758,47.4375],[-119.7474,47.4393],[-119.7475,47.3085],[-119.6832,47.3088],[-119.6855,47.2402],[-119.7022,47.2338],[-119.7065,47.2274],[-119.7145,47.2274],[-119.7042,47.2056],[-119.725,47.2055],[-119.7255,47.1619],[-119.715,47.162],[-119.715,47.1328],[-119.6361,47.1333],[-119.6187,47.1091],[-119.6209,47.0014],[-119.6253,47.0014],[-119.6511,46.9639],[-119.704,46.9718],[-119.9673,46.9708],[-119.9607,46.9476],[-119.9661,46.9437],[-120.0011,46.9936],[-120.0093,47.0373],[-120.033,47.0543],[-120.0419,47.0671],[-120.0405,47.0813],[-120.0276,47.1053],[-120.0115,47.1123],[-120.0021,47.1262],[-120.0011,47.1455],[-120.0112,47.1674],[-120.0037,47.1844],[-120.0024,47.21],[-120.016,47.2261],[-120.0472,47.2255],[-120.049,47.2778],[-120.0491,47.2913]],[[-119.8762,47.0589],[-119.8619,47.0588],[-119.8588,47.066],[-119.8612,47.0733],[-119.8662,47.0733],[-119.8558,47.0737],[-119.8559,47.0792],[-119.8641,47.0805],[-119.8761,47.0698],[-119.8762,47.0589]]]}},{"type":"Feature","properties":{"zipCode":"99150"},"geometry":{"type":"Polygon","coordinates":[[[-118.72,48.8002],[-118.7107,48.8113],[-118.7149,48.8253],[-118.6475,48.8279],[-118.6488,48.8365],[-118.6398,48.8356],[-118.6309,48.8478],[-118.6218,48.8468],[-118.6197,48.8581],[-118.6086,48.8694],[-118.5908,48.8264],[-118.5675,48.8221],[-118.535,48.8253],[-118.5186,48.8202],[-118.5142,48.8116],[-118.5219,48.8059],[-118.5286,48.7852],[-118.5368,48.784],[-118.5274,48.7728],[-118.5348,48.7744],[-118.5327,48.7644],[-118.5651,48.7701],[-118.6149,48.7694],[-118.6149,48.7839],[-118.6505,48.7735],[-118.6559,48.7782],[-118.6423,48.7914],[-118.7059,48.7915],[-118.706,48.7989],[-118.7216,48.7989],[-118.72,48.8002]]]}},{"type":"Feature","properties":{"zipCode":"99205"},"geometry":{"type":"Polygon","coordinates":[[[-117.4976,47.6972],[-117.4903,47.7008],[-117.4909,47.7095],[-117.4809,47.7117],[-117.4809,47.7176],[-117.4119,47.7151],[-117.4111,47.6728],[-117.4427,47.671],[-117.4502,47.6806],[-117.4749,47.6819],[-117.4764,47.6871],[-117.467,47.6909],[-117.4785,47.6968],[-117.4969,47.6943],[-117.4976,47.6972]]]}},{"type":"Feature","properties":{"zipCode":"99207"},"geometry":{"type":"Polygon","coordinates":[[[-117.4111,47.6728],[-117.4125,47.7025],[-117.4059,47.7115],[-117.4059,47.7079],[-117.3761,47.7082],[-117.3762,47.7001],[-117.3648,47.7005],[-117.3638,47.6728],[-117.4128,47.6728],[-117.4111,47.6728]]]}},{"type":"Feature","properties":{"zipCode":"99216"},"geometry":{"type":"Polygon","coordinates":[[[-117.2507,47.7004],[-117.24,47.7004],[-117.24,47.7112],[-117.2004,47.7166],[-117.197,47.7094],[-117.1859,47.7077],[-117.1855,47.715],[-117.1632,47.7149],[-117.1635,47.6981],[-117.1754,47.6963],[-117.155,47.6992],[-117.1544,47.6865],[-117.1752,47.6827],[-117.1854,47.6708],[-117.1965,47.6725],[-117.1837,47.6693],[-117.1778,47.6733],[-117.182,47.669],[-117.2074,47.6713],[-117.2019,47.6686],[-117.202,47.6497],[-117.2181,47.6497],[-117.2209,47.6232],[-117.2236,47.6279],[-117.2398,47.6279],[-117.237,47.6632],[-117.2409,47.6925],[-117.235,47.6917],[-117.2436,47.6977],[-117.2506,47.6957],[-117.2507,47.7004]]]}},{"type":"Feature","properties":{"zipCode":"98851"},"geometry":{"type":"Polygon","coordinates":[[[-119.5981,47.4411],[-119.5336,47.4412],[-119.5329,47.5278],[-119.4949,47.5271],[-119.4756,47.5395],[-119.4627,47.5417],[-119.4639,47.5343],[-119.4532,47.5374],[-119.3947,47.5345],[-119.3946,47.4791],[-119.3592,47.5043],[-119.3472,47.5014],[-119.3193,47.5059],[-119.3225,47.503],[-119.3199,47.4685],[-119.3626,47.469],[-119.3625,47.4419],[-119.3588,47.4364],[-119.3623,47.4322],[-119.3294,47.4321],[-119.3043,47.4682],[-119.283,47.4605],[-119.288,47.4425],[-119.2766,47.4389],[-119.277,47.4275],[-119.3008,47.4249],[-119.2773,47.4229],[-119.2771,47.3808],[-119.2984,47.3812],[-119.2985,47.3522],[-119.3092,47.3524],[-119.3103,47.3574],[-119.3305,47.3698],[-119.3311,47.3386],[-119.3429,47.351],[-119.3585,47.3561],[-119.3682,47.376],[-119.4504,47.2573],[-119.4712,47.2744],[-119.4826,47.3236],[-119.4766,47.3595],[-119.4915,47.3546],[-119.5334,47.3541],[-119.5332,47.3743],[-119.5637,47.3845],[-119.5727,47.3952],[-119.5976,47.4047],[-119.5981,47.4411]]]}},{"type":"Feature","properties":{"zipCode":"98857"},"geometry":{"type":"Polygon","coordinates":[[[-119.267,46.9854],[-119.209,46.9886],[-119.1882,46.9946],[-119.1666,46.9906],[-119.1482,47.001],[-119.1494,47.0085],[-119.135,47.012],[-119.1373,47.0173],[-119.1301,47.0208],[-119.137,47.0224],[-119.1161,47.0298],[-119.1108,47.0427],[-119.1007,47.0391],[-119.0822,47.0494],[-119.0819,47.0908],[-119.0738,47.0958],[-119.0653,47.0938],[-119.0573,47.1024],[-119.0448,47.0977],[-119.0447,47.1155],[-118.9812,47.1158],[-118.9812,47.081],[-118.9602,47.0776],[-118.9603,47.0717],[-118.8752,47.0717],[-118.8756,47.0427],[-118.939,47.0425],[-118.9404,46.9988],[-118.8765,46.9988],[-118.8761,46.9584],[-118.8662,46.9526],[-118.8332,46.9533],[-118.8341,46.9117],[-119.2374,46.9122],[-119.242,46.9145],[-119.2375,46.9243],[-119.2429,46.9412],[-119.2589,46.9535],[-119.263,46.9642],[-119.2605,46.975],[-119.2652,46.9793],[-119.267,46.9854]]]}},{"type":"Feature","properties":{"zipCode":"98901"},"geometry":{"type":"Polygon","coordinates":[[[-120.5239,46.6387],[-120.5067,46.6472],[-120.5037,46.6646],[-120.4879,46.6722],[-120.4924,46.6766],[-120.4888,46.7017],[-120.4515,46.7244],[-120.4544,46.7334],[-120.4506,46.7434],[-120.4675,46.7462],[-120.466,46.7532],[-120.4539,46.7593],[-120.4579,46.7657],[-120.4498,46.7694],[-120.4572,46.7773],[-120.455,46.781],[-120.403,46.7804],[-120.389,46.8217],[-120.3666,46.8308],[-120.3521,46.8115],[-120.3586,46.8024],[-120.3583,46.7926],[-120.3769,46.7699],[-120.3822,46.7375],[-120.1285,46.7362],[-120.129,46.6209],[-120.2346,46.6208],[-120.2352,46.6496],[-120.3399,46.6497],[-120.3399,46.6208],[-120.2566,46.6206],[-120.2562,46.5992],[-120.2591,46.6006],[-120.2682,46.5843],[-120.277,46.577],[-120.3203,46.5771],[-120.3296,46.5686],[-120.3397,46.5771],[-120.3442,46.5735],[-120.3615,46.577],[-120.3721,46.5695],[-120.3828,46.577],[-120.3895,46.577],[-120.3888,46.5734],[-120.4039,46.5771],[-120.4086,46.5644],[-120.3986,46.5586],[-120.4199,46.5496],[-120.4177,46.5568],[-120.4382,46.5567],[-120.4409,46.5465],[-120.4596,46.5526],[-120.469,46.5502],[-120.4717,46.5776],[-120.4965,46.5778],[-120.5202,46.6281],[-120.5151,46.63],[-120.5254,46.6362],[-120.5239,46.6387]]]}},{"type":"Feature","properties":{"zipCode":"99160"},"geometry":{"type":"Polygon","coordinates":[[[-118.4197,48.8353],[-118.4197,48.8456],[-118.4029,48.8512],[-118.4033,48.8586],[-118.3943,48.8637],[-118.3998,48.8659],[-118.3936,48.8718],[-118.3951,48.8788],[-118.3721,48.8881],[-118.381,48.8891],[-118.3799,48.8949],[-118.3952,48.9119],[-118.3823,48.9126],[-118.3905,48.9227],[-118.3874,48.9244],[-118.3645,48.9233],[-118.3457,48.9167],[-118.3129,48.9188],[-118.2901,48.9106],[-118.273,48.9177],[-118.2235,48.9029],[-118.2143,48.8744],[-118.1985,48.8673],[-118.2044,48.8576],[-118.1992,48.8409],[-118.188,48.8345],[-118.1972,48.8252],[-118.2141,48.8193],[-118.2339,48.82],[-118.2577,48.8137],[-118.3088,48.8408],[-118.3425,48.8477],[-118.3704,48.8351],[-118.3703,48.8284],[-118.4097,48.8302],[-118.4122,48.8261],[-118.4209,48.8319],[-118.4197,48.8353]]]}},{"type":"Feature","properties":{"zipCode":"99161"},"geometry":{"type":"Polygon","coordinates":[[[-117.2706,46.9128],[-117.2504,46.9244],[-117.2356,46.925],[-117.2134,46.9343],[-117.2133,46.9614],[-117.1574,46.9594],[-117.1527,46.9526],[-117.1546,46.9459],[-117.1278,46.9557],[-117.1172,46.9516],[-117.1088,46.9354],[-117.1069,46.954],[-117.0962,46.954],[-117.0962,46.9613],[-117.0745,46.9613],[-117.0745,46.954],[-117.0635,46.954],[-117.0633,46.9614],[-117.0427,46.9575],[-117.0397,46.9611],[-117.0397,46.8259],[-117.0937,46.8223],[-117.1136,46.8292],[-117.1194,46.8382],[-117.1165,46.8224],[-117.1507,46.8225],[-117.1407,46.8296],[-117.1811,46.8346],[-117.1812,46.8516],[-117.2018,46.8517],[-117.2018,46.859],[-117.1864,46.8589],[-117.1864,46.8625],[-117.1977,46.8626],[-117.202,46.8701],[-117.2122,46.8712],[-117.2121,46.8771],[-117.2038,46.8809],[-117.244,46.8822],[-117.2397,46.8918],[-117.2584,46.8963],[-117.2689,46.9109],[-117.2706,46.9128]]]}},{"type":"Feature","properties":{"zipCode":"98923"},"geometry":{"type":"Polygon","coordinates":[[[-120.8099,46.6648],[-120.7622,46.6611],[-120.7567,46.6703],[-120.742,46.6696],[-120.742,46.673],[-120.7331,46.6729],[-120.7306,46.6656],[-120.7209,46.6656],[-120.7209,46.6802],[-120.7103,46.6765],[-120.7106,46.6872],[-120.6896,46.6888],[-120.6854,46.6803],[-120.6892,46.6803],[-120.688,46.6751],[-120.6945,46.676],[-120.6945,46.671],[-120.6878,46.6711],[-120.6783,46.6583],[-120.6926,46.649],[-120.8074,46.6633],[-120.8099,46.6648]]]}},{"type":"Feature","properties":{"zipCode":"98933"},"geometry":{"type":"Polygon","coordinates":[[[-120.7547,46.4079],[-120.7129,46.4315],[-120.7125,46.4187],[-120.7042,46.4189],[-120.7079,46.4194],[-120.7029,46.423],[-120.7104,46.4253],[-120.6958,46.43],[-120.7011,46.4334],[-120.6677,46.4332],[-120.6513,46.4258],[-120.65,46.419],[-120.6493,46.4335],[-120.6311,46.4334],[-120.6193,46.4267],[-120.6224,46.4238],[-120.619,46.4189],[-120.5441,46.419],[-120.5441,46.4118],[-120.5336,46.4116],[-120.5389,46.3901],[-120.5442,46.3901],[-120.5441,46.3752],[-120.5547,46.3751],[-120.5545,46.3698],[-120.544,46.3681],[-120.544,46.3609],[-120.5546,46.3606],[-120.5547,46.3534],[-120.5651,46.3542],[-120.5652,46.3818],[-120.5726,46.3838],[-120.5744,46.3901],[-120.6286,46.3868],[-120.6282,46.3782],[-120.6418,46.3753],[-120.6489,46.3753],[-120.6492,46.3864],[-120.7065,46.3752],[-120.7069,46.3822],[-120.7172,46.3825],[-120.7218,46.3876],[-120.7054,46.4028],[-120.6914,46.4045],[-120.7547,46.4045],[-120.7547,46.4079]]]}},{"type":"Feature","properties":{"zipCode":"98934"},"geometry":{"type":"Polygon","coordinates":[[[-120.4293,46.9787],[-120.4236,46.9827],[-120.4288,46.9839],[-120.4255,46.9934],[-120.4064,46.9859],[-120.4128,46.9819],[-120.4083,46.9804],[-120.4083,46.9717],[-120.4295,46.9718],[-120.4293,46.9787]]]}},{"type":"Feature","properties":{"zipCode":"98935"},"geometry":{"type":"Polygon","coordinates":[[[-120.3666,46.0582],[-120.3525,46.0597],[-120.3262,46.0752],[-120.3014,46.0778],[-120.298,46.0831],[-120.2827,46.0877],[-120.2637,46.0869],[-120.2476,46.0955],[-120.2532,46.1195],[-120.2454,46.1287],[-120.248,46.1363],[-120.2264,46.1602],[-120.2127,46.185],[-120.1961,46.1993],[-120.1827,46.2251],[-120.1683,46.2297],[-120.1682,46.2338],[-120.1493,46.2234],[-120.1407,46.2263],[-120.1456,46.2446],[-120.126,46.2446],[-120.1261,46.2594],[-120.1067,46.259],[-120.1014,46.2481],[-120.089,46.2525],[-120.0818,46.2427],[-120.0793,46.2499],[-120.0848,46.2554],[-120.0747,46.2528],[-120.0659,46.2588],[-120.0641,46.2659],[-120.0833,46.2659],[-120.0833,46.2734],[-120.0623,46.2733],[-120.0623,46.2805],[-120.0563,46.2805],[-120.0565,46.2732],[-120.0133,46.2729],[-120.0192,46.2657],[-119.9993,46.2655],[-119.9994,46.2583],[-119.9943,46.2547],[-119.9788,46.2547],[-119.9787,46.2374],[-119.9621,46.2274],[-119.8915,46.2124],[-119.8667,46.1954],[-119.8667,46.1871],[-119.8762,46.188],[-119.8762,46.1836],[-119.8856,46.1807],[-119.8965,46.1621],[-119.8887,46.1546],[-119.8915,46.1422],[-119.8862,46.1415],[-119.8863,46.1274],[-119.8656,46.1272],[-119.8658,46.0409],[-120.3664,46.0416],[-120.3666,46.0582]]]}},{"type":"Feature","properties":{"zipCode":"98936"},"geometry":{"type":"Polygon","coordinates":[[[-120.4715,46.5349],[-120.4702,46.5572],[-120.4671,46.5572],[-120.469,46.5502],[-120.4596,46.5526],[-120.4382,46.5465],[-120.4382,46.5567],[-120.4177,46.5568],[-120.4199,46.5496],[-120.3986,46.5586],[-120.4086,46.5644],[-120.4039,46.5771],[-120.3888,46.5734],[-120.3895,46.577],[-120.3828,46.577],[-120.3721,46.5695],[-120.3615,46.577],[-120.3442,46.5735],[-120.3397,46.5771],[-120.3296,46.5686],[-120.3203,46.5771],[-120.277,46.577],[-120.2591,46.6006],[-120.2557,46.5772],[-120.1281,46.5771],[-120.1282,46.5701],[-120.1072,46.5699],[-120.1081,46.5629],[-119.9178,46.5625],[-119.9163,46.6357],[-119.911,46.6358],[-119.9164,46.6414],[-119.9104,46.6447],[-119.8976,46.6333],[-119.874,46.6283],[-119.8751,46.5773],[-119.8769,46.5624],[-119.9158,46.5625],[-119.9157,46.5555],[-119.9369,46.5556],[-119.9369,46.4938],[-119.953,46.4966],[-119.969,46.4935],[-119.9791,46.4862],[-119.9792,46.4903],[-119.9868,46.4892],[-120.0038,46.4815],[-120.0053,46.476],[-120.1105,46.4817],[-120.1574,46.4711],[-120.187,46.4785],[-120.1959,46.4878],[-120.2161,46.4896],[-120.225,46.4953],[-120.2388,46.4943],[-120.3022,46.5128],[-120.3157,46.5104],[-120.3237,46.5033],[-120.4004,46.5061],[-120.4065,46.5185],[-120.4172,46.521],[-120.4173,46.535],[-120.4716,46.5342],[-120.4715,46.5349]]]}},{"type":"Feature","properties":{"zipCode":"98938"},"geometry":{"type":"Polygon","coordinates":[[[-120.1515,46.4242],[-120.1254,46.4318],[-120.1254,46.4778],[-120.0965,46.4815],[-120.1028,46.4778],[-120.1021,46.4615],[-120.071,46.4646],[-120.0617,46.4711],[-120.0619,46.3603],[-120.0724,46.3603],[-120.0726,46.3462],[-120.062,46.3528],[-120.062,46.3458],[-120.0569,46.3458],[-120.0596,46.3378],[-120.0557,46.3277],[-120.0623,46.3275],[-120.049,46.3274],[-120.0517,46.3194],[-120.0464,46.3166],[-120.0517,46.3147],[-120.0412,46.3066],[-120.0468,46.309],[-120.0624,46.3042],[-120.1149,46.3152],[-120.1195,46.3242],[-120.1254,46.3247],[-120.1255,46.335],[-120.1323,46.3386],[-120.1256,46.3461],[-120.1491,46.3464],[-120.1463,46.3608],[-120.138,46.368],[-120.1437,46.368],[-120.1446,46.3752],[-120.1255,46.375],[-120.1255,46.3824],[-120.1359,46.3825],[-120.1359,46.4043],[-120.1254,46.4043],[-120.1255,46.4187],[-120.1521,46.4216],[-120.1515,46.4242]]]}},{"type":"Feature","properties":{"zipCode":"99167"},"geometry":{"type":"Polygon","coordinates":[[[-118.2031,48.4154],[-118.2024,48.4187],[-118.1805,48.4183],[-118.1872,48.4303],[-118.1982,48.4318],[-118.2017,48.4426],[-118.1955,48.4518],[-118.1748,48.45],[-118.1736,48.4565],[-118.1663,48.4566],[-118.1719,48.4639],[-118.1665,48.4638],[-118.1664,48.4727],[-118.161,48.4727],[-118.1608,48.4782],[-118.1551,48.478],[-118.1496,48.4927],[-118.1441,48.4925],[-118.1403,48.5104],[-118.1257,48.5193],[-118.1229,48.5373],[-118.1096,48.5281],[-118.1077,48.5214],[-118.0632,48.5102],[-118.0682,48.495],[-118.0558,48.4758],[-118.0641,48.4715],[-118.0622,48.4585],[-118.0676,48.4551],[-118.0556,48.4438],[-118.0673,48.4318],[-118.0646,48.4288],[-118.0755,48.4237],[-118.0706,48.4228],[-118.0732,48.4165],[-118.0666,48.412],[-118.0711,48.4062],[-118.0643,48.3946],[-118.0657,48.3897],[-118.0699,48.3916],[-118.0639,48.3867],[-118.0634,48.3509],[-118.0308,48.3509],[-118.0307,48.324],[-118.0537,48.3277],[-118.0452,48.3218],[-118.0542,48.3187],[-118.0577,48.3222],[-118.0581,48.3154],[-118.0831,48.3283],[-118.0948,48.3197],[-118.1015,48.3251],[-118.1064,48.3226],[-118.115,48.3126],[-118.1046,48.3124],[-118.1469,48.3068],[-118.1669,48.3747],[-118.183,48.3749],[-118.2035,48.4097],[-118.2031,48.4154]]]}},{"type":"Feature","properties":{"zipCode":"99170"},"geometry":{"type":"Polygon","coordinates":[[[-117.596,47.2396],[-117.5736,47.2571],[-117.5694,47.2716],[-117.5565,47.2857],[-117.5414,47.2881],[-117.5342,47.2961],[-117.5125,47.2961],[-117.508,47.3069],[-117.4886,47.3027],[-117.4885,47.3106],[-117.4779,47.3106],[-117.4778,47.3614],[-117.4563,47.3613],[-117.4564,47.3688],[-117.435,47.3659],[-117.4352,47.3762],[-117.3889,47.3761],[-117.366,47.3618],[-117.3373,47.3618],[-117.3438,47.3255],[-117.3262,47.3314],[-117.3241,47.3253],[-117.3023,47.3149],[-117.2808,47.3157],[-117.2809,47.3036],[-117.2524,47.3035],[-117.2828,47.2791],[-117.2834,47.2744],[-117.2387,47.2735],[-117.2395,47.2597],[-117.2044,47.2596],[-117.2044,47.2482],[-117.2098,47.2478],[-117.2097,47.2405],[-117.2366,47.2404],[-117.2366,47.2331],[-117.2582,47.2331],[-117.2581,47.2185],[-117.2688,47.2184],[-117.2693,47.191],[-117.2578,47.186],[-117.2573,47.1673],[-117.2682,47.1669],[-117.2683,47.1623],[-117.2886,47.1675],[-117.3226,47.1672],[-117.3224,47.1525],[-117.3645,47.1522],[-117.3646,47.1376],[-117.3988,47.1375],[-117.3918,47.1603],[-117.4133,47.1596],[-117.4181,47.1644],[-117.4181,47.1595],[-117.4507,47.1595],[-117.4506,47.1522],[-117.4611,47.1509],[-117.4841,47.1599],[-117.5028,47.1552],[-117.5154,47.1769],[-117.5579,47.2088],[-117.5605,47.2218],[-117.5753,47.226],[-117.5852,47.2361],[-117.5962,47.2374],[-117.596,47.2396]],[[-117.4926,47.2167],[-117.4817,47.2213],[-117.4731,47.2168],[-117.4674,47.2237],[-117.4621,47.2216],[-117.4615,47.2107],[-117.4513,47.2109],[-117.4516,47.2294],[-117.4652,47.2363],[-117.4783,47.2362],[-117.4906,47.2209],[-117.4926,47.2167]]]}},{"type":"Feature","properties":{"zipCode":"98942"},"geometry":{"type":"Polygon","coordinates":[[[-120.9236,46.9068],[-120.9157,46.9113],[-120.6346,46.9121],[-120.634,46.8258],[-120.5086,46.8249],[-120.51,46.7379],[-120.4504,46.7376],[-120.4544,46.7334],[-120.4515,46.7244],[-120.4888,46.7017],[-120.4924,46.6766],[-120.4879,46.6722],[-120.5037,46.6646],[-120.5067,46.6472],[-120.5254,46.6362],[-120.5151,46.63],[-120.5428,46.6243],[-120.5727,46.6294],[-120.5806,46.6327],[-120.5727,46.6471],[-120.578,46.6472],[-120.5781,46.6625],[-120.5834,46.66],[-120.5837,46.6801],[-120.5884,46.6837],[-120.5943,46.6806],[-120.5948,46.7094],[-120.6362,46.7094],[-120.6366,46.7385],[-120.6162,46.7386],[-120.6321,46.754],[-120.7004,46.7531],[-120.6996,46.7865],[-120.7192,46.7827],[-120.7093,46.799],[-120.7533,46.7864],[-120.7956,46.789],[-120.8484,46.8207],[-120.8834,46.8323],[-120.9128,46.8542],[-120.9135,46.8723],[-120.92,46.8759],[-120.9228,46.8896],[-120.9151,46.8999],[-120.9234,46.9042],[-120.9236,46.9068]]]}},{"type":"Feature","properties":{"zipCode":"98947"},"geometry":{"type":"Polygon","coordinates":[[[-120.9284,46.6417],[-120.9085,46.6541],[-120.9081,46.6781],[-120.8886,46.6917],[-120.8992,46.6873],[-120.9103,46.69],[-120.8617,46.7134],[-120.815,46.7172],[-120.8112,46.7263],[-120.7966,46.7307],[-120.7831,46.7423],[-120.7622,46.7423],[-120.7622,46.7386],[-120.7159,46.7276],[-120.7103,46.7112],[-120.6891,46.7004],[-120.6891,46.6949],[-120.6784,46.6951],[-120.6786,46.6803],[-120.6854,46.6803],[-120.6896,46.6888],[-120.7106,46.6872],[-120.7103,46.6765],[-120.7209,46.6802],[-120.7209,46.6656],[-120.7306,46.6656],[-120.7331,46.6729],[-120.742,46.673],[-120.742,46.6696],[-120.7567,46.6703],[-120.7622,46.6611],[-120.8168,46.6662],[-120.8361,46.6632],[-120.8805,46.6216],[-120.8883,46.6214],[-120.932,46.6416],[-120.9284,46.6417]]]}},{"type":"Feature","properties":{"zipCode":"99003"},"geometry":{"type":"Polygon","coordinates":[[[-117.4121,47.9182],[-117.3903,47.9185],[-117.3905,47.933],[-117.3664,47.9327],[-117.3638,47.9399],[-117.3508,47.9396],[-117.3496,47.9596],[-117.3626,47.9597],[-117.3658,47.9642],[-117.3576,47.9706],[-117.3604,47.9815],[-117.3496,47.9815],[-117.3543,48.0011],[-117.3274,47.988],[-117.3217,47.9899],[-117.3201,48.0011],[-117.3101,48.0064],[-117.3106,48.0101],[-117.3064,48.0103],[-117.3064,47.9888],[-117.2927,47.9867],[-117.2856,47.9922],[-117.279,47.9883],[-117.2791,47.981],[-117.2627,47.9809],[-117.2631,47.9591],[-117.2552,47.9534],[-117.2391,47.9532],[-117.239,47.9471],[-117.2271,47.9591],[-117.1533,47.9587],[-117.1438,47.9496],[-117.1459,47.9442],[-117.1413,47.9372],[-117.153,47.9377],[-117.1547,47.9337],[-117.149,47.9244],[-117.1565,47.9191],[-117.1498,47.906],[-117.1524,47.8884],[-117.1751,47.8881],[-117.175,47.874],[-117.2127,47.8777],[-117.2184,47.8647],[-117.2345,47.8643],[-117.2363,47.8569],[-117.2453,47.8569],[-117.245,47.8677],[-117.2612,47.8675],[-117.2663,47.8604],[-117.3043,47.8601],[-117.3043,47.8492],[-117.3203,47.8528],[-117.3258,47.8601],[-117.3488,47.8604],[-117.3377,47.8639],[-117.3373,47.8815],[-117.347,47.8748],[-117.3563,47.8751],[-117.3568,47.8787],[-117.3567,47.8677],[-117.3743,47.8677],[-117.3901,47.8964],[-117.3955,47.8965],[-117.3956,47.9038],[-117.3902,47.9038],[-117.3902,47.9074],[-117.4118,47.911],[-117.4121,47.9182]]]}},{"type":"Feature","properties":{"zipCode":"99179"},"geometry":{"type":"Polygon","coordinates":[[[-117.2084,46.4339],[-117.2065,46.4511],[-117.185,46.4581],[-117.1759,46.4688],[-117.1865,46.4909],[-117.1777,46.508],[-117.1795,46.5197],[-117.1692,46.5429],[-117.1439,46.5428],[-117.1302,46.5343],[-117.1247,46.5427],[-117.1119,46.5426],[-117.1097,46.5623],[-117.0934,46.566],[-117.0924,46.5877],[-117.0396,46.5877],[-117.0398,46.4259],[-117.0579,46.4297],[-117.0895,46.4168],[-117.1445,46.4302],[-117.186,46.4209],[-117.2086,46.4279],[-117.2084,46.4339]]]}},{"type":"Feature","properties":{"zipCode":"99181"},"geometry":{"type":"Polygon","coordinates":[[[-117.9146,48.1565],[-117.914,48.1634],[-117.8881,48.1772],[-117.8811,48.1908],[-117.861,48.207],[-117.8449,48.2109],[-117.8181,48.2081],[-117.8181,48.2117],[-117.8076,48.212],[-117.8073,48.2167],[-117.7954,48.2182],[-117.7622,48.2022],[-117.745,48.2031],[-117.7267,48.218],[-117.7255,48.2115],[-117.7304,48.2085],[-117.6936,48.2083],[-117.6935,48.1982],[-117.681,48.1793],[-117.6701,48.1803],[-117.6729,48.1971],[-117.6605,48.1928],[-117.6574,48.1619],[-117.6473,48.1704],[-117.6356,48.1694],[-117.6139,48.1811],[-117.6071,48.1695],[-117.6105,48.163],[-117.631,48.1452],[-117.6452,48.145],[-117.6448,48.1357],[-117.6561,48.1357],[-117.6509,48.1246],[-117.6527,48.0924],[-117.6627,48.0927],[-117.665,48.0631],[-117.703,48.0671],[-117.7242,48.0619],[-117.7096,48.077],[-117.6916,48.0795],[-117.6916,48.092],[-117.707,48.0882],[-117.713,48.0958],[-117.7202,48.0954],[-117.735,48.0883],[-117.7543,48.0924],[-117.7578,48.0995],[-117.7578,48.0924],[-117.7844,48.0926],[-117.788,48.0853],[-117.7956,48.0853],[-117.8012,48.0816],[-117.8013,48.0709],[-117.8226,48.0708],[-117.8229,48.0784],[-117.83,48.078],[-117.8603,48.0938],[-117.8597,48.1032],[-117.8462,48.1041],[-117.8571,48.1196],[-117.8812,48.1313],[-117.8929,48.13],[-117.9084,48.1409],[-117.9129,48.1543],[-117.9146,48.1565]]]}},{"type":"Feature","properties":{"zipCode":"99009"},"geometry":{"type":"Polygon","coordinates":[[[-117.4088,48.0753],[-117.3495,48.0752],[-117.3496,48.0607],[-117.3455,48.0607],[-117.3409,48.0752],[-117.3239,48.0802],[-117.3257,48.0875],[-117.3154,48.0826],[-117.3062,48.0854],[-117.3062,48.0895],[-117.2625,48.0896],[-117.2625,48.0824],[-117.2408,48.0823],[-117.2409,48.0679],[-117.2301,48.0679],[-117.23,48.0751],[-117.2082,48.0751],[-117.2081,48.0822],[-117.1753,48.0823],[-117.1757,48.0603],[-117.1973,48.0595],[-117.1972,48.046],[-117.1868,48.0458],[-117.1748,48.0614],[-117.1272,48.0763],[-117.0956,48.0748],[-117.1046,48.0711],[-117.1065,48.0455],[-117.1415,48.0457],[-117.1542,48.0498],[-117.1553,48.0563],[-117.1757,48.0524],[-117.177,48.0457],[-117.1631,48.0457],[-117.1758,48.0444],[-117.1758,48.0383],[-117.1557,48.0383],[-117.1555,48.0308],[-117.1759,48.031],[-117.1762,48.0164],[-117.1452,48.0163],[-117.1451,48.0022],[-117.1341,48.0024],[-117.1345,47.9733],[-117.1238,47.9733],[-117.1239,47.9588],[-117.1076,47.9589],[-117.1413,47.9372],[-117.1459,47.9442],[-117.1438,47.9496],[-117.1533,47.9587],[-117.2271,47.9591],[-117.239,47.9471],[-117.2391,47.9532],[-117.2552,47.9534],[-117.2631,47.9591],[-117.2627,47.9809],[-117.2791,47.981],[-117.279,47.9883],[-117.2856,47.9922],[-117.2927,47.9867],[-117.3064,47.9888],[-117.3064,48.0103],[-117.3184,48.0041],[-117.3217,47.9899],[-117.3274,47.988],[-117.3494,47.9975],[-117.3506,48.0067],[-117.3628,48.0071],[-117.3785,48.0176],[-117.3975,48.043],[-117.3943,48.0455],[-117.397,48.0581],[-117.4089,48.0644],[-117.4088,48.0753]]]}},{"type":"Feature","properties":{"zipCode":"99011"},"geometry":{"type":"Polygon","coordinates":[[[-117.6922,47.6088],[-117.6686,47.6157],[-117.6738,47.6327],[-117.6495,47.6429],[-117.6254,47.643],[-117.6234,47.6019],[-117.629,47.6018],[-117.629,47.5909],[-117.6396,47.5887],[-117.6397,47.5947],[-117.6503,47.5947],[-117.6503,47.6048],[-117.6576,47.6047],[-117.6578,47.6091],[-117.6874,47.6012],[-117.69,47.6052],[-117.6922,47.6088]]]}},{"type":"Feature","properties":{"zipCode":"98813"},"geometry":{"type":"Polygon","coordinates":[[[-119.7769,48.0404],[-119.7764,48.062],[-119.7103,48.0621],[-119.6982,48.0535],[-119.7019,48.0394],[-119.6953,48.0329],[-119.6808,48.0489],[-119.6441,48.049],[-119.6441,48.0414],[-119.6403,48.0417],[-119.6353,48.0509],[-119.6331,48.0781],[-119.6222,48.0771],[-119.6236,48.0711],[-119.6126,48.0741],[-119.6107,48.0686],[-119.617,48.0674],[-119.6171,48.0634],[-119.5928,48.0664],[-119.5825,48.0706],[-119.5794,48.0779],[-119.5134,48.0768],[-119.4993,48.0827],[-119.4738,48.0785],[-119.4736,47.9612],[-119.5131,47.9563],[-119.5131,47.9504],[-119.5332,47.9511],[-119.5428,47.9446],[-119.5629,47.9428],[-119.638,47.9523],[-119.6516,47.968],[-119.6588,47.9606],[-119.6639,47.9432],[-119.6639,47.9608],[-119.7714,47.9609],[-119.7713,47.9752],[-119.7551,47.9753],[-119.7553,48.0186],[-119.7769,48.0187],[-119.7769,48.0404]]]}},{"type":"Feature","properties":{"zipCode":"98821"},"geometry":{"type":"Polygon","coordinates":[[[-120.5728,47.5459],[-120.5718,47.5641],[-120.561,47.5649],[-120.5506,47.5581],[-120.5556,47.5476],[-120.5677,47.5467],[-120.5464,47.5385],[-120.551,47.5353],[-120.5739,47.5439],[-120.5728,47.5459]]]}},{"type":"Feature","properties":{"zipCode":"99013"},"geometry":{"type":"Polygon","coordinates":[[[-117.9923,47.8292],[-117.9901,47.8344],[-117.9797,47.8344],[-117.9322,47.8236],[-117.9209,47.8277],[-117.9184,47.8344],[-117.8969,47.8426],[-117.8836,47.858],[-117.9134,47.8648],[-117.9091,47.873],[-117.8961,47.8788],[-117.926,47.8779],[-117.9279,47.8947],[-117.9218,47.8967],[-117.9218,47.9041],[-117.8898,47.9031],[-117.8914,47.9103],[-117.8859,47.9139],[-117.908,47.9253],[-117.9081,47.9611],[-117.8886,47.9762],[-117.8651,47.9765],[-117.8652,48.002],[-117.7564,48.0019],[-117.7514,47.9946],[-117.7277,47.9946],[-117.7387,47.9904],[-117.7547,47.9928],[-117.7606,47.975],[-117.7753,47.966],[-117.7853,47.9458],[-117.7768,47.9378],[-117.7805,47.9265],[-117.8036,47.9148],[-117.8286,47.8912],[-117.7993,47.8751],[-117.7991,47.8464],[-117.7683,47.8464],[-117.7609,47.8385],[-117.7457,47.8399],[-117.7142,47.8523],[-117.7062,47.8692],[-117.7086,47.8748],[-117.6975,47.8748],[-117.7018,47.8651],[-117.6978,47.8563],[-117.7127,47.8471],[-117.7125,47.8028],[-117.7338,47.8006],[-117.7337,47.7811],[-117.7985,47.7814],[-117.8094,47.7886],[-117.8204,47.7887],[-117.8207,47.8138],[-117.8371,47.8204],[-117.875,47.8246],[-117.8742,47.8157],[-117.8918,47.8118],[-117.8927,47.8028],[-117.91,47.8032],[-117.9172,47.7887],[-117.928,47.7886],[-117.9283,47.796],[-117.9388,47.7958],[-117.9389,47.8031],[-117.9494,47.8028],[-117.9493,47.8099],[-117.9703,47.81],[-117.9707,47.8173],[-117.9927,47.8174],[-117.9923,47.8292]]]}},{"type":"Feature","properties":{"zipCode":"99016"},"geometry":{"type":"Polygon","coordinates":[[[-117.2021,47.588],[-117.1956,47.5946],[-117.1955,47.6088],[-117.1915,47.6088],[-117.1913,47.6206],[-117.1949,47.6217],[-117.191,47.6217],[-117.1912,47.6278],[-117.1784,47.629],[-117.1751,47.6423],[-117.1784,47.649],[-117.1751,47.6657],[-117.1966,47.6693],[-117.182,47.669],[-117.1778,47.6733],[-117.1837,47.6693],[-117.1965,47.6725],[-117.1854,47.6708],[-117.1639,47.6841],[-117.1539,47.6783],[-117.1381,47.6817],[-117.1219,47.6779],[-117.1217,47.6671],[-117.1376,47.6626],[-117.1375,47.6569],[-117.1216,47.6569],[-117.1215,47.6495],[-117.1128,47.6495],[-117.1108,47.6422],[-117.1263,47.6423],[-117.1184,47.6352],[-117.1227,47.6316],[-117.1142,47.6285],[-117.1081,47.6113],[-117.0845,47.6051],[-117.08,47.5867],[-117.0856,47.5799],[-117.1641,47.5793],[-117.1848,47.5797],[-117.1848,47.5834],[-117.2026,47.587],[-117.2021,47.588]]]}},{"type":"Feature","properties":{"zipCode":"99019"},"geometry":{"type":"Polygon","coordinates":[[[-117.1376,47.6626],[-117.1217,47.6671],[-117.1219,47.6779],[-117.1079,47.6844],[-117.0852,47.6826],[-117.0564,47.6967],[-117.0416,47.6977],[-117.0409,47.5847],[-117.0569,47.5884],[-117.0856,47.5799],[-117.0793,47.5885],[-117.0845,47.6051],[-117.1081,47.6113],[-117.1142,47.6285],[-117.1227,47.6316],[-117.1184,47.6352],[-117.1257,47.6391],[-117.1263,47.6423],[-117.1108,47.6422],[-117.1128,47.6495],[-117.1215,47.6495],[-117.1216,47.6569],[-117.1375,47.6569],[-117.1376,47.6626]]]}},{"type":"Feature","properties":{"zipCode":"99021"},"geometry":{"type":"Polygon","coordinates":[[[-117.3784,47.7725],[-117.373,47.7806],[-117.3645,47.7791],[-117.3773,47.7995],[-117.3679,47.7996],[-117.355,47.8088],[-117.3476,47.8244],[-117.3431,47.8223],[-117.3486,47.8018],[-117.3147,47.802],[-117.304,47.8094],[-117.2883,47.8094],[-117.2883,47.813],[-117.2721,47.8168],[-117.2696,47.831],[-117.2529,47.8268],[-117.2562,47.8387],[-117.2481,47.8423],[-117.2505,47.8497],[-117.2452,47.8496],[-117.2453,47.8569],[-117.2363,47.8569],[-117.2345,47.8643],[-117.2184,47.8647],[-117.2127,47.8777],[-117.175,47.874],[-117.1751,47.8881],[-117.1524,47.8884],[-117.1498,47.906],[-117.1565,47.9191],[-117.1489,47.9222],[-117.153,47.9377],[-117.1413,47.9372],[-117.1076,47.9589],[-117.0424,47.9584],[-117.0424,47.8745],[-117.1101,47.8741],[-117.1098,47.8439],[-117.1307,47.8442],[-117.1306,47.8155],[-117.1534,47.8162],[-117.1542,47.8017],[-117.1724,47.802],[-117.1724,47.8091],[-117.1915,47.8092],[-117.1916,47.8019],[-117.2076,47.8058],[-117.2269,47.8014],[-117.2406,47.7921],[-117.2406,47.7875],[-117.2344,47.7875],[-117.2347,47.7657],[-117.2293,47.7657],[-117.2293,47.7584],[-117.2186,47.7583],[-117.2186,47.7548],[-117.2454,47.7548],[-117.2455,47.7512],[-117.2402,47.7512],[-117.2402,47.744],[-117.2589,47.7439],[-117.2616,47.7584],[-117.2937,47.7585],[-117.2938,47.7658],[-117.3039,47.7658],[-117.3038,47.7548],[-117.3505,47.7593],[-117.3559,47.7586],[-117.3617,47.7473],[-117.3599,47.7524],[-117.3665,47.7532],[-117.3683,47.7729],[-117.377,47.7722],[-117.3784,47.7725]]]}},{"type":"Feature","properties":{"zipCode":"99023"},"geometry":{"type":"Polygon","coordinates":[[[-117.2385,47.5521],[-117.233,47.5581],[-117.2138,47.556],[-117.2243,47.5799],[-117.2063,47.5798],[-117.2062,47.587],[-117.1848,47.5834],[-117.1848,47.5797],[-117.0819,47.5799],[-117.0569,47.5884],[-117.0409,47.5847],[-117.0411,47.5498],[-117.0494,47.5573],[-117.0559,47.5486],[-117.0629,47.5673],[-117.0745,47.5725],[-117.0801,47.5637],[-117.0859,47.569],[-117.0858,47.5505],[-117.1036,47.5583],[-117.1089,47.5532],[-117.1125,47.5634],[-117.1233,47.5533],[-117.1639,47.5508],[-117.1639,47.5436],[-117.1849,47.5473],[-117.1886,47.5369],[-117.2074,47.535],[-117.2146,47.5412],[-117.2137,47.5476],[-117.2353,47.5433],[-117.2386,47.5493],[-117.2385,47.5521]]]}},{"type":"Feature","properties":{"zipCode":"98828"},"geometry":{"type":"Polygon","coordinates":[[[-120.2987,47.2633],[-120.2656,47.2983],[-120.1985,47.3342],[-120.2389,47.3339],[-120.2389,47.3479],[-120.2596,47.3481],[-120.2601,47.3624],[-120.2666,47.3624],[-120.2495,47.3748],[-120.2481,47.381],[-120.1656,47.3677],[-120.1296,47.3663],[-120.1012,47.3432],[-120.0863,47.3389],[-120.0833,47.3337],[-120.0903,47.3192],[-120.086,47.3003],[-120.0945,47.2622],[-120.1853,47.2623],[-120.2033,47.2464],[-120.2164,47.2429],[-120.21,47.2378],[-120.2409,47.2296],[-120.2491,47.2322],[-120.2584,47.2244],[-120.2594,47.2618],[-120.3018,47.2611],[-120.2987,47.2633]]]}},{"type":"Feature","properties":{"zipCode":"98264"},"geometry":{"type":"Polygon","coordinates":[[[-122.558,48.9435],[-122.5537,48.9501],[-122.5353,48.95],[-122.532,48.9567],[-122.5325,48.9607],[-122.5437,48.9612],[-122.5478,48.9807],[-122.5515,48.9799],[-122.5507,49.0023],[-122.3188,49.0003],[-122.3244,48.9987],[-122.331,48.9783],[-122.3473,48.9783],[-122.3477,48.9674],[-122.3521,48.9677],[-122.3522,48.9636],[-122.3742,48.9711],[-122.4027,48.964],[-122.4025,48.9496],[-122.4078,48.9497],[-122.4103,48.9349],[-122.4064,48.9292],[-122.382,48.9234],[-122.3858,48.9226],[-122.3863,48.9098],[-122.3976,48.9098],[-122.3974,48.9025],[-122.4031,48.9005],[-122.4368,48.8991],[-122.4369,48.8941],[-122.4459,48.888],[-122.4426,48.8698],[-122.4647,48.8699],[-122.4646,48.8647],[-122.4536,48.8635],[-122.4591,48.859],[-122.4814,48.8589],[-122.4859,48.867],[-122.497,48.8697],[-122.4969,48.8806],[-122.5102,48.8843],[-122.5098,48.8987],[-122.4995,48.898],[-122.4967,48.9039],[-122.4856,48.9049],[-122.4858,48.9137],[-122.5373,48.912],[-122.542,48.9065],[-122.5244,48.924],[-122.5188,48.9241],[-122.5189,48.9315],[-122.5365,48.9353],[-122.5429,48.9284],[-122.5578,48.9369],[-122.558,48.9435]]]}},{"type":"Feature","properties":{"zipCode":"98276"},"geometry":{"type":"Polygon","coordinates":[[[-122.3288,48.9322],[-122.3217,48.9347],[-122.3209,48.9424],[-122.3207,48.9348],[-122.3121,48.9347],[-122.3181,48.9221],[-122.3153,48.9184],[-122.3288,48.9212],[-122.3288,48.9322]]]}},{"type":"Feature","properties":{"zipCode":"99037"},"geometry":{"type":"Polygon","coordinates":[[[-117.2205,47.6133],[-117.2182,47.6207],[-117.2075,47.6192],[-117.2074,47.6233],[-117.2181,47.6263],[-117.2182,47.6351],[-117.2181,47.6497],[-117.202,47.6497],[-117.2019,47.6686],[-117.2074,47.6713],[-117.1751,47.6657],[-117.1784,47.649],[-117.1751,47.6423],[-117.1784,47.629],[-117.1912,47.6278],[-117.191,47.6217],[-117.1949,47.6217],[-117.1913,47.6134],[-117.1955,47.598],[-117.2196,47.6133],[-117.2205,47.6133]]]}},{"type":"Feature","properties":{"zipCode":"98568"},"geometry":{"type":"Polygon","coordinates":[[[-123.4836,46.8463],[-123.4524,46.8536],[-123.4441,46.8715],[-123.4349,46.8753],[-123.445,46.8805],[-123.4405,46.888],[-123.458,46.8979],[-123.4546,46.9026],[-123.4587,46.9096],[-123.4451,46.9118],[-123.4489,46.9195],[-123.4266,46.9317],[-123.4147,46.9308],[-123.3903,46.9395],[-123.3808,46.9346],[-123.3844,46.9296],[-123.3578,46.9437],[-123.3436,46.943],[-123.3421,46.9395],[-123.3116,46.9392],[-123.3043,46.9266],[-123.2898,46.9312],[-123.2789,46.9254],[-123.2748,46.9171],[-123.261,46.9268],[-123.2507,46.9454],[-123.2369,46.951],[-123.2353,46.9606],[-123.2388,46.9758],[-123.2524,46.9689],[-123.2577,46.9728],[-123.2679,46.9713],[-123.268,46.9758],[-123.2513,46.9799],[-123.2373,46.9934],[-123.2234,46.9939],[-123.2225,47.0115],[-123.201,47.0147],[-123.2031,46.997],[-123.1584,46.9959],[-123.1608,46.8526],[-123.1605,46.8272],[-123.1569,46.8269],[-123.1606,46.8241],[-123.1603,46.7992],[-123.182,46.8028],[-123.182,46.794],[-123.2563,46.7928],[-123.2563,46.7865],[-123.2665,46.7867],[-123.2665,46.7795],[-123.277,46.7794],[-123.2771,46.7652],[-123.2877,46.7652],[-123.2877,46.7512],[-123.3302,46.75],[-123.3305,46.7363],[-123.3704,46.7347],[-123.3709,46.7921],[-123.4829,46.7929],[-123.4836,46.8463]]]}},{"type":"Feature","properties":{"zipCode":"98516"},"geometry":{"type":"Polygon","coordinates":[[[-122.8392,47.0455],[-122.8337,47.046],[-122.8337,47.0505],[-122.8231,47.0505],[-122.824,47.0541],[-122.8337,47.0541],[-122.8337,47.0764],[-122.8282,47.0809],[-122.8327,47.0815],[-122.8337,47.0885],[-122.8318,47.0942],[-122.8233,47.0942],[-122.8284,47.0948],[-122.8277,47.1079],[-122.8334,47.1123],[-122.8282,47.1255],[-122.8277,47.161],[-122.8215,47.1766],[-122.8152,47.1791],[-122.8092,47.1652],[-122.7987,47.1593],[-122.7878,47.1429],[-122.7863,47.1271],[-122.727,47.1005],[-122.7257,47.0939],[-122.6922,47.0999],[-122.6972,47.0896],[-122.7075,47.0853],[-122.704,47.0719],[-122.7501,47.0596],[-122.749,47.0539],[-122.8392,47.0454],[-122.8392,47.0455]]]}},{"type":"Feature","properties":{"zipCode":"98643"},"geometry":{"type":"Polygon","coordinates":[[[-123.7165,46.3115],[-123.7084,46.3179],[-123.7019,46.3137],[-123.6935,46.3175],[-123.6994,46.3347],[-123.6872,46.3283],[-123.6727,46.3379],[-123.6737,46.3434],[-123.6622,46.3487],[-123.645,46.3487],[-123.6297,46.3395],[-123.6116,46.3437],[-123.6082,46.3395],[-123.5914,46.3379],[-123.5839,46.3296],[-123.5235,46.3254],[-123.5254,46.3209],[-123.5428,46.3229],[-123.5388,46.3141],[-123.5616,46.2778],[-123.5522,46.2654],[-123.5644,46.2613],[-123.6135,46.26],[-123.6695,46.2668],[-123.6791,46.2725],[-123.6806,46.296],[-123.7007,46.3046],[-123.7154,46.3025],[-123.7112,46.3082],[-123.7167,46.3107],[-123.7165,46.3115]]]}},{"type":"Feature","properties":{"zipCode":"98535"},"geometry":{"type":"Polygon","coordinates":[[[-124.193,47.1613],[-124.1735,47.1583],[-124.1736,47.1395],[-124.1765,47.1455],[-124.183,47.146],[-124.1775,47.1263],[-124.1697,47.1169],[-124.0962,47.1368],[-124.0785,47.1122],[-124.0877,47.1156],[-124.0785,47.1103],[-124.0808,47.1025],[-124.0595,47.0953],[-124.0625,47.0909],[-124.0592,47.0813],[-124.0638,47.0816],[-124.0604,47.0862],[-124.068,47.0868],[-124.0685,47.0561],[-124.1077,47.0561],[-124.1032,47.0658],[-124.1197,47.0748],[-124.1347,47.0639],[-124.1416,47.068],[-124.1592,47.0654],[-124.1633,47.0559],[-124.1513,47.0752],[-124.1385,47.0762],[-124.1476,47.0788],[-124.1437,47.09],[-124.1474,47.0963],[-124.1599,47.0977],[-124.1696,47.0932],[-124.171,47.0868],[-124.1765,47.0906],[-124.1924,47.1584],[-124.193,47.1613]]]}},{"type":"Feature","properties":{"zipCode":"98177"},"geometry":{"type":"Polygon","coordinates":[[[-122.3949,47.7776],[-122.3587,47.7778],[-122.3558,47.765],[-122.3571,47.754],[-122.3644,47.756],[-122.3709,47.7509],[-122.3557,47.745],[-122.3581,47.7015],[-122.39,47.7015],[-122.3804,47.7091],[-122.3731,47.7292],[-122.3827,47.7478],[-122.3802,47.7585],[-122.3944,47.7722],[-122.3944,47.7771],[-122.3949,47.7776]]]}},{"type":"Feature","properties":{"zipCode":"98562"},"geometry":{"type":"Polygon","coordinates":[[[-124.2193,47.2442],[-124.179,47.2449],[-124.1942,47.2368],[-124.2122,47.2361],[-124.204,47.2185],[-124.2093,47.2188],[-124.219,47.2434],[-124.2193,47.2442]]]}},{"type":"Feature","properties":{"zipCode":"98580"},"geometry":{"type":"Polygon","coordinates":[[[-122.6804,47.0306],[-122.6755,47.0372],[-122.6773,47.0433],[-122.6245,47.0332],[-122.6143,47.0518],[-122.5962,47.0543],[-122.5893,47.0635],[-122.5687,47.0674],[-122.5667,47.0831],[-122.5496,47.0999],[-122.5053,47.0906],[-122.5002,47.1195],[-122.494,47.1193],[-122.494,47.1145],[-122.4708,47.1145],[-122.464,47.1187],[-122.464,47.1003],[-122.4349,47.0973],[-122.4326,47.0681],[-122.4217,47.0679],[-122.4219,47.0022],[-122.4006,47.0022],[-122.4007,46.9969],[-122.3899,46.9974],[-122.3896,46.9803],[-122.4002,46.9804],[-122.3997,46.9489],[-122.3932,46.9567],[-122.3873,46.9564],[-122.3899,46.9457],[-122.3839,46.9369],[-122.3786,46.9368],[-122.3817,46.9065],[-122.3756,46.9051],[-122.4136,46.8911],[-122.417,46.8864],[-122.4124,46.886],[-122.4124,46.8792],[-122.423,46.8792],[-122.4236,46.8505],[-122.4324,46.85],[-122.446,46.8562],[-122.4517,46.8526],[-122.4581,46.8636],[-122.4666,46.866],[-122.4738,46.862],[-122.4907,46.8673],[-122.4879,46.8789],[-122.4936,46.88],[-122.4911,46.8881],[-122.4973,46.8972],[-122.4941,46.9048],[-122.5061,46.9134],[-122.5206,46.9156],[-122.5279,46.925],[-122.5637,46.9358],[-122.5719,46.9611],[-122.5647,46.9664],[-122.5872,46.9668],[-122.587,46.9706],[-122.5754,46.9716],[-122.5801,46.9775],[-122.59,46.974],[-122.611,46.9767],[-122.6117,46.9672],[-122.6291,46.9715],[-122.6386,46.9791],[-122.6303,46.9983],[-122.6381,46.9982],[-122.652,47.0074],[-122.6599,47.0032],[-122.6588,47.0095],[-122.6724,47.0154],[-122.6732,47.0247],[-122.6799,47.0282],[-122.6804,47.0306]]]}},{"type":"Feature","properties":{"zipCode":"98074"},"geometry":{"type":"Polygon","coordinates":[[[-122.0969,47.6499],[-122.0882,47.6575],[-122.0789,47.6558],[-122.0789,47.6494],[-122.0558,47.6493],[-122.0556,47.6427],[-122.0477,47.6385],[-122.0137,47.6413],[-122.003,47.6306],[-122.0027,47.6199],[-121.9921,47.619],[-121.9921,47.6121],[-121.982,47.6098],[-121.9798,47.6013],[-122.0087,47.5981],[-122.0138,47.6029],[-122.0965,47.6023],[-122.0809,47.6185],[-122.0793,47.6275],[-122.0817,47.6352],[-122.0982,47.6484],[-122.0969,47.6499]]]}},{"type":"Feature","properties":{"zipCode":"98645"},"geometry":{"type":"Polygon","coordinates":[[[-122.8451,46.2936],[-122.8297,46.2915],[-122.8113,46.2969],[-122.8138,46.3236],[-122.8012,46.3242],[-122.8016,46.3284],[-122.7942,46.3318],[-122.8113,46.3361],[-122.8247,46.3315],[-122.8248,46.3381],[-122.8109,46.3507],[-122.8031,46.3508],[-122.798,46.3599],[-122.79,46.3605],[-122.7699,46.3749],[-122.7603,46.3721],[-122.7614,46.3636],[-122.7505,46.3593],[-122.7467,46.3436],[-122.7367,46.3431],[-122.7245,46.3351],[-122.7326,46.3244],[-122.7445,46.3223],[-122.7457,46.3032],[-122.7653,46.2928],[-122.7881,46.2901],[-122.8009,46.2833],[-122.8078,46.2715],[-122.8114,46.2712],[-122.8124,46.2892],[-122.8159,46.2903],[-122.8452,46.2828],[-122.8451,46.2936]]]}},{"type":"Feature","properties":{"zipCode":"98665"},"geometry":{"type":"Polygon","coordinates":[[[-122.7052,45.6933],[-122.5994,45.6933],[-122.6008,45.6873],[-122.5942,45.6834],[-122.5994,45.6788],[-122.623,45.6787],[-122.6579,45.6633],[-122.6706,45.6649],[-122.6915,45.6762],[-122.6913,45.6666],[-122.6988,45.6666],[-122.6996,45.6625],[-122.7024,45.6684],[-122.6928,45.6782],[-122.7061,45.6931],[-122.7052,45.6933]]]}},{"type":"Feature","properties":{"zipCode":"99005"},"geometry":{"type":"Polygon","coordinates":[[[-117.4761,47.8602],[-117.4545,47.8601],[-117.4543,47.8746],[-117.4428,47.8746],[-117.4498,47.8818],[-117.4327,47.8819],[-117.4328,47.8872],[-117.4062,47.8951],[-117.3912,47.893],[-117.3743,47.8677],[-117.3567,47.8677],[-117.3568,47.8787],[-117.3563,47.8751],[-117.347,47.8748],[-117.3373,47.8815],[-117.3377,47.8639],[-117.3488,47.8604],[-117.3258,47.8601],[-117.3203,47.8528],[-117.3096,47.8528],[-117.3096,47.8491],[-117.3043,47.8492],[-117.3043,47.8601],[-117.2663,47.8604],[-117.2612,47.8675],[-117.245,47.8677],[-117.2452,47.8496],[-117.2505,47.8497],[-117.2481,47.8423],[-117.2562,47.8387],[-117.2529,47.8268],[-117.2696,47.831],[-117.2721,47.8168],[-117.2777,47.8168],[-117.2776,47.813],[-117.304,47.8094],[-117.3147,47.802],[-117.3486,47.8018],[-117.3452,47.8252],[-117.3564,47.8124],[-117.355,47.8088],[-117.3679,47.7996],[-117.3701,47.8092],[-117.4002,47.8091],[-117.4067,47.7975],[-117.4062,47.8088],[-117.4129,47.82],[-117.4125,47.8164],[-117.4193,47.8164],[-117.4332,47.8202],[-117.4332,47.824],[-117.4432,47.8258],[-117.4486,47.8381],[-117.4694,47.8436],[-117.4671,47.8528],[-117.476,47.8529],[-117.4761,47.8602]]]}},{"type":"Feature","properties":{"zipCode":"98315"},"geometry":{"type":"Polygon","coordinates":[[[-122.7461,47.7215],[-122.7385,47.7366],[-122.7227,47.7488],[-122.7148,47.7675],[-122.7048,47.7719],[-122.692,47.7666],[-122.6924,47.6956],[-122.7028,47.6918],[-122.7033,47.6795],[-122.7245,47.6771],[-122.7346,47.6899],[-122.7434,47.7146],[-122.7407,47.7193],[-122.7462,47.7214],[-122.7461,47.7215]]]}},{"type":"Feature","properties":{"zipCode":"98342"},"geometry":{"type":"Polygon","coordinates":[[[-122.5559,47.7488],[-122.5363,47.7548],[-122.5366,47.7657],[-122.4986,47.7657],[-122.4988,47.7445],[-122.5562,47.7481],[-122.5559,47.7488]]]}},{"type":"Feature","properties":{"zipCode":"98547"},"geometry":{"type":"Polygon","coordinates":[[[-124.1132,46.8491],[-124.1063,46.8495],[-124.1091,46.8588],[-124.0682,46.863],[-124.0636,46.8589],[-124.0408,46.8575],[-124.0088,46.8386],[-123.9917,46.8403],[-123.9842,46.8333],[-123.9735,46.8321],[-123.9632,46.8138],[-123.9653,46.793],[-123.9152,46.7926],[-123.9188,46.7388],[-123.9135,46.7267],[-123.9487,46.7254],[-123.9686,46.7361],[-123.975,46.7334],[-123.9786,46.7223],[-124.0058,46.7259],[-124.0141,46.7323],[-124.0356,46.7324],[-124.0373,46.7221],[-124.0631,46.7337],[-124.081,46.735],[-124.0965,46.7462],[-124.0967,46.7844],[-124.1085,46.8373],[-124.1132,46.8491]]]}},{"type":"Feature","properties":{"zipCode":"98385"},"geometry":{"type":"Polygon","coordinates":[[[-122.119,47.1356],[-122.1077,47.1427],[-122.0656,47.1393],[-122.0858,47.1372],[-122.0857,47.1337],[-122.1019,47.1337],[-122.1018,47.1385],[-122.1175,47.1353],[-122.119,47.1356]]]}},{"type":"Feature","properties":{"zipCode":"98349"},"geometry":{"type":"MultiPolygon","coordinates":[[[[-122.8309,47.2456],[-122.8153,47.2751],[-122.794,47.2907],[-122.7823,47.2862],[-122.7642,47.2952],[-122.7698,47.3026],[-122.7543,47.31],[-122.7629,47.3153],[-122.759,47.3154],[-122.7587,47.3371],[-122.7633,47.3441],[-122.7473,47.3447],[-122.7434,47.3406],[-122.7509,47.3335],[-122.736,47.3327],[-122.7302,47.3408],[-122.7362,47.3455],[-122.7314,47.3455],[-122.728,47.3288],[-122.752,47.2906],[-122.7574,47.274],[-122.7465,47.2725],[-122.7495,47.2596],[-122.735,47.2659],[-122.7379,47.2554],[-122.7339,47.2501],[-122.7184,47.2515],[-122.7248,47.2359],[-122.7198,47.2209],[-122.7268,47.2161],[-122.7271,47.2227],[-122.7379,47.223],[-122.7378,47.2356],[-122.7471,47.2355],[-122.7486,47.2272],[-122.7558,47.2213],[-122.7591,47.2208],[-122.7591,47.2281],[-122.7743,47.2283],[-122.7783,47.2213],[-122.8073,47.2222],[-122.8239,47.231],[-122.8328,47.2434],[-122.8309,47.2456]]],[[[-122.8416,47.258],[-122.8401,47.2681],[-122.8323,47.2729],[-122.8253,47.2705],[-122.8341,47.2568],[-122.8419,47.2577],[-122.8416,47.258]]]]}},{"type":"Feature","properties":{"zipCode":"98359"},"geometry":{"type":"Polygon","coordinates":[[[-122.625,47.4057],[-122.6219,47.4469],[-122.5962,47.447],[-122.5944,47.4389],[-122.5891,47.4389],[-122.589,47.447],[-122.5781,47.4471],[-122.5758,47.4616],[-122.5661,47.4657],[-122.5621,47.4616],[-122.5512,47.4652],[-122.5309,47.4626],[-122.5299,47.456],[-122.5356,47.4493],[-122.5319,47.4288],[-122.5509,47.4034],[-122.6247,47.4035],[-122.625,47.4057]]]}},{"type":"Feature","properties":{"zipCode":"98388"},"geometry":{"type":"MultiPolygon","coordinates":[[[[-122.6168,47.1572],[-122.6138,47.1696],[-122.5929,47.1758],[-122.5848,47.1874],[-122.5762,47.1865],[-122.5743,47.1798],[-122.5825,47.1698],[-122.5826,47.1611],[-122.6162,47.1572],[-122.6168,47.1572]]],[[[-122.6406,47.1494],[-122.6359,47.164],[-122.6302,47.1657],[-122.6304,47.1535],[-122.6403,47.1487],[-122.6406,47.1494]]],[[[-122.7269,47.2074],[-122.7046,47.231],[-122.6852,47.2324],[-122.6675,47.2234],[-122.6687,47.2158],[-122.662,47.2142],[-122.6596,47.2193],[-122.6487,47.2156],[-122.6418,47.205],[-122.6573,47.1935],[-122.6777,47.1911],[-122.7269,47.2044],[-122.7269,47.2074]]]]}},{"type":"Feature","properties":{"zipCode":"98106"},"geometry":{"type":"Polygon","coordinates":[[[-122.3729,47.5813],[-122.36,47.5852],[-122.3594,47.5746],[-122.3454,47.5708],[-122.3315,47.521],[-122.337,47.5139],[-122.367,47.5141],[-122.3645,47.5247],[-122.3712,47.5283],[-122.3658,47.5319],[-122.37,47.541],[-122.3657,47.5399],[-122.3692,47.5573],[-122.3655,47.5654],[-122.3708,47.5676],[-122.3725,47.5787],[-122.3729,47.5813]]]}},{"type":"Feature","properties":{"zipCode":"98148"},"geometry":{"type":"Polygon","coordinates":[[[-122.3383,47.4303],[-122.334,47.4452],[-122.3369,47.4624],[-122.3317,47.4704],[-122.3126,47.4703],[-122.3194,47.4667],[-122.3184,47.4454],[-122.3222,47.4389],[-122.3146,47.4348],[-122.3106,47.4228],[-122.3378,47.4232],[-122.3364,47.4293],[-122.3383,47.4303]]]}},{"type":"Feature","properties":{"zipCode":"98168"},"geometry":{"type":"Polygon","coordinates":[[[-122.3343,47.4995],[-122.3343,47.5139],[-122.2937,47.5102],[-122.2913,47.5134],[-122.2778,47.5013],[-122.2801,47.4902],[-122.2668,47.4891],[-122.2675,47.4824],[-122.2594,47.4835],[-122.2559,47.4791],[-122.259,47.4776],[-122.2516,47.4748],[-122.2553,47.4737],[-122.2529,47.4689],[-122.2683,47.469],[-122.2705,47.474],[-122.2759,47.4691],[-122.3024,47.4663],[-122.3317,47.4704],[-122.3339,47.4669],[-122.3356,47.4976],[-122.3343,47.4995]]]}},{"type":"Feature","properties":{"zipCode":"98199"},"geometry":{"type":"Polygon","coordinates":[[[-122.4369,47.6617],[-122.4093,47.6727],[-122.4036,47.6667],[-122.3762,47.6594],[-122.3836,47.654],[-122.3791,47.6333],[-122.3918,47.63],[-122.4042,47.6339],[-122.4146,47.6398],[-122.4298,47.6589],[-122.4369,47.6617]]]}},{"type":"Feature","properties":{"zipCode":"99146"},"geometry":{"type":"Polygon","coordinates":[[[-118.3987,48.95],[-118.3982,48.9651],[-118.3932,48.9663],[-118.3942,48.9822],[-118.375,48.9894],[-118.3647,49.0004],[-118.1974,49.0004],[-118.1975,48.9938],[-118.22,48.9974],[-118.2059,48.9874],[-118.2162,48.9842],[-118.2217,48.9705],[-118.2072,48.9631],[-118.2217,48.9371],[-118.2016,48.915],[-118.2169,48.9256],[-118.206,48.9123],[-118.216,48.9059],[-118.2281,48.9043],[-118.273,48.9177],[-118.2901,48.9106],[-118.3129,48.9188],[-118.3457,48.9167],[-118.3764,48.9234],[-118.3751,48.9298],[-118.3873,48.9336],[-118.3931,48.9498],[-118.3978,48.9504],[-118.3987,48.95]]]}},{"type":"Feature","properties":{"zipCode":"98010"},"geometry":{"type":"Polygon","coordinates":[[[-122.0603,47.3258],[-122.0455,47.3347],[-122.0523,47.3369],[-122.0539,47.3436],[-122.0218,47.3435],[-122.01,47.3296],[-121.9398,47.3274],[-121.9342,47.3193],[-121.9489,47.321],[-121.9423,47.3142],[-121.943,47.3069],[-121.9674,47.2879],[-121.9733,47.2906],[-121.9744,47.2832],[-121.9877,47.2789],[-121.9845,47.276],[-121.9885,47.2728],[-121.996,47.2801],[-121.9953,47.2867],[-122.0197,47.2902],[-122.0223,47.2859],[-122.0382,47.2867],[-122.0388,47.3061],[-122.0471,47.3079],[-122.0524,47.3012],[-122.06,47.3012],[-122.06,47.3057],[-122.0603,47.3258]],[[-122.0446,47.3115],[-122.0388,47.3109],[-122.0388,47.315],[-122.0447,47.315],[-122.0446,47.3115]]]}},{"type":"Feature","properties":{"zipCode":"98012"},"geometry":{"type":"Polygon","coordinates":[[[-122.2465,47.841],[-122.2396,47.8422],[-122.2336,47.8566],[-122.2279,47.8594],[-122.2241,47.882],[-122.2151,47.8782],[-122.166,47.8778],[-122.1781,47.8653],[-122.1696,47.8652],[-122.1738,47.8599],[-122.1692,47.8581],[-122.1584,47.858],[-122.1585,47.8446],[-122.1531,47.8447],[-122.1573,47.8363],[-122.1533,47.8342],[-122.1588,47.8288],[-122.1536,47.8242],[-122.159,47.8242],[-122.1538,47.8178],[-122.1645,47.8197],[-122.1647,47.8085],[-122.1822,47.8131],[-122.1861,47.8092],[-122.2296,47.8093],[-122.2385,47.8175],[-122.234,47.8218],[-122.2385,47.8242],[-122.2364,47.838],[-122.2427,47.8359],[-122.2423,47.8398],[-122.2463,47.8395],[-122.2465,47.841]]]}},{"type":"Feature","properties":{"zipCode":"98021"},"geometry":{"type":"Polygon","coordinates":[[[-122.2658,47.7791],[-122.2606,47.7872],[-122.2646,47.7918],[-122.2556,47.7917],[-122.2593,47.7957],[-122.243,47.8029],[-122.2432,47.8076],[-122.2331,47.8075],[-122.2339,47.8144],[-122.2296,47.8093],[-122.1861,47.8092],[-122.1822,47.8131],[-122.1661,47.8093],[-122.1693,47.8016],[-122.1604,47.7955],[-122.1515,47.7977],[-122.1491,47.7905],[-122.1597,47.7898],[-122.1597,47.7834],[-122.1714,47.7799],[-122.1694,47.7763],[-122.267,47.7771],[-122.2658,47.7791]]]}},{"type":"Feature","properties":{"zipCode":"99159"},"geometry":{"type":"Polygon","coordinates":[[[-118.9808,47.1741],[-118.9595,47.1731],[-118.9586,47.1875],[-118.9589,47.2019],[-118.9799,47.2034],[-118.9789,47.3826],[-118.914,47.3633],[-118.8938,47.3637],[-118.8926,47.4213],[-118.9353,47.4216],[-118.9353,47.4365],[-118.8496,47.4355],[-118.8494,47.4793],[-118.839,47.4793],[-118.8384,47.4938],[-118.7848,47.4942],[-118.785,47.5088],[-118.732,47.5086],[-118.721,47.5375],[-118.6783,47.5375],[-118.6783,47.552],[-118.6355,47.5518],[-118.6355,47.5809],[-118.5705,47.5803],[-118.5707,47.5366],[-118.5474,47.5365],[-118.5352,47.5166],[-118.5403,47.5082],[-118.5712,47.503],[-118.5719,47.4947],[-118.5392,47.4944],[-118.5391,47.4576],[-118.507,47.4577],[-118.5069,47.4503],[-118.4639,47.4501],[-118.4641,47.4357],[-118.5495,47.4354],[-118.5512,47.363],[-118.5854,47.3631],[-118.5933,47.3531],[-118.5936,47.3477],[-118.5517,47.3488],[-118.5514,47.3222],[-118.5303,47.3174],[-118.5307,47.2755],[-118.5519,47.2755],[-118.5521,47.2611],[-118.5791,47.2611],[-118.5794,47.2486],[-118.5562,47.2492],[-118.5566,47.2351],[-118.5678,47.235],[-118.5683,47.2059],[-118.579,47.2058],[-118.5798,47.1551],[-118.768,47.1518],[-118.7683,47.1302],[-118.8535,47.1298],[-118.8531,47.1589],[-118.8744,47.1589],[-118.8743,47.13],[-118.9812,47.1304],[-118.9808,47.1741]]]}},{"type":"Feature","properties":{"zipCode":"99201"},"geometry":{"type":"Polygon","coordinates":[[[-117.4622,47.6685],[-117.4598,47.674],[-117.4492,47.6729],[-117.4521,47.6808],[-117.4427,47.671],[-117.4128,47.6728],[-117.4113,47.6527],[-117.4465,47.6488],[-117.4618,47.6572],[-117.4547,47.6628],[-117.4629,47.6661],[-117.4622,47.6685]]]}},{"type":"Feature","properties":{"zipCode":"99152"},"geometry":{"type":"Polygon","coordinates":[[[-117.4223,48.8443],[-117.3935,48.8719],[-117.3642,48.8768],[-117.3917,48.8462],[-117.3913,48.8337],[-117.3973,48.8228],[-117.4133,48.8262],[-117.4217,48.8429],[-117.4223,48.8443]]]}},{"type":"Feature","properties":{"zipCode":"98845"},"geometry":{"type":"Polygon","coordinates":[[[-120.0334,47.3348],[-120.0219,47.3347],[-120.0217,47.3414],[-120.0107,47.3414],[-120.0109,47.3484],[-120.0056,47.3486],[-120.0055,47.392],[-119.9621,47.3922],[-119.9623,47.4951],[-119.9409,47.4952],[-119.9412,47.5097],[-119.8545,47.51],[-119.8542,47.4809],[-119.8329,47.4812],[-119.8329,47.4667],[-119.7479,47.4683],[-119.7473,47.4393],[-119.8758,47.4375],[-119.8758,47.4083],[-119.8972,47.408],[-119.8974,47.3935],[-119.9187,47.3934],[-119.9189,47.3645],[-119.9402,47.3644],[-119.9404,47.3494],[-119.9613,47.3488],[-119.9618,47.335],[-119.9832,47.3346],[-119.9831,47.3204],[-120.0047,47.32],[-120.0048,47.3093],[-120.0328,47.3272],[-120.0334,47.3348]]]}},{"type":"Feature","properties":{"zipCode":"98853"},"geometry":{"type":"Polygon","coordinates":[[[-119.3626,47.469],[-119.3199,47.4685],[-119.3199,47.4758],[-119.2993,47.4755],[-119.2829,47.4992],[-119.2738,47.5002],[-119.246,47.4869],[-119.2409,47.473],[-119.2339,47.4717],[-119.2343,47.3946],[-119.2557,47.395],[-119.2558,47.3807],[-119.2771,47.3808],[-119.2773,47.4229],[-119.3008,47.4249],[-119.277,47.4275],[-119.2766,47.4389],[-119.288,47.4425],[-119.283,47.4605],[-119.3043,47.4682],[-119.3294,47.4321],[-119.3623,47.4322],[-119.3588,47.4364],[-119.3625,47.4419],[-119.3626,47.469]]]}},{"type":"Feature","properties":{"zipCode":"98024"},"geometry":{"type":"Polygon","coordinates":[[[-121.9724,47.5727],[-121.9663,47.5834],[-121.9534,47.5844],[-121.9532,47.5883],[-121.9618,47.5905],[-121.9639,47.6011],[-121.9625,47.608],[-121.9495,47.6078],[-121.9495,47.6153],[-121.9292,47.6081],[-121.9246,47.5958],[-121.9145,47.6041],[-121.9176,47.6004],[-121.914,47.5971],[-121.923,47.5909],[-121.9088,47.5835],[-121.9228,47.5913],[-121.9156,47.5952],[-121.9137,47.5886],[-121.9056,47.5914],[-121.9072,47.6009],[-121.8662,47.6047],[-121.8435,47.5946],[-121.8435,47.555],[-121.8345,47.5535],[-121.8407,47.5515],[-121.8326,47.5393],[-121.8436,47.5483],[-121.8443,47.5391],[-121.8655,47.5471],[-121.8874,47.5473],[-121.8873,47.5437],[-121.8937,47.5436],[-121.8907,47.5364],[-121.8819,47.5364],[-121.8819,47.5289],[-121.9158,47.5294],[-121.906,47.5415],[-121.9195,47.5436],[-121.9196,47.5543],[-121.9532,47.5583],[-121.9531,47.5498],[-121.9581,47.5583],[-121.9717,47.5584],[-121.9727,47.572],[-121.9724,47.5727]]]}},{"type":"Feature","properties":{"zipCode":"99130"},"geometry":{"type":"Polygon","coordinates":[[[-117.3223,47.0291],[-117.3179,47.0495],[-117.299,47.0495],[-117.2981,47.0373],[-117.2546,47.0353],[-117.2548,47.0247],[-117.2472,47.0349],[-117.2545,47.0384],[-117.2459,47.0618],[-117.238,47.0676],[-117.2234,47.052],[-117.2234,47.0642],[-117.1819,47.0647],[-117.182,47.0721],[-117.147,47.0716],[-117.1406,47.0642],[-117.1167,47.0639],[-117.1166,47.0418],[-117.0956,47.0382],[-117.0997,47.0101],[-117.0728,47.0077],[-117.0397,46.9906],[-117.0397,46.9611],[-117.0427,46.9575],[-117.0633,46.9614],[-117.0635,46.954],[-117.0745,46.954],[-117.0745,46.9613],[-117.0962,46.9613],[-117.0962,46.954],[-117.1069,46.954],[-117.1088,46.9354],[-117.1172,46.9516],[-117.1278,46.9557],[-117.1546,46.9459],[-117.1527,46.9526],[-117.1574,46.9594],[-117.2133,46.9614],[-117.2134,46.9343],[-117.2356,46.925],[-117.2504,46.9244],[-117.2706,46.9128],[-117.2862,46.9282],[-117.2826,46.9341],[-117.2888,46.9523],[-117.3005,46.9616],[-117.2994,46.9678],[-117.288,46.9654],[-117.2881,46.9764],[-117.273,46.9765],[-117.2701,46.9864],[-117.2631,46.991],[-117.2775,46.9912],[-117.2762,47.0076],[-117.2846,47.0127],[-117.3223,47.02],[-117.323,47.0237],[-117.3223,47.0291]]]}},{"type":"Feature","properties":{"zipCode":"98240"},"geometry":{"type":"Polygon","coordinates":[[[-122.7044,48.9472],[-122.6907,48.938],[-122.6879,48.9457],[-122.6965,48.9498],[-122.6903,48.9501],[-122.6678,48.9355],[-122.6601,48.936],[-122.6601,48.9473],[-122.671,48.9597],[-122.66,48.965],[-122.6654,48.9643],[-122.6654,48.9679],[-122.6589,48.9752],[-122.6488,48.9751],[-122.6451,48.9837],[-122.6294,48.9918],[-122.6213,48.9895],[-122.6213,48.9785],[-122.6117,48.9772],[-122.6071,48.9716],[-122.5962,48.9791],[-122.5962,48.9755],[-122.5852,48.9756],[-122.5852,48.9719],[-122.5575,48.9722],[-122.554,48.9648],[-122.5325,48.9607],[-122.532,48.9567],[-122.5353,48.95],[-122.5552,48.9493],[-122.5552,48.9434],[-122.5631,48.9465],[-122.5633,48.9383],[-122.5734,48.939],[-122.5744,48.9353],[-122.5966,48.9432],[-122.5967,48.9355],[-122.5855,48.9354],[-122.5862,48.9187],[-122.6132,48.9172],[-122.6162,48.9207],[-122.6198,48.9063],[-122.6399,48.9063],[-122.6602,48.9213],[-122.6876,48.9211],[-122.6933,48.9249],[-122.6934,48.9347],[-122.7045,48.9356],[-122.7044,48.9472]]]}},{"type":"Feature","properties":{"zipCode":"98320"},"geometry":{"type":"Polygon","coordinates":[[[-123.1386,47.6551],[-123.1282,47.6714],[-123.1297,47.6917],[-123.1396,47.691],[-123.1385,47.7084],[-123.1241,47.7084],[-123.1241,47.7813],[-123.0476,47.7812],[-123.0294,47.7895],[-122.9427,47.7799],[-122.918,47.7701],[-122.913,47.775],[-122.917,47.792],[-122.9023,47.7953],[-122.9,47.7917],[-122.8922,47.7974],[-122.8847,47.7946],[-122.8763,47.782],[-122.8649,47.7806],[-122.8635,47.7686],[-122.8498,47.7608],[-122.8485,47.7518],[-122.853,47.7363],[-122.8616,47.7448],[-122.8675,47.7445],[-122.8713,47.7435],[-122.8737,47.7302],[-122.8828,47.7322],[-122.8865,47.7113],[-122.8955,47.7051],[-122.8971,47.6946],[-122.892,47.6958],[-122.8892,47.6901],[-122.896,47.6899],[-122.8923,47.6864],[-122.8983,47.6888],[-122.8972,47.679],[-122.9089,47.665],[-122.9024,47.6613],[-122.9041,47.6456],[-122.9309,47.6523],[-122.9417,47.6317],[-122.9809,47.6158],[-122.9826,47.6067],[-123.2098,47.6074],[-123.1386,47.6551]]]}},{"type":"Feature","properties":{"zipCode":"98201"},"geometry":{"type":"MultiPolygon","coordinates":[[[[-122.2311,48.0087],[-122.2259,48.0183],[-122.219,48.0203],[-122.2232,48.0246],[-122.2097,48.0327],[-122.1843,48.0361],[-122.1841,48.049],[-122.1732,48.0377],[-122.1554,48.0341],[-122.1567,48.03],[-122.145,48.0218],[-122.1492,48.0215],[-122.1496,48.0151],[-122.1404,48.0139],[-122.1393,48.0092],[-122.1453,48.008],[-122.1378,48.0034],[-122.1369,47.996],[-122.1452,47.9845],[-122.1438,47.9783],[-122.1377,47.9778],[-122.1307,47.9637],[-122.1358,47.9563],[-122.1597,47.9505],[-122.1719,47.9418],[-122.1787,47.9475],[-122.1915,47.9484],[-122.1862,47.9599],[-122.1897,47.9662],[-122.2261,47.9594],[-122.2306,47.9798],[-122.2214,47.9835],[-122.2138,47.9943],[-122.224,47.9943],[-122.2304,47.9846],[-122.2309,48.0053],[-122.2311,48.0087]]],[[[-122.3316,48.0206],[-122.3224,48.021],[-122.3035,48.0056],[-122.3261,48.0103],[-122.3345,48.0189],[-122.3316,48.0206]]]]}},{"type":"Feature","properties":{"zipCode":"98105"},"geometry":{"type":"Polygon","coordinates":[[[-122.3315,47.652],[-122.3279,47.6536],[-122.3282,47.6723],[-122.3228,47.6693],[-122.3119,47.674],[-122.2926,47.6703],[-122.2515,47.6734],[-122.2319,47.6638],[-122.2569,47.6472],[-122.3047,47.6474],[-122.302,47.6613],[-122.312,47.6613],[-122.3124,47.6472],[-122.3203,47.6529],[-122.3315,47.6505],[-122.3315,47.652]]]}},{"type":"Feature","properties":{"zipCode":"98027"},"geometry":{"type":"Polygon","coordinates":[[[-122.1331,47.5185],[-122.1256,47.5212],[-122.125,47.5283],[-122.1115,47.5248],[-122.1053,47.5303],[-122.1153,47.5361],[-122.1111,47.5361],[-122.1055,47.5469],[-122.1005,47.5449],[-122.0973,47.5811],[-122.077,47.5712],[-122.0719,47.5656],[-122.0731,47.5562],[-122.0652,47.5619],[-122.0391,47.55],[-122.0421,47.5485],[-122.0361,47.5402],[-122.0251,47.5317],[-122.0066,47.5366],[-121.9825,47.5333],[-121.9771,47.5407],[-121.9716,47.5406],[-121.9717,47.5584],[-121.9581,47.5583],[-121.953,47.5438],[-121.9423,47.5437],[-121.9423,47.5365],[-121.9345,47.5323],[-121.9252,47.5369],[-121.9313,47.5436],[-121.906,47.5415],[-121.918,47.5304],[-121.9087,47.5295],[-121.9086,47.5219],[-121.8978,47.5218],[-121.9029,47.5184],[-121.8999,47.5124],[-121.8836,47.509],[-121.8894,47.4825],[-121.8958,47.4748],[-121.9439,47.4623],[-121.9645,47.4383],[-121.9728,47.4357],[-121.9731,47.4269],[-121.9793,47.4276],[-121.9882,47.4293],[-121.9854,47.4314],[-121.9943,47.4367],[-121.9943,47.4439],[-122.0022,47.4439],[-122.0047,47.4513],[-122.0317,47.4514],[-122.0279,47.4569],[-122.0367,47.459],[-122.042,47.4769],[-122.0635,47.4735],[-122.0874,47.4913],[-122.101,47.4947],[-122.0979,47.4987],[-122.1008,47.5162],[-122.1365,47.5163],[-122.1331,47.5185]]]}},{"type":"Feature","properties":{"zipCode":"98188"},"geometry":{"type":"Polygon","coordinates":[[[-122.3155,47.4347],[-122.2956,47.4345],[-122.3013,47.4506],[-122.2961,47.4507],[-122.2922,47.459],[-122.313,47.4668],[-122.3124,47.4701],[-122.3024,47.4663],[-122.2759,47.4691],[-122.2697,47.4741],[-122.2683,47.469],[-122.2529,47.4689],[-122.2553,47.4737],[-122.2507,47.4749],[-122.2404,47.4632],[-122.241,47.4412],[-122.2456,47.4412],[-122.2485,47.4334],[-122.2627,47.4336],[-122.2581,47.4305],[-122.2651,47.4286],[-122.2653,47.4231],[-122.2773,47.423],[-122.2766,47.4275],[-122.2828,47.4215],[-122.3106,47.4228],[-122.3154,47.4311],[-122.3155,47.4347]]]}},{"type":"Feature","properties":{"zipCode":"99040"},"geometry":{"type":"Polygon","coordinates":[[[-118.1469,47.888],[-118.1347,47.8975],[-118.0924,47.907],[-118.0476,47.9075],[-118.0284,47.9329],[-118.0342,47.9362],[-118.0122,47.947],[-118.0134,47.9517],[-118.027,47.9557],[-118.0423,47.9677],[-118.0391,47.9777],[-118.0459,47.9847],[-118.0808,47.9746],[-118.0805,47.9968],[-118.0889,48.0021],[-117.8652,48.002],[-117.8651,47.9765],[-117.8886,47.9762],[-117.9081,47.9611],[-117.908,47.9253],[-117.8859,47.9139],[-117.8914,47.9103],[-117.8898,47.9031],[-117.9218,47.9041],[-117.9218,47.8967],[-117.9279,47.8947],[-117.926,47.8779],[-117.8961,47.8788],[-117.9091,47.873],[-117.9134,47.8648],[-117.8852,47.8603],[-117.8932,47.8452],[-117.9322,47.8236],[-117.9901,47.8344],[-118.0042,47.8232],[-118.0134,47.8056],[-118.036,47.8027],[-118.0482,47.7923],[-118.0546,47.7991],[-118.0787,47.8005],[-118.0993,47.8236],[-118.0971,47.8284],[-118.1195,47.8342],[-118.1229,47.8573],[-118.1486,47.8867],[-118.1469,47.888]]]}},{"type":"Feature","properties":{"zipCode":"98647"},"geometry":{"type":"Polygon","coordinates":[[[-123.5616,46.2778],[-123.5388,46.3141],[-123.5428,46.3229],[-123.5254,46.3209],[-123.5243,46.3291],[-123.5129,46.3338],[-123.5129,46.3457],[-123.523,46.3475],[-123.523,46.3745],[-123.5103,46.3838],[-123.4603,46.3837],[-123.4594,46.3756],[-123.426,46.3607],[-123.4104,46.3637],[-123.3788,46.3809],[-123.3208,46.3792],[-123.3178,46.2921],[-123.3797,46.2922],[-123.3798,46.2783],[-123.4228,46.2793],[-123.4227,46.2729],[-123.4273,46.2724],[-123.427,46.2793],[-123.441,46.2778],[-123.4407,46.2688],[-123.4229,46.2665],[-123.4223,46.2392],[-123.4363,46.2382],[-123.4796,46.2691],[-123.5012,46.271],[-123.5477,46.2591],[-123.5476,46.2656],[-123.5607,46.2754],[-123.5616,46.2778]]]}},{"type":"Feature","properties":{"zipCode":"99030"},"geometry":{"type":"Polygon","coordinates":[[[-117.2493,47.4866],[-117.2363,47.4826],[-117.2277,47.485],[-117.2269,47.4804],[-117.2143,47.4791],[-117.2082,47.4725],[-117.202,47.4768],[-117.1956,47.4688],[-117.2013,47.4773],[-117.1958,47.5254],[-117.1533,47.529],[-117.1534,47.5362],[-117.143,47.5363],[-117.1426,47.551],[-117.1199,47.5546],[-117.1125,47.5634],[-117.1089,47.5532],[-117.1036,47.5583],[-117.0858,47.5505],[-117.0859,47.569],[-117.0831,47.5633],[-117.078,47.5721],[-117.0648,47.5697],[-117.0559,47.5486],[-117.0494,47.5573],[-117.0411,47.5498],[-117.0399,47.3991],[-117.04,47.393],[-117.0671,47.3908],[-117.0885,47.3946],[-117.0885,47.3981],[-117.11,47.3981],[-117.11,47.4054],[-117.1367,47.4053],[-117.1368,47.4126],[-117.1637,47.4127],[-117.1638,47.4274],[-117.1682,47.4274],[-117.1603,47.4312],[-117.1628,47.442],[-117.1892,47.442],[-117.193,47.4564],[-117.2168,47.4564],[-117.2169,47.4635],[-117.2387,47.4637],[-117.2385,47.4818],[-117.2493,47.4817],[-117.2493,47.4866]]]}},{"type":"Feature","properties":{"zipCode":"98823"},"geometry":{"type":"Polygon","coordinates":[[[-119.8544,47.4954],[-119.8331,47.4957],[-119.8354,47.5393],[-119.7546,47.5408],[-119.7472,47.5368],[-119.7499,47.53],[-119.7431,47.5238],[-119.7334,47.5221],[-119.7233,47.5316],[-119.7217,47.5427],[-119.6986,47.5763],[-119.6639,47.6067],[-119.6195,47.6018],[-119.6195,47.5597],[-119.6408,47.5595],[-119.6408,47.4695],[-119.5334,47.47],[-119.5336,47.4412],[-119.5981,47.4411],[-119.5976,47.4047],[-119.5727,47.3952],[-119.5637,47.3845],[-119.5332,47.3743],[-119.5334,47.3541],[-119.4915,47.3546],[-119.4766,47.3595],[-119.4826,47.3236],[-119.4712,47.2744],[-119.4504,47.2573],[-119.4838,47.2088],[-119.4616,47.1771],[-119.4908,47.1775],[-119.4906,47.1922],[-119.4951,47.1922],[-119.5122,47.1627],[-119.5337,47.1626],[-119.5341,47.1405],[-119.5555,47.1405],[-119.5556,47.133],[-119.5662,47.133],[-119.5665,47.104],[-119.6209,47.1038],[-119.6187,47.1091],[-119.6361,47.1333],[-119.715,47.1328],[-119.715,47.162],[-119.7255,47.1619],[-119.725,47.2055],[-119.7042,47.2056],[-119.7145,47.2274],[-119.7065,47.2274],[-119.7022,47.2338],[-119.6855,47.2402],[-119.6832,47.3088],[-119.7475,47.3085],[-119.7479,47.4683],[-119.8329,47.4667],[-119.8329,47.4812],[-119.8542,47.4809],[-119.8544,47.4954]]]}},{"type":"Feature","properties":{"zipCode":"98332"},"geometry":{"type":"Polygon","coordinates":[[[-122.6713,47.3438],[-122.6381,47.3626],[-122.6262,47.3756],[-122.6325,47.3907],[-122.6306,47.4034],[-122.5509,47.4034],[-122.5513,47.3896],[-122.5385,47.3759],[-122.5482,47.3658],[-122.5558,47.3475],[-122.5765,47.3256],[-122.5817,47.3311],[-122.6564,47.3305],[-122.6713,47.3413],[-122.6713,47.3438]]]}},{"type":"Feature","properties":{"zipCode":"98001"},"geometry":{"type":"Polygon","coordinates":[[[-122.3028,47.3017],[-122.2945,47.3254],[-122.2967,47.3578],[-122.2858,47.3528],[-122.2785,47.3578],[-122.2654,47.3513],[-122.2652,47.358],[-122.2604,47.358],[-122.259,47.3471],[-122.2497,47.3471],[-122.2495,47.3537],[-122.23,47.3538],[-122.2265,47.3402],[-122.2323,47.3339],[-122.2277,47.3299],[-122.2323,47.3212],[-122.2277,47.3091],[-122.2319,47.3013],[-122.2304,47.2719],[-122.2465,47.2683],[-122.2464,47.2729],[-122.2605,47.2742],[-122.2622,47.2574],[-122.2946,47.2572],[-122.2979,47.2632],[-122.2921,47.2621],[-122.2926,47.2988],[-122.3009,47.2931],[-122.3032,47.3006],[-122.3028,47.3017]]]}},{"type":"Feature","properties":{"zipCode":"98607"},"geometry":{"type":"Polygon","coordinates":[[[-122.478,45.6003],[-122.4759,45.635],[-122.4621,45.6352],[-122.4543,45.6409],[-122.469,45.6564],[-122.4347,45.6565],[-122.4348,45.6505],[-122.4063,45.6501],[-122.4172,45.6569],[-122.3934,45.6597],[-122.3935,45.6943],[-122.3735,45.6942],[-122.3724,45.7156],[-122.3464,45.716],[-122.3369,45.7117],[-122.3225,45.7214],[-122.323,45.7311],[-122.3104,45.725],[-122.3185,45.724],[-122.309,45.7146],[-122.2786,45.6994],[-122.2737,45.6843],[-122.2669,45.6797],[-122.2706,45.6745],[-122.2666,45.6696],[-122.2504,45.6662],[-122.2765,45.665],[-122.2726,45.66],[-122.2764,45.6561],[-122.3429,45.6574],[-122.3523,45.645],[-122.3831,45.6351],[-122.3831,45.6289],[-122.3737,45.6227],[-122.372,45.6052],[-122.3807,45.6062],[-122.3775,45.6012],[-122.3849,45.5998],[-122.3856,45.5918],[-122.3673,45.5853],[-122.3691,45.5817],[-122.3819,45.5829],[-122.3834,45.5756],[-122.4387,45.5636],[-122.471,45.5764],[-122.4782,45.5984],[-122.478,45.6003]]]}},{"type":"Feature","properties":{"zipCode":"98527"},"geometry":{"type":"Polygon","coordinates":[[[-123.9606,46.6364],[-123.955,46.6359],[-123.9396,46.6171],[-123.9131,46.6133],[-123.9152,46.6033],[-123.9069,46.5976],[-123.8784,46.5958],[-123.8733,46.5875],[-123.8675,46.5885],[-123.8691,46.5783],[-123.8597,46.5719],[-123.86,46.5623],[-123.9164,46.5621],[-123.9289,46.5889],[-123.9537,46.6051],[-123.9592,46.6136],[-123.9593,46.63],[-123.9606,46.6364]]]}},{"type":"Feature","properties":{"zipCode":"98439"},"geometry":{"type":"Polygon","coordinates":[[[-122.5429,47.1262],[-122.5149,47.1414],[-122.5018,47.1392],[-122.5003,47.1256],[-122.4833,47.1196],[-122.4835,47.1297],[-122.4903,47.1311],[-122.4868,47.136],[-122.4938,47.1468],[-122.4933,47.1516],[-122.4835,47.1558],[-122.468,47.1542],[-122.4695,47.1413],[-122.4638,47.1387],[-122.4696,47.1276],[-122.464,47.126],[-122.464,47.1187],[-122.4708,47.1145],[-122.5429,47.1211],[-122.5429,47.1262]]]}},{"type":"Feature","properties":{"zipCode":"98029"},"geometry":{"type":"Polygon","coordinates":[[[-122.073,47.5647],[-122.0573,47.5655],[-122.0574,47.5703],[-122.0465,47.5685],[-122.0464,47.5738],[-122.0357,47.5773],[-122.0359,47.5627],[-122.0427,47.5592],[-122.0241,47.559],[-122.0218,47.5734],[-122.0277,47.5793],[-122.004,47.5805],[-121.988,47.5754],[-121.9817,47.5876],[-121.9671,47.5801],[-121.9727,47.572],[-121.9716,47.5406],[-121.988,47.5319],[-122.0066,47.5366],[-122.0276,47.5323],[-122.0421,47.5485],[-122.0391,47.55],[-122.0652,47.5619],[-122.0731,47.5562],[-122.073,47.5647]]]}},{"type":"Feature","properties":{"zipCode":"98660"},"geometry":{"type":"Polygon","coordinates":[[[-122.7727,45.698],[-122.7601,45.7344],[-122.7615,45.7592],[-122.7706,45.7818],[-122.7538,45.7862],[-122.7621,45.7792],[-122.7487,45.782],[-122.7443,45.7765],[-122.7462,45.7602],[-122.7348,45.7254],[-122.6927,45.6754],[-122.6993,45.6754],[-122.701,45.6646],[-122.6913,45.6666],[-122.6916,45.6708],[-122.6888,45.6541],[-122.6706,45.6537],[-122.6716,45.6319],[-122.6648,45.6316],[-122.6751,45.6181],[-122.7133,45.6374],[-122.7381,45.6441],[-122.7638,45.6571],[-122.7745,45.6804],[-122.7727,45.698]]]}},{"type":"Feature","properties":{"zipCode":"98374"},"geometry":{"type":"Polygon","coordinates":[[[-122.2933,47.1611],[-122.2933,47.1666],[-122.2855,47.1697],[-122.2464,47.1716],[-122.2293,47.1697],[-122.2294,47.1642],[-122.2154,47.1697],[-122.2124,47.1572],[-122.2201,47.1556],[-122.2268,47.1402],[-122.245,47.1371],[-122.245,47.1254],[-122.2386,47.1213],[-122.2428,47.1194],[-122.2423,47.1108],[-122.2354,47.0853],[-122.2519,47.0819],[-122.252,47.0782],[-122.2938,47.0819],[-122.2935,47.0986],[-122.283,47.0982],[-122.2832,47.1111],[-122.2934,47.1111],[-122.293,47.1366],[-122.2895,47.1366],[-122.2929,47.1512],[-122.2879,47.154],[-122.293,47.1548],[-122.294,47.1605],[-122.2933,47.1611]]]}},{"type":"Feature","properties":{"zipCode":"99204"},"geometry":{"type":"Polygon","coordinates":[[[-117.4441,47.6491],[-117.4113,47.6527],[-117.4105,47.6475],[-117.4114,47.6422],[-117.4394,47.6405],[-117.4441,47.6478],[-117.4441,47.6491]]]}},{"type":"Feature","properties":{"zipCode":"98843"},"geometry":{"type":"Polygon","coordinates":[[[-120.2413,47.5816],[-120.2336,47.5976],[-120.2369,47.6318],[-120.2209,47.6503],[-120.2168,47.6637],[-120.2046,47.6716],[-120.199,47.6823],[-120.2033,47.6988],[-120.2229,47.7233],[-120.2077,47.7501],[-120.1914,47.7595],[-120.1309,47.7766],[-120.0873,47.7632],[-120.0278,47.7782],[-119.997,47.7804],[-119.9784,47.8007],[-119.9587,47.8471],[-119.9208,47.8614],[-119.878,47.8588],[-119.8778,47.8158],[-119.9211,47.8157],[-119.9211,47.7756],[-119.9425,47.7579],[-120.0006,47.7589],[-120.0164,47.7523],[-120.0017,47.7463],[-120.0486,47.7447],[-120.0837,47.7335],[-120.0955,47.7403],[-120.1218,47.7336],[-120.1214,47.7302],[-120.1149,47.7311],[-120.1203,47.7275],[-120.1154,47.7245],[-120.1315,47.7184],[-120.1357,47.7078],[-120.1622,47.6972],[-120.1641,47.687],[-120.1538,47.6844],[-120.1574,47.673],[-120.172,47.6641],[-120.1734,47.6501],[-120.1959,47.6398],[-120.1749,47.6426],[-120.1549,47.6547],[-120.1557,47.635],[-120.1751,47.6249],[-120.1669,47.6186],[-120.1693,47.6097],[-120.1808,47.6182],[-120.197,47.6125],[-120.1973,47.5795],[-120.2353,47.5791],[-120.2236,47.6065],[-120.2266,47.6078],[-120.2373,47.5791],[-120.2445,47.5791],[-120.2413,47.5816]]]}},{"type":"Feature","properties":{"zipCode":"98005"},"geometry":{"type":"Polygon","coordinates":[[[-122.1886,47.5795],[-122.1867,47.602],[-122.1817,47.6034],[-122.1855,47.6082],[-122.1805,47.6372],[-122.1856,47.639],[-122.1804,47.645],[-122.1855,47.6464],[-122.1645,47.6462],[-122.1641,47.6608],[-122.1534,47.6606],[-122.1511,47.5793],[-122.1892,47.5791],[-122.1886,47.5795]]]}},{"type":"Feature","properties":{"zipCode":"98031"},"geometry":{"type":"Polygon","coordinates":[[[-122.2311,47.3879],[-122.2233,47.3934],[-122.228,47.4026],[-122.223,47.4042],[-122.228,47.4069],[-122.2228,47.4066],[-122.2272,47.4121],[-122.2207,47.4121],[-122.2203,47.4302],[-122.2179,47.423],[-122.1971,47.4231],[-122.1971,47.4302],[-122.1758,47.4303],[-122.1724,47.4231],[-122.1629,47.4188],[-122.1666,47.4159],[-122.1654,47.3888],[-122.1693,47.3887],[-122.1654,47.3855],[-122.1707,47.3869],[-122.1708,47.3797],[-122.1814,47.3797],[-122.1814,47.3869],[-122.2311,47.3867],[-122.2311,47.3879]]]}},{"type":"Feature","properties":{"zipCode":"98051"},"geometry":{"type":"Polygon","coordinates":[[[-122.0215,47.3787],[-122.0109,47.3769],[-121.9928,47.3858],[-121.9927,47.3807],[-121.9629,47.3746],[-121.9538,47.3823],[-121.9596,47.3907],[-121.9533,47.3937],[-121.9223,47.3926],[-121.9024,47.3803],[-121.894,47.3893],[-121.8724,47.3853],[-121.8533,47.3911],[-121.8418,47.3838],[-121.8378,47.3752],[-121.827,47.3734],[-121.8242,47.3668],[-121.809,47.359],[-121.8066,47.3329],[-121.7764,47.3087],[-121.7622,47.2874],[-121.7675,47.2761],[-121.7755,47.2744],[-121.8038,47.2881],[-121.8366,47.2951],[-121.8486,47.2833],[-121.8492,47.3004],[-121.8609,47.3047],[-121.8816,47.2924],[-121.8885,47.2986],[-121.9035,47.2994],[-121.9064,47.2906],[-121.9312,47.2856],[-121.9345,47.323],[-121.9398,47.3274],[-122.01,47.3296],[-122.0187,47.3435],[-121.9952,47.3487],[-121.995,47.3581],[-122.0162,47.358],[-122.0163,47.3745],[-122.0215,47.376],[-122.0215,47.3787]]]}},{"type":"Feature","properties":{"zipCode":"98273"},"geometry":{"type":"Polygon","coordinates":[[[-122.5153,48.4629],[-122.5093,48.4577],[-122.4897,48.4572],[-122.4903,48.4628],[-122.4702,48.4688],[-122.47,48.4768],[-122.4822,48.4883],[-122.4832,48.5009],[-122.4611,48.5011],[-122.4609,48.4939],[-122.4391,48.494],[-122.4388,48.4891],[-122.4444,48.4867],[-122.4441,48.4575],[-122.3815,48.4579],[-122.3571,48.4661],[-122.381,48.4573],[-122.3478,48.4575],[-122.3469,48.4456],[-122.3222,48.4457],[-122.3199,48.4556],[-122.3103,48.4666],[-122.298,48.4694],[-122.2951,48.4796],[-122.29,48.4723],[-122.285,48.4725],[-122.2431,48.4838],[-122.2345,48.4638],[-122.2392,48.457],[-122.2343,48.4596],[-122.2196,48.4424],[-122.2122,48.4424],[-122.2117,48.4462],[-122.2098,48.4427],[-122.1969,48.4428],[-122.1914,48.4518],[-122.1912,48.4395],[-122.1992,48.4309],[-122.1911,48.428],[-122.191,48.3834],[-122.2124,48.4066],[-122.2203,48.4091],[-122.2287,48.4029],[-122.2643,48.4307],[-122.2696,48.4207],[-122.335,48.4211],[-122.3306,48.3993],[-122.3358,48.3703],[-122.3336,48.3314],[-122.3219,48.3122],[-122.304,48.2976],[-122.324,48.2975],[-122.3303,48.3085],[-122.3483,48.3085],[-122.3532,48.2976],[-122.3713,48.2977],[-122.3666,48.2999],[-122.3763,48.3013],[-122.3765,48.3102],[-122.3787,48.3056],[-122.3885,48.3065],[-122.3897,48.3136],[-122.3987,48.3158],[-122.4087,48.3264],[-122.4427,48.3379],[-122.4622,48.3519],[-122.4727,48.3528],[-122.4791,48.3605],[-122.473,48.3634],[-122.4777,48.3695],[-122.4903,48.3717],[-122.4923,48.3778],[-122.4832,48.3862],[-122.4854,48.3921],[-122.4758,48.3945],[-122.4719,48.4046],[-122.4559,48.4028],[-122.456,48.4068],[-122.4438,48.4097],[-122.4438,48.4157],[-122.4531,48.4208],[-122.4711,48.4209],[-122.4713,48.4476],[-122.5151,48.4547],[-122.5148,48.4618],[-122.5153,48.4629]],[[-122.3481,48.3392],[-122.3463,48.3248],[-122.3438,48.3228],[-122.3394,48.3416],[-122.3505,48.3413],[-122.3481,48.3392]]]}},{"type":"Feature","properties":{"zipCode":"98122"},"geometry":{"type":"Polygon","coordinates":[[[-122.3285,47.6164],[-122.324,47.6197],[-122.2826,47.6177],[-122.2831,47.6212],[-122.2818,47.6164],[-122.2637,47.6131],[-122.2651,47.6013],[-122.309,47.6],[-122.3207,47.6017],[-122.3208,47.6113],[-122.3279,47.6152],[-122.3285,47.6164]]]}},{"type":"Feature","properties":{"zipCode":"98224"},"geometry":{"type":"Polygon","coordinates":[[[-121.7184,47.7303],[-121.7138,47.7382],[-121.7026,47.7437],[-121.6711,47.7494],[-121.6668,47.7772],[-121.4621,47.7783],[-121.4555,47.7732],[-121.4695,47.7659],[-121.4507,47.7511],[-121.4127,47.7371],[-121.4183,47.7326],[-121.4117,47.7291],[-121.4261,47.7286],[-121.4105,47.7242],[-121.4079,47.719],[-121.4258,47.7097],[-121.477,47.696],[-121.5036,47.7022],[-121.5493,47.6992],[-121.6105,47.7088],[-121.6285,47.7009],[-121.6788,47.6935],[-121.6829,47.6971],[-121.7036,47.6873],[-121.7175,47.6875],[-121.7087,47.7054],[-121.7123,47.721],[-121.7199,47.726],[-121.7184,47.7303]]]}},{"type":"Feature","properties":{"zipCode":"98685"},"geometry":{"type":"Polygon","coordinates":[[[-122.7371,45.7303],[-122.7349,45.7339],[-122.7232,45.7304],[-122.7231,45.7358],[-122.7036,45.736],[-122.7054,45.746],[-122.6916,45.736],[-122.6581,45.7363],[-122.6513,45.7182],[-122.655,45.7183],[-122.6532,45.7093],[-122.6614,45.693],[-122.7061,45.6931],[-122.6949,45.678],[-122.7202,45.7036],[-122.7365,45.7288],[-122.7371,45.7303]]]}},{"type":"Feature","properties":{"zipCode":"98850"},"geometry":{"type":"Polygon","coordinates":[[[-120.2146,47.3803],[-120.1759,47.3784],[-120.1651,47.3862],[-120.1274,47.3914],[-120.087,47.3618],[-120.0564,47.3745],[-120.0513,47.3897],[-120.0592,47.4109],[-120.0482,47.4136],[-120.0486,47.4814],[-120.0347,47.4925],[-120.0486,47.5114],[-120.0542,47.5288],[-120.0614,47.5302],[-120.0252,47.5501],[-120.0104,47.5386],[-119.9723,47.5358],[-119.9694,47.5298],[-119.9731,47.5254],[-119.965,47.5208],[-119.9684,47.5162],[-119.9523,47.5195],[-119.9538,47.513],[-119.9411,47.5058],[-119.9409,47.4952],[-119.9623,47.4951],[-119.9621,47.3922],[-120.0055,47.392],[-120.0056,47.3486],[-120.0109,47.3484],[-120.0107,47.3414],[-120.0217,47.3414],[-120.0219,47.3347],[-120.0334,47.3348],[-120.0328,47.3272],[-120.0048,47.3058],[-120.0257,47.307],[-120.0261,47.2991],[-120.0371,47.2991],[-120.0377,47.2912],[-120.0491,47.2913],[-120.0472,47.2255],[-120.076,47.2259],[-120.0903,47.2392],[-120.0958,47.2519],[-120.086,47.3003],[-120.0903,47.3192],[-120.0833,47.3337],[-120.0863,47.3389],[-120.1012,47.3432],[-120.1296,47.3663],[-120.1656,47.3677],[-120.2125,47.3783],[-120.2146,47.3803]]]}},{"type":"Feature","properties":{"zipCode":"98940"},"geometry":{"type":"Polygon","coordinates":[[[-121.1469,47.5935],[-121.1201,47.5913],[-121.1158,47.5979],[-121.1051,47.5899],[-121.0962,47.5894],[-121.0859,47.574],[-121.0901,47.5698],[-121.0752,47.5511],[-121.0471,47.5341],[-121.0308,47.5316],[-121.0235,47.5238],[-120.9966,47.5185],[-120.9915,47.5116],[-120.9949,47.5047],[-120.9902,47.4998],[-120.9898,47.4325],[-120.9781,47.4326],[-120.9772,47.2605],[-120.9845,47.2606],[-120.985,47.2334],[-121.0062,47.2334],[-121.006,47.2265],[-121.0218,47.2328],[-121.0251,47.2229],[-121.0495,47.2229],[-121.0586,47.2341],[-121.0897,47.2369],[-121.1116,47.2455],[-121.1116,47.2587],[-121.1467,47.2759],[-121.1467,47.3577],[-121.1387,47.3612],[-121.1469,47.369],[-121.1469,47.5935]]]}},{"type":"Feature","properties":{"zipCode":"99185"},"geometry":{"type":"Polygon","coordinates":[[[-118.8733,47.7284],[-118.8327,47.7429],[-118.8518,47.7429],[-118.851,47.8828],[-118.8407,47.9032],[-118.7149,47.902],[-118.7104,47.9059],[-118.7076,47.9336],[-118.6884,47.9427],[-118.662,47.9374],[-118.6499,47.926],[-118.5704,47.9323],[-118.5367,47.9179],[-118.5321,47.9105],[-118.544,47.8886],[-118.5369,47.8768],[-118.5593,47.8741],[-118.5589,47.8599],[-118.5811,47.8598],[-118.5813,47.8163],[-118.5701,47.8163],[-118.57,47.7945],[-118.592,47.7934],[-118.5923,47.7506],[-118.6136,47.7507],[-118.6135,47.7433],[-118.6198,47.7395],[-118.6347,47.7381],[-118.6347,47.7291],[-118.656,47.7291],[-118.6572,47.6871],[-118.614,47.6849],[-118.6133,47.6703],[-118.6072,47.67],[-118.6037,47.663],[-118.6114,47.653],[-118.6132,47.6413],[-118.6349,47.6414],[-118.6355,47.5518],[-118.6783,47.552],[-118.6783,47.5375],[-118.721,47.5375],[-118.732,47.5086],[-118.785,47.5088],[-118.7848,47.4942],[-118.8554,47.4936],[-118.8418,47.5047],[-118.8041,47.5129],[-118.8113,47.5193],[-118.8302,47.5159],[-118.8385,47.5228],[-118.8494,47.523],[-118.8495,47.5375],[-118.8283,47.5381],[-118.828,47.6555],[-118.8067,47.6555],[-118.8067,47.67],[-118.7847,47.6702],[-118.7867,47.7251],[-118.809,47.7324],[-118.8259,47.7259],[-118.83,47.7315],[-118.8425,47.7286],[-118.8733,47.7284]]]}},{"type":"Feature","properties":{"zipCode":"98387"},"geometry":{"type":"Polygon","coordinates":[[[-122.4692,47.1279],[-122.4349,47.1195],[-122.4293,47.1045],[-122.4219,47.1086],[-122.3999,47.1082],[-122.4003,47.0823],[-122.3851,47.0792],[-122.3791,47.0833],[-122.3786,47.0753],[-122.3579,47.0745],[-122.3569,47.0928],[-122.3475,47.0785],[-122.311,47.0819],[-122.3113,47.0714],[-122.3212,47.0626],[-122.3164,47.057],[-122.3187,47.0533],[-122.3265,47.0579],[-122.3267,47.0533],[-122.3374,47.0534],[-122.343,47.0458],[-122.3679,47.0403],[-122.3673,47.0203],[-122.3579,47.0202],[-122.354,46.9986],[-122.3795,46.9964],[-122.382,46.9851],[-122.3896,46.9806],[-122.3899,46.9974],[-122.4007,46.9969],[-122.4006,47.0022],[-122.4219,47.0022],[-122.4217,47.0679],[-122.4326,47.0681],[-122.4349,47.0973],[-122.464,47.1003],[-122.464,47.126],[-122.4692,47.1275],[-122.4692,47.1279]]]}},{"type":"Feature","properties":{"zipCode":"98402"},"geometry":{"type":"MultiPolygon","coordinates":[[[[-122.4646,47.2761],[-122.4353,47.2601],[-122.4312,47.2334],[-122.4432,47.2308],[-122.4405,47.2353],[-122.4477,47.2638],[-122.4413,47.2612],[-122.4653,47.2758],[-122.4646,47.2761]]],[[[-122.5051,47.2976],[-122.4989,47.2947],[-122.5051,47.2972],[-122.5051,47.2976]]],[[[-122.5084,47.2988],[-122.5077,47.2986],[-122.5084,47.2988]]]]}},{"type":"Feature","properties":{"zipCode":"98406"},"geometry":{"type":"Polygon","coordinates":[[[-122.5517,47.255],[-122.533,47.2764],[-122.5186,47.2699],[-122.4684,47.2729],[-122.4683,47.2554],[-122.5505,47.2541],[-122.5517,47.255]],[[-122.5336,47.2723],[-122.5285,47.272],[-122.5316,47.2745],[-122.5336,47.2723]],[[-122.4856,47.2618],[-122.4794,47.2603],[-122.4794,47.2655],[-122.4856,47.2627],[-122.4856,47.2618]]]}},{"type":"Feature","properties":{"zipCode":"98513"},"geometry":{"type":"Polygon","coordinates":[[[-122.8512,46.9363],[-122.8443,46.9453],[-122.8232,46.9453],[-122.8232,46.954],[-122.8122,46.9564],[-122.8129,46.9771],[-122.8233,46.9808],[-122.8336,46.9963],[-122.8073,46.9962],[-122.8079,47.0034],[-122.7858,47.0054],[-122.7544,47.0033],[-122.7544,47.0175],[-122.7673,47.0244],[-122.7646,47.054],[-122.749,47.0539],[-122.7501,47.0596],[-122.704,47.0719],[-122.7026,47.0641],[-122.6899,47.0574],[-122.6932,47.0533],[-122.6773,47.0433],[-122.6755,47.0372],[-122.6804,47.0306],[-122.6726,47.0236],[-122.6724,47.0154],[-122.6588,47.0095],[-122.6599,47.0032],[-122.652,47.0074],[-122.6381,46.9982],[-122.6303,46.9983],[-122.6577,46.996],[-122.645,46.978],[-122.6434,46.967],[-122.6541,46.967],[-122.6541,46.9454],[-122.6597,46.938],[-122.6964,46.9378],[-122.6965,46.9524],[-122.7665,46.9523],[-122.767,46.9425],[-122.7795,46.9514],[-122.7987,46.9489],[-122.8021,46.9381],[-122.7915,46.938],[-122.7915,46.9155],[-122.81,46.9202],[-122.8133,46.9279],[-122.8273,46.9324],[-122.8288,46.9257],[-122.8409,46.925],[-122.8503,46.9356],[-122.8512,46.9363]]]}},{"type":"Feature","properties":{"zipCode":"98542"},"geometry":{"type":"MultiPolygon","coordinates":[[[[-122.7173,46.531],[-122.6573,46.5319],[-122.6521,46.5392],[-122.6414,46.5411],[-122.6418,46.5321],[-122.6338,46.5304],[-122.6417,46.5284],[-122.6382,46.5175],[-122.6574,46.5158],[-122.6575,46.5103],[-122.6715,46.509],[-122.6783,46.5104],[-122.6783,46.5178],[-122.6991,46.5177],[-122.7096,46.5231],[-122.7098,46.5285],[-122.7176,46.5284],[-122.7173,46.531]]],[[[-122.817,46.5084],[-122.8124,46.5211],[-122.8159,46.5251],[-122.8035,46.5249],[-122.8037,46.5323],[-122.7467,46.5323],[-122.7615,46.5395],[-122.7969,46.5433],[-122.8025,46.5483],[-122.7969,46.5526],[-122.8033,46.554],[-122.7929,46.5576],[-122.7772,46.5576],[-122.7772,46.5467],[-122.7356,46.5467],[-122.7353,46.5394],[-122.7235,46.5392],[-122.7233,46.5321],[-122.7405,46.5322],[-122.7405,46.5177],[-122.7544,46.5177],[-122.7668,46.5142],[-122.7668,46.5104],[-122.7786,46.5141],[-122.7785,46.5177],[-122.8043,46.5174],[-122.8158,46.5087],[-122.817,46.5084]]]]}},{"type":"Feature","properties":{"zipCode":"98569"},"geometry":{"type":"MultiPolygon","coordinates":[[[[-124.1745,46.9407],[-124.1705,47.0175],[-124.1479,47.013],[-124.1392,47.0029],[-124.138,46.971],[-124.1309,46.9649],[-124.1274,46.9455],[-124.106,46.9446],[-124.11,46.9358],[-124.1355,46.9435],[-124.1586,46.9294],[-124.1739,46.9272],[-124.1748,46.9311],[-124.1745,46.9407]]],[[[-124.1765,47.0906],[-124.171,47.0868],[-124.1696,47.0932],[-124.1599,47.0977],[-124.1474,47.0963],[-124.1437,47.09],[-124.1476,47.0788],[-124.138,47.0738],[-124.1513,47.0752],[-124.1624,47.062],[-124.1633,47.0559],[-124.1592,47.0654],[-124.1416,47.068],[-124.1377,47.0665],[-124.1422,47.0621],[-124.1378,47.0622],[-124.1382,47.0567],[-124.1529,47.057],[-124.1561,47.0529],[-124.1533,47.0459],[-124.1602,47.0459],[-124.1563,47.0294],[-124.1712,47.0287],[-124.1761,47.0877],[-124.1765,47.0906]]]]}},{"type":"Feature","properties":{"zipCode":"99008"},"geometry":{"type":"Polygon","coordinates":[[[-118.122,47.3778],[-118.1216,47.4068],[-118.09,47.4069],[-118.0901,47.4288],[-118.0796,47.4288],[-118.0793,47.4506],[-118.0898,47.4507],[-118.0949,47.4653],[-118.0676,47.4652],[-118.0679,47.4798],[-118.0626,47.4798],[-118.0567,47.4934],[-118.0342,47.5014],[-118.0148,47.522],[-117.9996,47.5235],[-117.9933,47.5292],[-117.9722,47.5291],[-117.9727,47.573],[-117.9893,47.5936],[-117.9934,47.6141],[-117.969,47.6146],[-117.969,47.6578],[-117.9379,47.6607],[-117.9374,47.6437],[-117.9062,47.6435],[-117.9052,47.6249],[-117.8881,47.6234],[-117.8839,47.6145],[-117.8218,47.6146],[-117.8222,47.5443],[-117.8008,47.5438],[-117.7994,47.5365],[-117.7854,47.5366],[-117.7847,47.5193],[-117.7793,47.5182],[-117.7794,47.5074],[-117.8008,47.5081],[-117.8004,47.4521],[-117.822,47.4498],[-117.8228,47.4206],[-117.8875,47.4285],[-117.8876,47.4209],[-117.9035,47.4213],[-117.9088,47.4139],[-117.9302,47.4143],[-117.9304,47.4361],[-117.9941,47.436],[-117.9938,47.4218],[-118.0137,47.4221],[-118.0159,47.4074],[-118.037,47.4073],[-118.0368,47.4219],[-118.0509,47.4219],[-118.0519,47.402],[-118.0634,47.3883],[-118.0587,47.3789],[-118.0582,47.3548],[-118.0763,47.3493],[-118.0988,47.3511],[-118.1231,47.3778],[-118.122,47.3778]]]}},{"type":"Feature","properties":{"zipCode":"99022"},"geometry":{"type":"Polygon","coordinates":[[[-117.8221,47.5513],[-117.8218,47.6146],[-117.7763,47.6145],[-117.7765,47.629],[-117.7333,47.6289],[-117.7334,47.6406],[-117.7099,47.6424],[-117.7118,47.6578],[-117.701,47.6577],[-117.7009,47.6722],[-117.7117,47.6741],[-117.7116,47.7013],[-117.6631,47.7012],[-117.663,47.6938],[-117.6469,47.6937],[-117.6415,47.6793],[-117.6305,47.6791],[-117.6252,47.6731],[-117.6252,47.6646],[-117.6199,47.6646],[-117.62,47.6574],[-117.6165,47.6573],[-117.6254,47.6509],[-117.6039,47.6581],[-117.6039,47.6501],[-117.6146,47.6501],[-117.6147,47.643],[-117.6039,47.643],[-117.6039,47.6383],[-117.6107,47.6356],[-117.6174,47.6356],[-117.6174,47.643],[-117.6495,47.6429],[-117.6738,47.6327],[-117.6686,47.6157],[-117.6922,47.6088],[-117.6874,47.6012],[-117.6578,47.6091],[-117.6576,47.6047],[-117.6503,47.6048],[-117.6503,47.5947],[-117.6397,47.5947],[-117.6396,47.5887],[-117.629,47.5909],[-117.629,47.6018],[-117.6234,47.6019],[-117.6255,47.6284],[-117.604,47.6282],[-117.6041,47.6139],[-117.6076,47.6139],[-117.6075,47.5947],[-117.6129,47.591],[-117.6103,47.5801],[-117.6292,47.58],[-117.6291,47.5656],[-117.6398,47.5655],[-117.6397,47.5546],[-117.6196,47.5534],[-117.606,47.5605],[-117.6668,47.5219],[-117.6926,47.5219],[-117.6859,47.5391],[-117.6892,47.5416],[-117.697,47.5282],[-117.7149,47.5293],[-117.7048,47.5438],[-117.715,47.5438],[-117.7148,47.5593],[-117.746,47.5621],[-117.7689,47.5584],[-117.7686,47.5513],[-117.7578,47.551],[-117.758,47.5219],[-117.7846,47.5237],[-117.7847,47.5193],[-117.7854,47.5366],[-117.7994,47.5365],[-117.8008,47.5438],[-117.8222,47.5443],[-117.8221,47.5513]]]}},{"type":"Feature","properties":{"zipCode":"99134"},"geometry":{"type":"Polygon","coordinates":[[[-118.5712,47.503],[-118.5372,47.5081],[-118.5163,47.4945],[-118.3778,47.4941],[-118.3798,47.5246],[-118.3724,47.5359],[-118.3742,47.5516],[-118.358,47.5518],[-118.3583,47.5374],[-118.3354,47.5369],[-118.3358,47.4933],[-118.2895,47.4931],[-118.2862,47.4868],[-118.2607,47.4843],[-118.2499,47.4902],[-118.2498,47.5363],[-118.2395,47.5363],[-118.2295,47.5579],[-118.1755,47.5614],[-118.2208,47.512],[-118.1857,47.5146],[-118.1858,47.5077],[-118.1752,47.5083],[-118.1719,47.4941],[-118.1642,47.4951],[-118.1646,47.4641],[-118.1219,47.4654],[-118.1219,47.436],[-118.2502,47.4348],[-118.2509,47.3623],[-118.2186,47.3622],[-118.2188,47.334],[-118.2518,47.3333],[-118.2515,47.3001],[-118.2767,47.2952],[-118.2968,47.2988],[-118.316,47.2895],[-118.3155,47.3042],[-118.3373,47.3041],[-118.3363,47.4014],[-118.2934,47.4351],[-118.3357,47.4352],[-118.4013,47.3961],[-118.4009,47.3833],[-118.3908,47.3771],[-118.3933,47.3627],[-118.3801,47.3624],[-118.3797,47.348],[-118.4015,47.3479],[-118.3985,47.3703],[-118.4148,47.3605],[-118.4446,47.3648],[-118.4446,47.3685],[-118.4299,47.3689],[-118.4148,47.377],[-118.4338,47.3771],[-118.4336,47.4065],[-118.4646,47.4065],[-118.4639,47.4501],[-118.5069,47.4503],[-118.507,47.4577],[-118.5391,47.4576],[-118.5392,47.4944],[-118.5719,47.4947],[-118.5712,47.503]]]}},{"type":"Feature","properties":{"zipCode":"99155"},"geometry":{"type":"Polygon","coordinates":[[[-119.1188,48.2412],[-119.0978,48.2442],[-119.0811,48.2627],[-119.0939,48.2776],[-119.0743,48.3133],[-119.0764,48.3277],[-119.0542,48.3538],[-119.0601,48.3712],[-119.0964,48.3852],[-119.111,48.4043],[-119.1113,48.4301],[-119.1049,48.4376],[-119.0942,48.4468],[-119.0657,48.4515],[-119.0402,48.4617],[-119.0291,48.4825],[-118.8439,48.4817],[-118.8456,48.0501],[-118.9744,48.0502],[-118.9741,48.0657],[-118.9823,48.0764],[-118.982,48.0929],[-118.9898,48.1048],[-118.979,48.1198],[-118.9849,48.124],[-119.0004,48.1206],[-119.0064,48.1265],[-119.0421,48.1273],[-119.0309,48.1194],[-119.0208,48.1014],[-119.0207,48.0768],[-119.0295,48.1142],[-119.0558,48.1365],[-119.0701,48.1404],[-119.0983,48.1377],[-119.1143,48.145],[-119.0992,48.1501],[-119.1021,48.1622],[-119.1202,48.1748],[-119.1162,48.1923],[-119.1084,48.2029],[-119.0997,48.2036],[-119.0978,48.2153],[-119.1089,48.2239],[-119.102,48.2332],[-119.1204,48.2387],[-119.1188,48.2412]]]}},{"type":"Feature","properties":{"zipCode":"98595"},"geometry":{"type":"Polygon","coordinates":[[[-124.1382,46.9055],[-124.122,46.9057],[-124.1158,46.9132],[-124.093,46.9017],[-124.0904,46.8955],[-124.0951,46.8827],[-124.0897,46.8771],[-124.0893,46.8677],[-124.0762,46.8627],[-124.1091,46.8588],[-124.1063,46.8495],[-124.1132,46.8491],[-124.1344,46.9038],[-124.1382,46.9055]]]}},{"type":"Feature","properties":{"zipCode":"98585"},"geometry":{"type":"Polygon","coordinates":[[[-122.6257,46.5466],[-122.6158,46.5466],[-122.6055,46.5545],[-122.6051,46.561],[-122.573,46.5609],[-122.573,46.5681],[-122.553,46.5683],[-122.5723,46.56],[-122.5745,46.5442],[-122.5682,46.5408],[-122.554,46.5541],[-122.5364,46.5559],[-122.5381,46.5634],[-122.5095,46.586],[-122.4952,46.5869],[-122.4932,46.594],[-122.4792,46.5936],[-122.478,46.5983],[-122.4689,46.5941],[-122.4688,46.5898],[-122.4481,46.5891],[-122.4479,46.5751],[-122.4276,46.5751],[-122.4273,46.5614],[-122.3976,46.561],[-122.3981,46.5321],[-122.3879,46.532],[-122.3885,46.5257],[-122.4472,46.541],[-122.456,46.5347],[-122.4795,46.5514],[-122.4965,46.5507],[-122.5029,46.5569],[-122.5109,46.557],[-122.5381,46.5375],[-122.5575,46.5393],[-122.5659,46.516],[-122.5762,46.5061],[-122.5882,46.5033],[-122.59,46.5226],[-122.5955,46.5289],[-122.6058,46.5323],[-122.6058,46.539],[-122.615,46.5392],[-122.6185,46.5349],[-122.6258,46.5421],[-122.6257,46.5466]]]}},{"type":"Feature","properties":{"zipCode":"98601"},"geometry":{"type":"Polygon","coordinates":[[[-122.5564,45.9254],[-122.5208,45.9326],[-122.4976,45.9289],[-122.4934,45.9385],[-122.4518,45.9388],[-122.4522,45.9639],[-122.4318,45.9638],[-122.4289,45.9769],[-122.3985,45.9725],[-122.3729,45.9608],[-122.3867,45.9678],[-122.3834,45.9709],[-122.3872,45.9736],[-122.4039,45.9737],[-122.4174,45.9786],[-122.4146,45.9817],[-122.372,45.9787],[-122.3748,45.9679],[-122.3694,45.9766],[-122.349,45.9805],[-122.3485,45.967],[-122.3366,45.9673],[-122.3435,45.9615],[-122.3491,45.9656],[-122.349,45.9604],[-122.3357,45.9632],[-122.3515,45.9568],[-122.3461,45.9512],[-122.3477,45.9454],[-122.3411,45.9427],[-122.353,45.9314],[-122.4172,45.9112],[-122.4266,45.8996],[-122.4211,45.9136],[-122.4468,45.9111],[-122.4486,45.8957],[-122.4835,45.8983],[-122.5116,45.8919],[-122.5117,45.9009],[-122.53,45.901],[-122.5302,45.9045],[-122.5456,45.9028],[-122.5456,45.8956],[-122.556,45.8955],[-122.5562,45.9172],[-122.5564,45.9254]]]}},{"type":"Feature","properties":{"zipCode":"98628"},"geometry":{"type":"Polygon","coordinates":[[[-121.1747,45.8217],[-121.1453,45.8331],[-121.0968,45.839],[-121.0923,45.8312],[-121.0974,45.8262],[-121.0794,45.8376],[-121.0658,45.8396],[-121.0682,45.8521],[-121.0967,45.8639],[-121.1023,45.8757],[-121.1156,45.8852],[-121.1134,45.8968],[-121.0999,45.9017],[-121.0942,45.9135],[-121.0926,45.8831],[-121.0718,45.8829],[-121.0718,45.8687],[-121.0558,45.8687],[-121.0585,45.8646],[-121.0514,45.8552],[-121.0517,45.8252],[-121.083,45.8269],[-121.0927,45.8221],[-121.1136,45.8252],[-121.12,45.8178],[-121.1464,45.8215],[-121.1504,45.8151],[-121.1748,45.8099],[-121.1747,45.8217]]]}}]}